-- MySQL dump 10.13  Distrib 8.0.45, for Linux (x86_64)
--
-- Host: localhost    Database: sms
-- ------------------------------------------------------
-- Server version	8.0.45-0ubuntu0.24.04.1

/*!40101 SET @OLD_CHARACTER_SET_CLIENT=@@CHARACTER_SET_CLIENT */;
/*!40101 SET @OLD_CHARACTER_SET_RESULTS=@@CHARACTER_SET_RESULTS */;
/*!40101 SET @OLD_COLLATION_CONNECTION=@@COLLATION_CONNECTION */;
/*!50503 SET NAMES utf8mb4 */;
/*!40103 SET @OLD_TIME_ZONE=@@TIME_ZONE */;
/*!40103 SET TIME_ZONE='+00:00' */;
/*!40014 SET @OLD_UNIQUE_CHECKS=@@UNIQUE_CHECKS, UNIQUE_CHECKS=0 */;
/*!40014 SET @OLD_FOREIGN_KEY_CHECKS=@@FOREIGN_KEY_CHECKS, FOREIGN_KEY_CHECKS=0 */;
/*!40101 SET @OLD_SQL_MODE=@@SQL_MODE, SQL_MODE='NO_AUTO_VALUE_ON_ZERO' */;
/*!40111 SET @OLD_SQL_NOTES=@@SQL_NOTES, SQL_NOTES=0 */;

--
-- Table structure for table `addon_versions`
--

DROP TABLE IF EXISTS `addon_versions`;
/*!40101 SET @saved_cs_client     = @@character_set_client */;
/*!50503 SET character_set_client = utf8mb4 */;
CREATE TABLE `addon_versions` (
  `id` int NOT NULL AUTO_INCREMENT,
  `addon_id` int DEFAULT NULL,
  `version` varchar(10) DEFAULT NULL,
  `version_order` int DEFAULT NULL,
  `folder_path` text,
  `sort_description` text,
  `created_at` timestamp NOT NULL DEFAULT CURRENT_TIMESTAMP,
  `updated_at` timestamp NOT NULL DEFAULT CURRENT_TIMESTAMP ON UPDATE CURRENT_TIMESTAMP,
  PRIMARY KEY (`id`),
  KEY `addon_id` (`addon_id`),
  CONSTRAINT `addon_versions_ibfk_1` FOREIGN KEY (`addon_id`) REFERENCES `addons` (`id`) ON DELETE CASCADE
) ENGINE=InnoDB DEFAULT CHARSET=utf8mb3;
/*!40101 SET character_set_client = @saved_cs_client */;

--
-- Dumping data for table `addon_versions`
--

LOCK TABLES `addon_versions` WRITE;
/*!40000 ALTER TABLE `addon_versions` DISABLE KEYS */;
/*!40000 ALTER TABLE `addon_versions` ENABLE KEYS */;
UNLOCK TABLES;

--
-- Table structure for table `addons`
--

DROP TABLE IF EXISTS `addons`;
/*!40101 SET @saved_cs_client     = @@character_set_client */;
/*!50503 SET character_set_client = utf8mb4 */;
CREATE TABLE `addons` (
  `id` int NOT NULL AUTO_INCREMENT,
  `product_id` int NOT NULL,
  `image` text NOT NULL,
  `name` varchar(500) DEFAULT NULL,
  `config_name` varchar(200) NOT NULL DEFAULT '',
  `short_name` varchar(100) NOT NULL,
  `directory` varchar(500) NOT NULL,
  `description` text,
  `price` decimal(10,2) NOT NULL DEFAULT '0.00',
  `current_version` varchar(50) DEFAULT NULL,
  `article_link` text NOT NULL,
  `installation_by` int DEFAULT NULL,
  `uninstall_version` varchar(50) DEFAULT NULL,
  `unistall_by` int DEFAULT NULL,
  `addon_prod` text,
  `addon_ver` text,
  `last_update` datetime DEFAULT NULL,
  `current_stage` int NOT NULL DEFAULT '0' COMMENT '0 for buy addon,1 for folder available ready to install,2 for folder addon installed',
  `product_order` int DEFAULT NULL,
  `created_at` timestamp NOT NULL DEFAULT CURRENT_TIMESTAMP,
  `updated_at` timestamp NOT NULL DEFAULT CURRENT_TIMESTAMP ON UPDATE CURRENT_TIMESTAMP,
  PRIMARY KEY (`id`)
) ENGINE=InnoDB AUTO_INCREMENT=12 DEFAULT CHARSET=utf8mb3;
/*!40101 SET character_set_client = @saved_cs_client */;

--
-- Dumping data for table `addons`
--

LOCK TABLES `addons` WRITE;
/*!40000 ALTER TABLE `addons` DISABLE KEYS */;
INSERT INTO `addons` VALUES (1,47443722,'uploads/addon_images/sscbse_images.jpg','Smart School CBSE Examination','cbse-config','sscbse','cbse_examination','CBSE Examination addon adds CBSE Examination module in Smart School. Using this module teacher/staff can create and print marksheets with advance features.',0.00,NULL,'https://go.smart-school.in/cbse-exam',NULL,NULL,NULL,NULL,NULL,'2024-09-03 16:04:58',0,4,'2024-09-03 16:04:58','2025-03-03 05:32:37'),(2,44278049,'uploads/addon_images/sstfa_images.jpg','Smart School Two Factor Authentication','google-authenticate-config','sstfa','two_factor_authentication','Two Factor Authentication addon adds Two Factor Authentication module in Smart School. Using this module you can enhance login security of your Smart School users.',0.00,NULL,'https://go.smart-school.in/2fa',NULL,NULL,NULL,NULL,NULL,'2025-01-29 11:16:14',0,5,'2024-09-07 10:45:18','2025-03-03 05:32:28'),(3,44277916,'uploads/addon_images/ssmb_images.jpg','Smart School Multi Branch','multibranch-config','ssmb','multi_branch','Multi Branch addon adds Multi Branch module in Smart School. Using this module Superadmin user can add other any number of schools/branches.',0.00,NULL,'https://go.smart-school.in/multi-branch',NULL,NULL,NULL,NULL,NULL,'2025-01-29 11:16:15',0,6,'2024-09-07 10:45:18','2025-03-03 05:32:20'),(4,44247532,'uploads/addon_images/ssbr_images.jpg','Smart School Behaviour Records','behaviour-report-config','ssbr','behavior_records','Behaviour Records addon adds Behaviour Records module in Smart School. Using this module teacher/staff can create different incidents with positive/negative marks and then assign these incidents on students.',0.00,NULL,'https://go.smart-school.in/behaviour-records',NULL,NULL,NULL,NULL,NULL,'2025-01-29 11:16:19',0,7,'2024-09-07 10:45:42','2025-03-03 05:32:11'),(5,33101540,'uploads/addon_images/ssoclc_images.jpg','Smart School Online Course','onlinecourse-config','ssoclc','online_course','Online Course addon adds Online Course module in Smart School. Using this module teacher/staff can create free or paid online course with their study material based on video, audio or in document content format.',0.00,'5.0','https://go.smart-school.in/online-course',1,'5.0',1,NULL,NULL,'2026-04-22 12:44:37',0,8,'2024-09-07 10:45:42','2026-04-22 09:44:37'),(6,27492043,'uploads/addon_images/sszlc_images.jpg','Smart School Zoom Live Classes','zoom-config','sszlc','zoom_live_class','Zoom Live Class addon adds Zoom Live Class module in Smart School. Using this module teacher/staff can create live online classes using Zoom.us service. Further students can join these classes.',0.00,NULL,'https://go.smart-school.in/zoom',NULL,NULL,NULL,NULL,NULL,'2025-01-29 11:16:17',0,10,'2024-09-07 10:46:10','2025-03-03 05:31:49'),(7,28941973,'uploads/addon_images/ssglc_images.jpg','Smart School Gmeet Live Class','gmeet-config','ssglc','gmeet_live_class','Gmeet Live Class addon adds Gmeet Live Class module in Smart School. Using this module teacher/staff can create live online classes using http://meet.google.com service. Further students can join these classes.',0.00,NULL,'https://go.smart-school.in/gmeet',NULL,NULL,NULL,NULL,NULL,'2025-01-29 11:16:24',0,9,'2024-09-07 10:46:10','2025-03-03 05:31:33'),(8,50336584,'uploads/addon_images/ssqra_images.jpg','Smart School QR Code Attendance','qrattendance-config','ssqra','qr_code_attendance','QR Code Attendance addon adds automated Student/Staff attendance using QR/Barcode module in Smart School. Using this module Student/Staff can submit their attendance by just scanning their ID Card.',0.00,NULL,'https://go.smart-school.in/qr-attendance',NULL,NULL,NULL,NULL,NULL,'2025-01-28 22:28:58',0,3,'2025-01-13 13:10:06','2025-03-03 05:32:47'),(9,57220011,'uploads/addon_images/ssqfc_images.jpg','Smart School Quick Fees Create','quickfees-config','ssqfc','quick_fees_create','Quick Fees Create addon adds one click fees create feature in Smart School Fees Collection module. Using this you can create and assign fees on students in just few seconds and all Fees Category, Fees Groups, Fees Masters will be create automatically in your Smart School.',0.00,NULL,'https://go.smart-school.in/quick-fees',NULL,NULL,NULL,NULL,NULL,'2025-01-28 22:28:58',0,2,'2025-01-13 13:10:06','2025-03-03 05:33:00'),(10,57219905,'uploads/addon_images/sstpa_images.jpg','Smart School Thermal Print','thermalprint-config','sstpa','thermal_print','Thermal Print addon adds Thermal Printer compatible small size fees receipt print capability in Smart School. Using this module you can utilize modern cost effective fees receipt printing in Smart School.',0.00,NULL,'https://go.smart-school.in/thermal-print',NULL,NULL,NULL,NULL,NULL,'2025-01-30 10:28:42',0,1,'2025-01-13 13:10:06','2025-03-03 05:33:06'),(11,61574315,'uploads/addon_images/sswm_images.jpg','Smart School Whatsapp Messaging','whatsapp-messaging-config','sswm','whatsapp_messaging','Smart School WhatsApp Messaging addon adds WhatsApp messaging module in Smart School. Using this module you can send notification or direct messages to student/parent/staff WhatsApp number on their mobile.',0.00,NULL,'https://go.smart-school.in/whatsapp-messaging',NULL,NULL,NULL,NULL,NULL,'2025-12-15 12:18:16',0,0,'2025-01-13 12:10:06','2025-12-15 06:48:16');
/*!40000 ALTER TABLE `addons` ENABLE KEYS */;
UNLOCK TABLES;

--
-- Table structure for table `alumni_events`
--

DROP TABLE IF EXISTS `alumni_events`;
/*!40101 SET @saved_cs_client     = @@character_set_client */;
/*!50503 SET character_set_client = utf8mb4 */;
CREATE TABLE `alumni_events` (
  `id` int NOT NULL AUTO_INCREMENT,
  `title` text NOT NULL,
  `event_for` varchar(100) NOT NULL,
  `session_id` int DEFAULT NULL,
  `class_id` int DEFAULT NULL,
  `section` varchar(255) NOT NULL,
  `from_date` datetime NOT NULL,
  `to_date` datetime NOT NULL,
  `note` text NOT NULL,
  `photo` text,
  `is_active` int NOT NULL,
  `event_notification_message` text NOT NULL,
  `show_onwebsite` int NOT NULL,
  `created_at` timestamp NOT NULL DEFAULT CURRENT_TIMESTAMP,
  `updated_at` timestamp NOT NULL DEFAULT CURRENT_TIMESTAMP ON UPDATE CURRENT_TIMESTAMP,
  PRIMARY KEY (`id`),
  KEY `session_id` (`session_id`),
  KEY `class_id` (`class_id`),
  CONSTRAINT `alumni_events_ibfk_1` FOREIGN KEY (`session_id`) REFERENCES `sessions` (`id`) ON DELETE CASCADE,
  CONSTRAINT `alumni_events_ibfk_2` FOREIGN KEY (`class_id`) REFERENCES `classes` (`id`) ON DELETE CASCADE
) ENGINE=InnoDB AUTO_INCREMENT=2 DEFAULT CHARSET=utf8mb3;
/*!40101 SET character_set_client = @saved_cs_client */;

--
-- Dumping data for table `alumni_events`
--

LOCK TABLES `alumni_events` WRITE;
/*!40000 ALTER TABLE `alumni_events` DISABLE KEYS */;
INSERT INTO `alumni_events` VALUES (1,'culture day','all',NULL,NULL,'null','2026-05-15 00:00:00','2026-05-15 23:59:00','Students will participate in cultural performances, traditional dress displays, and food activities representing different cultures. Parents are welcome to attend.','1776938751-207186496769e9eeff44943!saudi_cultural_day_100x100.jpg',0,'Dear Parents,\r\nYou are invited to attend our Annual Cultural Day on 15th May 2026. Students will showcase cultural performances and activities. Your presence will be appreciated.',0,'2026-04-23 10:05:51','2026-04-23 10:05:51');
/*!40000 ALTER TABLE `alumni_events` ENABLE KEYS */;
UNLOCK TABLES;

--
-- Table structure for table `alumni_students`
--

DROP TABLE IF EXISTS `alumni_students`;
/*!40101 SET @saved_cs_client     = @@character_set_client */;
/*!50503 SET character_set_client = utf8mb4 */;
CREATE TABLE `alumni_students` (
  `id` int NOT NULL AUTO_INCREMENT,
  `student_id` int NOT NULL,
  `current_email` varchar(255) NOT NULL,
  `current_phone` varchar(255) NOT NULL,
  `occupation` text NOT NULL,
  `address` text NOT NULL,
  `photo` text,
  `created_at` timestamp NOT NULL DEFAULT CURRENT_TIMESTAMP,
  `updated_at` timestamp NOT NULL DEFAULT CURRENT_TIMESTAMP ON UPDATE CURRENT_TIMESTAMP,
  PRIMARY KEY (`id`),
  KEY `student_id` (`student_id`),
  CONSTRAINT `alumni_students_ibfk_1` FOREIGN KEY (`student_id`) REFERENCES `students` (`id`) ON DELETE CASCADE
) ENGINE=InnoDB DEFAULT CHARSET=utf8mb3;
/*!40101 SET character_set_client = @saved_cs_client */;

--
-- Dumping data for table `alumni_students`
--

LOCK TABLES `alumni_students` WRITE;
/*!40000 ALTER TABLE `alumni_students` DISABLE KEYS */;
/*!40000 ALTER TABLE `alumni_students` ENABLE KEYS */;
UNLOCK TABLES;

--
-- Table structure for table `annual_calendar`
--

DROP TABLE IF EXISTS `annual_calendar`;
/*!40101 SET @saved_cs_client     = @@character_set_client */;
/*!50503 SET character_set_client = utf8mb4 */;
CREATE TABLE `annual_calendar` (
  `id` int NOT NULL AUTO_INCREMENT,
  `session_id` int DEFAULT NULL,
  `holiday_type` int NOT NULL,
  `from_date` datetime DEFAULT NULL,
  `to_date` datetime DEFAULT NULL,
  `description` text NOT NULL,
  `is_active` int NOT NULL DEFAULT '1',
  `holiday_color` varchar(200) NOT NULL,
  `front_site` int NOT NULL DEFAULT '0',
  `created_by` int NOT NULL,
  `created_at` timestamp NOT NULL DEFAULT CURRENT_TIMESTAMP,
  `updated_at` timestamp NOT NULL DEFAULT CURRENT_TIMESTAMP ON UPDATE CURRENT_TIMESTAMP,
  PRIMARY KEY (`id`),
  KEY `session_id` (`session_id`),
  CONSTRAINT `annual_calendar_ibfk_1` FOREIGN KEY (`session_id`) REFERENCES `sessions` (`id`)
) ENGINE=InnoDB AUTO_INCREMENT=5 DEFAULT CHARSET=utf8mb3;
/*!40101 SET character_set_client = @saved_cs_client */;

--
-- Dumping data for table `annual_calendar`
--

LOCK TABLES `annual_calendar` WRITE;
/*!40000 ALTER TABLE `annual_calendar` DISABLE KEYS */;
INSERT INTO `annual_calendar` VALUES (1,21,1,'2026-09-23 00:00:00','2026-09-23 23:59:00','Saudi National Day Holiday',1,'#008000',1,1,'2026-04-21 16:39:58','2026-04-21 00:00:00'),(2,21,1,'2026-05-26 00:00:00','2026-04-29 23:59:00','Eid Al-Fitr Holidays',1,'#008000',1,1,'2026-04-21 16:40:35','2026-04-21 13:40:35'),(3,21,2,'2026-11-15 00:00:00','2026-11-20 23:59:00','Mid-Term Break',1,'#008000',0,1,'2026-04-21 16:41:39','2026-04-21 13:41:39'),(4,21,1,'2026-05-26 00:00:00','2026-05-29 23:59:00','Eid Al-Adha Holidays',1,'#008000',1,1,'2026-04-21 16:42:09','2026-04-21 00:00:00');
/*!40000 ALTER TABLE `annual_calendar` ENABLE KEYS */;
UNLOCK TABLES;

--
-- Table structure for table `api_session`
--

DROP TABLE IF EXISTS `api_session`;
/*!40101 SET @saved_cs_client     = @@character_set_client */;
/*!50503 SET character_set_client = utf8mb4 */;
CREATE TABLE `api_session` (
  `id` int NOT NULL AUTO_INCREMENT,
  `params` text NOT NULL,
  `createdat` timestamp NULL DEFAULT NULL,
  PRIMARY KEY (`id`)
) ENGINE=InnoDB DEFAULT CHARSET=utf8mb3;
/*!40101 SET character_set_client = @saved_cs_client */;

--
-- Dumping data for table `api_session`
--

LOCK TABLES `api_session` WRITE;
/*!40000 ALTER TABLE `api_session` DISABLE KEYS */;
/*!40000 ALTER TABLE `api_session` ENABLE KEYS */;
UNLOCK TABLES;

--
-- Table structure for table `attendence_type`
--

DROP TABLE IF EXISTS `attendence_type`;
/*!40101 SET @saved_cs_client     = @@character_set_client */;
/*!50503 SET character_set_client = utf8mb4 */;
CREATE TABLE `attendence_type` (
  `id` int NOT NULL AUTO_INCREMENT,
  `type` varchar(50) DEFAULT NULL,
  `key_value` varchar(50) NOT NULL,
  `long_lang_name` varchar(250) DEFAULT NULL,
  `long_name_style` varchar(250) DEFAULT NULL,
  `is_active` varchar(255) DEFAULT 'no',
  `for_qr_attendance` int NOT NULL DEFAULT '1',
  `for_schedule` int NOT NULL DEFAULT '0',
  `created_at` timestamp NOT NULL DEFAULT CURRENT_TIMESTAMP,
  `updated_at` timestamp NOT NULL DEFAULT CURRENT_TIMESTAMP ON UPDATE CURRENT_TIMESTAMP,
  PRIMARY KEY (`id`)
) ENGINE=InnoDB AUTO_INCREMENT=7 DEFAULT CHARSET=utf8mb3;
/*!40101 SET character_set_client = @saved_cs_client */;

--
-- Dumping data for table `attendence_type`
--

LOCK TABLES `attendence_type` WRITE;
/*!40000 ALTER TABLE `attendence_type` DISABLE KEYS */;
INSERT INTO `attendence_type` VALUES (1,'Present','<b class=\"text text-success\">P</b>','present','label label-success','yes',1,1,'2023-12-13 07:53:10','0000-00-00 00:00:00'),(2,'Late With Excuse','<b class=\"text text-warning\">E</b>','late_with_excuse','label label-warning text-dark','no',0,0,'2023-12-13 07:51:03','0000-00-00 00:00:00'),(3,'Late','<b class=\"text text-warning\">L</b>','late','label label-warning text-dark','yes',1,1,'2023-12-13 07:51:09','0000-00-00 00:00:00'),(4,'Absent','<b class=\"text text-danger\">A</b>','absent','label label-danger','yes',0,0,'2023-12-15 06:18:05','0000-00-00 00:00:00'),(5,'Holiday','H','holiday','label label-info','yes',0,0,'2023-12-14 12:57:13','0000-00-00 00:00:00'),(6,'Half Day','<b class=\"text text-warning\">F</b>','half_day','label label-warning text-dark','yes',1,1,'2023-12-15 06:18:37','0000-00-00 00:00:00');
/*!40000 ALTER TABLE `attendence_type` ENABLE KEYS */;
UNLOCK TABLES;

--
-- Table structure for table `aws_s3_settings`
--

DROP TABLE IF EXISTS `aws_s3_settings`;
/*!40101 SET @saved_cs_client     = @@character_set_client */;
/*!50503 SET character_set_client = utf8mb4 */;
CREATE TABLE `aws_s3_settings` (
  `id` int NOT NULL AUTO_INCREMENT,
  `api_key` varchar(250) DEFAULT NULL,
  `api_secret` varchar(250) DEFAULT NULL,
  `bucket_name` varchar(250) DEFAULT NULL,
  `region` varchar(250) DEFAULT NULL,
  PRIMARY KEY (`id`)
) ENGINE=InnoDB DEFAULT CHARSET=utf8mb3;
/*!40101 SET character_set_client = @saved_cs_client */;

--
-- Dumping data for table `aws_s3_settings`
--

LOCK TABLES `aws_s3_settings` WRITE;
/*!40000 ALTER TABLE `aws_s3_settings` DISABLE KEYS */;
/*!40000 ALTER TABLE `aws_s3_settings` ENABLE KEYS */;
UNLOCK TABLES;

--
-- Table structure for table `book_issues`
--

DROP TABLE IF EXISTS `book_issues`;
/*!40101 SET @saved_cs_client     = @@character_set_client */;
/*!50503 SET character_set_client = utf8mb4 */;
CREATE TABLE `book_issues` (
  `id` int NOT NULL AUTO_INCREMENT,
  `book_id` int NOT NULL,
  `member_id` int DEFAULT NULL,
  `duereturn_date` date DEFAULT NULL,
  `return_date` date DEFAULT NULL,
  `issue_date` date DEFAULT NULL,
  `is_returned` int DEFAULT '0',
  `is_active` varchar(10) NOT NULL DEFAULT 'no',
  `created_at` timestamp NOT NULL DEFAULT CURRENT_TIMESTAMP,
  `updated_at` timestamp NOT NULL DEFAULT CURRENT_TIMESTAMP ON UPDATE CURRENT_TIMESTAMP,
  PRIMARY KEY (`id`),
  KEY `book_id` (`book_id`),
  KEY `member_id` (`member_id`),
  CONSTRAINT `book_issues_ibfk_1` FOREIGN KEY (`book_id`) REFERENCES `books` (`id`) ON DELETE CASCADE,
  CONSTRAINT `book_issues_ibfk_2` FOREIGN KEY (`member_id`) REFERENCES `libarary_members` (`id`) ON DELETE CASCADE
) ENGINE=InnoDB AUTO_INCREMENT=8 DEFAULT CHARSET=utf8mb3;
/*!40101 SET character_set_client = @saved_cs_client */;

--
-- Dumping data for table `book_issues`
--

LOCK TABLES `book_issues` WRITE;
/*!40000 ALTER TABLE `book_issues` DISABLE KEYS */;
INSERT INTO `book_issues` VALUES (1,1,7,'2026-04-21',NULL,'2026-04-21',0,'no','2026-04-21 14:24:57','2026-04-21 14:24:57'),(2,2,7,'2026-04-21',NULL,'2026-04-21',0,'no','2026-04-21 14:25:03','2026-04-21 14:25:03'),(3,4,8,'2026-04-21',NULL,'2026-04-21',0,'no','2026-04-21 14:25:23','2026-04-21 14:25:23'),(4,5,8,'2026-04-21',NULL,'2026-04-21',0,'no','2026-04-21 14:25:28','2026-04-21 14:25:28'),(5,4,9,'2026-04-21',NULL,'2026-04-21',0,'no','2026-04-21 14:25:40','2026-04-21 14:25:40'),(6,1,9,'2026-04-21',NULL,'2026-04-21',0,'no','2026-04-21 14:25:45','2026-04-21 14:25:45'),(7,2,9,'2026-04-21',NULL,'2026-04-21',0,'no','2026-04-21 14:25:54','2026-04-21 14:25:54');
/*!40000 ALTER TABLE `book_issues` ENABLE KEYS */;
UNLOCK TABLES;

--
-- Table structure for table `books`
--

DROP TABLE IF EXISTS `books`;
/*!40101 SET @saved_cs_client     = @@character_set_client */;
/*!50503 SET character_set_client = utf8mb4 */;
CREATE TABLE `books` (
  `id` int NOT NULL AUTO_INCREMENT,
  `book_title` varchar(100) NOT NULL,
  `book_no` varchar(50) NOT NULL,
  `isbn_no` varchar(100) NOT NULL,
  `subject` varchar(100) DEFAULT NULL,
  `rack_no` varchar(100) NOT NULL,
  `publish` varchar(100) DEFAULT NULL,
  `author` varchar(100) DEFAULT NULL,
  `qty` int DEFAULT NULL,
  `perunitcost` decimal(10,2) DEFAULT NULL,
  `postdate` date DEFAULT NULL,
  `description` text,
  `available` varchar(10) DEFAULT 'yes',
  `is_active` varchar(255) DEFAULT 'no',
  `created_at` timestamp NOT NULL DEFAULT CURRENT_TIMESTAMP,
  `updated_at` timestamp NOT NULL DEFAULT CURRENT_TIMESTAMP ON UPDATE CURRENT_TIMESTAMP,
  PRIMARY KEY (`id`)
) ENGINE=InnoDB AUTO_INCREMENT=6 DEFAULT CHARSET=utf8mb3;
/*!40101 SET character_set_client = @saved_cs_client */;

--
-- Dumping data for table `books`
--

LOCK TABLES `books` WRITE;
/*!40000 ALTER TABLE `books` DISABLE KEYS */;
INSERT INTO `books` VALUES (1,'English Basics for Beginners','BK-001','9780439554930','English','R1-S1','Scholastic','J.K. Rowling',10,45.00,'2026-04-21','Basic English reading and writing book for Grade 1 students','yes','no','2026-04-21 14:21:06','2026-04-21 14:21:06'),(2,'Primary Mathematics Level 1','BK-002','9780199457233','Math','R1-S2','Oxford University Press','R.S. Aggarwal',8,50.00,'2026-04-21','Covers basic math concepts like numbers, addition, and subtraction','yes','no','2026-04-21 14:22:18','2026-04-21 14:22:18'),(3,'Arabic for Beginners','BK-003',' 9786031234567','Arabic',' R2-S1','Darussalam','Abdul Rahman',12,34.00,'2026-04-21','Beginner Arabic book covering alphabets and simple words.','yes','no','2026-04-21 14:23:01','2026-04-21 14:23:01'),(4,'Basic Science Concepts','BK-004','9788131701625','Science','R2-S2','Pearson',' V.K. Jain',12,21.00,'2026-04-21','Introduction to science topics like plants and animals','yes','no','2026-04-21 14:23:40','2026-04-21 14:23:40'),(5,'General Knowledge for Kids',' BK-005','9788174501234','General Knowledge','R3-S1','Manohar Pandey','Manohar Pandey',6,15.00,'2026-04-21',' Basic general knowledge book for primary students.','yes','no','2026-04-21 14:24:24','2026-04-21 14:24:24');
/*!40000 ALTER TABLE `books` ENABLE KEYS */;
UNLOCK TABLES;

--
-- Table structure for table `captcha`
--

DROP TABLE IF EXISTS `captcha`;
/*!40101 SET @saved_cs_client     = @@character_set_client */;
/*!50503 SET character_set_client = utf8mb4 */;
CREATE TABLE `captcha` (
  `id` int NOT NULL AUTO_INCREMENT,
  `name` varchar(250) NOT NULL,
  `status` int NOT NULL,
  `created_at` timestamp NOT NULL DEFAULT CURRENT_TIMESTAMP,
  `updated_at` timestamp NOT NULL DEFAULT CURRENT_TIMESTAMP ON UPDATE CURRENT_TIMESTAMP,
  PRIMARY KEY (`id`)
) ENGINE=InnoDB AUTO_INCREMENT=7 DEFAULT CHARSET=utf8mb3;
/*!40101 SET character_set_client = @saved_cs_client */;

--
-- Dumping data for table `captcha`
--

LOCK TABLES `captcha` WRITE;
/*!40000 ALTER TABLE `captcha` DISABLE KEYS */;
INSERT INTO `captcha` VALUES (1,'userlogin',0,'2021-01-19 08:10:29','2025-12-27 07:45:37'),(2,'login',0,'2021-01-19 08:10:31','2026-04-21 10:29:17'),(3,'admission',0,'2021-01-19 04:48:11','2025-12-27 07:45:37'),(4,'complain',0,'2021-01-19 04:48:13','2025-12-27 07:45:37'),(5,'contact_us',0,'2021-01-19 04:48:15','2025-12-27 07:45:37'),(6,'guest_login_signup',0,'2022-12-07 07:11:31','2026-04-22 09:44:29');
/*!40000 ALTER TABLE `captcha` ENABLE KEYS */;
UNLOCK TABLES;

--
-- Table structure for table `categories`
--

DROP TABLE IF EXISTS `categories`;
/*!40101 SET @saved_cs_client     = @@character_set_client */;
/*!50503 SET character_set_client = utf8mb4 */;
CREATE TABLE `categories` (
  `id` int NOT NULL AUTO_INCREMENT,
  `category` varchar(100) DEFAULT NULL,
  `is_active` varchar(255) DEFAULT 'no',
  `created_at` timestamp NOT NULL DEFAULT CURRENT_TIMESTAMP,
  `updated_at` timestamp NOT NULL DEFAULT CURRENT_TIMESTAMP ON UPDATE CURRENT_TIMESTAMP,
  PRIMARY KEY (`id`)
) ENGINE=InnoDB AUTO_INCREMENT=5 DEFAULT CHARSET=utf8mb3;
/*!40101 SET character_set_client = @saved_cs_client */;

--
-- Dumping data for table `categories`
--

LOCK TABLES `categories` WRITE;
/*!40000 ALTER TABLE `categories` DISABLE KEYS */;
INSERT INTO `categories` VALUES (1,'General','no','2026-04-21 07:18:17','2026-04-21 07:18:17'),(2,'OBC','no','2026-04-21 07:18:25','2026-04-21 07:18:25'),(3,'Special Needs','no','2026-04-21 07:18:34','2026-04-21 07:18:34'),(4,'Staff Child','no','2026-04-21 07:18:42','2026-04-21 07:18:42');
/*!40000 ALTER TABLE `categories` ENABLE KEYS */;
UNLOCK TABLES;

--
-- Table structure for table `certificates`
--

DROP TABLE IF EXISTS `certificates`;
/*!40101 SET @saved_cs_client     = @@character_set_client */;
/*!50503 SET character_set_client = utf8mb4 */;
CREATE TABLE `certificates` (
  `id` int NOT NULL AUTO_INCREMENT,
  `certificate_name` varchar(100) NOT NULL,
  `certificate_text` text NOT NULL,
  `left_header` varchar(100) NOT NULL,
  `center_header` varchar(100) NOT NULL,
  `right_header` varchar(100) NOT NULL,
  `left_footer` varchar(100) NOT NULL,
  `right_footer` varchar(100) NOT NULL,
  `center_footer` varchar(100) NOT NULL,
  `background_image` text,
  `created_for` tinyint(1) NOT NULL COMMENT '1 = staff, 2 = students',
  `status` tinyint(1) NOT NULL,
  `header_height` int NOT NULL,
  `content_height` int NOT NULL,
  `footer_height` int NOT NULL,
  `content_width` int NOT NULL,
  `enable_student_image` tinyint(1) NOT NULL COMMENT '0=no,1=yes',
  `enable_image_height` int NOT NULL,
  `created_at` timestamp NOT NULL DEFAULT CURRENT_TIMESTAMP,
  `updated_at` timestamp NOT NULL DEFAULT CURRENT_TIMESTAMP ON UPDATE CURRENT_TIMESTAMP,
  PRIMARY KEY (`id`)
) ENGINE=InnoDB AUTO_INCREMENT=2 DEFAULT CHARSET=utf8mb3;
/*!40101 SET character_set_client = @saved_cs_client */;

--
-- Dumping data for table `certificates`
--

LOCK TABLES `certificates` WRITE;
/*!40000 ALTER TABLE `certificates` DISABLE KEYS */;
INSERT INTO `certificates` VALUES (1,'Sample Transfer Certificate','This is certify that <b>[name]</b> has born on [dob]  <br> and have following details [present_address] [guardian] [created_at] [admission_no] [roll_no] [class] [section] [gender] [admission_date] [category] [cast] [father_name] [mother_name] [religion] [email] [phone] .<br>We wish best of luck for future endeavors.','Reff. No.....1111111.........','To Whomever It May Concern','Date: _10__/_10__/__2019__','.................................<br>admin','.................................<br>principal','.................................<br>admin','sampletc121.png',2,1,360,400,480,810,1,230,'2019-12-21 15:14:34','0000-00-00 00:00:00');
/*!40000 ALTER TABLE `certificates` ENABLE KEYS */;
UNLOCK TABLES;

--
-- Table structure for table `chat_connections`
--

DROP TABLE IF EXISTS `chat_connections`;
/*!40101 SET @saved_cs_client     = @@character_set_client */;
/*!50503 SET character_set_client = utf8mb4 */;
CREATE TABLE `chat_connections` (
  `id` int NOT NULL AUTO_INCREMENT,
  `chat_user_one` int NOT NULL,
  `chat_user_two` int NOT NULL,
  `ip` varchar(30) DEFAULT NULL,
  `time` int DEFAULT NULL,
  `created_at` timestamp NOT NULL DEFAULT CURRENT_TIMESTAMP,
  `updated_at` timestamp NOT NULL DEFAULT CURRENT_TIMESTAMP ON UPDATE CURRENT_TIMESTAMP,
  PRIMARY KEY (`id`),
  KEY `chat_user_one` (`chat_user_one`),
  KEY `chat_user_two` (`chat_user_two`),
  CONSTRAINT `chat_connections_ibfk_1` FOREIGN KEY (`chat_user_one`) REFERENCES `chat_users` (`id`) ON DELETE CASCADE,
  CONSTRAINT `chat_connections_ibfk_2` FOREIGN KEY (`chat_user_two`) REFERENCES `chat_users` (`id`) ON DELETE CASCADE
) ENGINE=InnoDB DEFAULT CHARSET=utf8mb3;
/*!40101 SET character_set_client = @saved_cs_client */;

--
-- Dumping data for table `chat_connections`
--

LOCK TABLES `chat_connections` WRITE;
/*!40000 ALTER TABLE `chat_connections` DISABLE KEYS */;
/*!40000 ALTER TABLE `chat_connections` ENABLE KEYS */;
UNLOCK TABLES;

--
-- Table structure for table `chat_messages`
--

DROP TABLE IF EXISTS `chat_messages`;
/*!40101 SET @saved_cs_client     = @@character_set_client */;
/*!50503 SET character_set_client = utf8mb4 */;
CREATE TABLE `chat_messages` (
  `id` int NOT NULL AUTO_INCREMENT,
  `message` text,
  `chat_user_id` int NOT NULL,
  `ip` varchar(30) NOT NULL,
  `time` int NOT NULL,
  `is_first` int DEFAULT '0',
  `is_read` int NOT NULL DEFAULT '0',
  `chat_connection_id` int NOT NULL,
  `created_at` datetime DEFAULT NULL,
  `updated_at` timestamp NOT NULL DEFAULT CURRENT_TIMESTAMP ON UPDATE CURRENT_TIMESTAMP,
  PRIMARY KEY (`id`),
  KEY `chat_user_id` (`chat_user_id`),
  KEY `chat_connection_id` (`chat_connection_id`),
  CONSTRAINT `chat_messages_ibfk_1` FOREIGN KEY (`chat_user_id`) REFERENCES `chat_users` (`id`) ON DELETE CASCADE,
  CONSTRAINT `chat_messages_ibfk_2` FOREIGN KEY (`chat_connection_id`) REFERENCES `chat_connections` (`id`) ON DELETE CASCADE
) ENGINE=InnoDB DEFAULT CHARSET=utf8mb3;
/*!40101 SET character_set_client = @saved_cs_client */;

--
-- Dumping data for table `chat_messages`
--

LOCK TABLES `chat_messages` WRITE;
/*!40000 ALTER TABLE `chat_messages` DISABLE KEYS */;
/*!40000 ALTER TABLE `chat_messages` ENABLE KEYS */;
UNLOCK TABLES;

--
-- Table structure for table `chat_users`
--

DROP TABLE IF EXISTS `chat_users`;
/*!40101 SET @saved_cs_client     = @@character_set_client */;
/*!50503 SET character_set_client = utf8mb4 */;
CREATE TABLE `chat_users` (
  `id` int NOT NULL AUTO_INCREMENT,
  `user_type` varchar(20) DEFAULT NULL,
  `staff_id` int DEFAULT NULL,
  `student_id` int DEFAULT NULL,
  `create_staff_id` int DEFAULT NULL,
  `create_student_id` int DEFAULT NULL,
  `is_active` int DEFAULT '0',
  `created_at` timestamp NOT NULL DEFAULT CURRENT_TIMESTAMP,
  `updated_at` timestamp NOT NULL DEFAULT CURRENT_TIMESTAMP ON UPDATE CURRENT_TIMESTAMP,
  PRIMARY KEY (`id`),
  KEY `staff_id` (`staff_id`),
  KEY `student_id` (`student_id`),
  KEY `create_staff_id` (`create_staff_id`),
  KEY `create_student_id` (`create_student_id`),
  CONSTRAINT `chat_users_ibfk_1` FOREIGN KEY (`staff_id`) REFERENCES `staff` (`id`) ON DELETE CASCADE,
  CONSTRAINT `chat_users_ibfk_2` FOREIGN KEY (`student_id`) REFERENCES `students` (`id`) ON DELETE CASCADE,
  CONSTRAINT `chat_users_ibfk_3` FOREIGN KEY (`create_staff_id`) REFERENCES `staff` (`id`) ON DELETE CASCADE,
  CONSTRAINT `chat_users_ibfk_4` FOREIGN KEY (`create_student_id`) REFERENCES `students` (`id`) ON DELETE CASCADE
) ENGINE=InnoDB DEFAULT CHARSET=utf8mb3;
/*!40101 SET character_set_client = @saved_cs_client */;

--
-- Dumping data for table `chat_users`
--

LOCK TABLES `chat_users` WRITE;
/*!40000 ALTER TABLE `chat_users` DISABLE KEYS */;
/*!40000 ALTER TABLE `chat_users` ENABLE KEYS */;
UNLOCK TABLES;

--
-- Table structure for table `class_section_times`
--

DROP TABLE IF EXISTS `class_section_times`;
/*!40101 SET @saved_cs_client     = @@character_set_client */;
/*!50503 SET character_set_client = utf8mb4 */;
CREATE TABLE `class_section_times` (
  `id` int NOT NULL AUTO_INCREMENT,
  `class_section_id` int DEFAULT NULL,
  `time` time DEFAULT NULL,
  `created_at` timestamp NOT NULL DEFAULT CURRENT_TIMESTAMP,
  `updated_at` timestamp NOT NULL DEFAULT CURRENT_TIMESTAMP ON UPDATE CURRENT_TIMESTAMP,
  PRIMARY KEY (`id`),
  KEY `class_section_id` (`class_section_id`),
  CONSTRAINT `class_section_times_ibfk_1` FOREIGN KEY (`class_section_id`) REFERENCES `class_sections` (`id`) ON DELETE CASCADE
) ENGINE=InnoDB DEFAULT CHARSET=utf8mb3;
/*!40101 SET character_set_client = @saved_cs_client */;

--
-- Dumping data for table `class_section_times`
--

LOCK TABLES `class_section_times` WRITE;
/*!40000 ALTER TABLE `class_section_times` DISABLE KEYS */;
/*!40000 ALTER TABLE `class_section_times` ENABLE KEYS */;
UNLOCK TABLES;

--
-- Table structure for table `class_sections`
--

DROP TABLE IF EXISTS `class_sections`;
/*!40101 SET @saved_cs_client     = @@character_set_client */;
/*!50503 SET character_set_client = utf8mb4 */;
CREATE TABLE `class_sections` (
  `id` int NOT NULL AUTO_INCREMENT,
  `class_id` int DEFAULT NULL,
  `section_id` int DEFAULT NULL,
  `is_active` varchar(255) DEFAULT 'no',
  `created_at` timestamp NOT NULL DEFAULT CURRENT_TIMESTAMP,
  `updated_at` timestamp NOT NULL DEFAULT CURRENT_TIMESTAMP ON UPDATE CURRENT_TIMESTAMP,
  PRIMARY KEY (`id`),
  KEY `class_id` (`class_id`),
  KEY `section_id` (`section_id`),
  CONSTRAINT `class_sections_ibfk_1` FOREIGN KEY (`class_id`) REFERENCES `classes` (`id`) ON DELETE CASCADE,
  CONSTRAINT `class_sections_ibfk_2` FOREIGN KEY (`section_id`) REFERENCES `sections` (`id`) ON DELETE CASCADE
) ENGINE=InnoDB AUTO_INCREMENT=10 DEFAULT CHARSET=utf8mb3;
/*!40101 SET character_set_client = @saved_cs_client */;

--
-- Dumping data for table `class_sections`
--

LOCK TABLES `class_sections` WRITE;
/*!40000 ALTER TABLE `class_sections` DISABLE KEYS */;
INSERT INTO `class_sections` VALUES (1,1,1,'no','2026-04-16 19:57:29','2026-04-16 19:57:29'),(2,1,2,'no','2026-04-16 19:57:29','2026-04-16 19:57:29'),(3,1,3,'no','2026-04-16 19:57:29','2026-04-16 19:57:29'),(4,2,1,'no','2026-04-16 19:57:41','2026-04-16 19:57:41'),(5,2,2,'no','2026-04-16 19:57:41','2026-04-16 19:57:41'),(6,2,3,'no','2026-04-16 19:57:41','2026-04-16 19:57:41');
/*!40000 ALTER TABLE `class_sections` ENABLE KEYS */;
UNLOCK TABLES;

--
-- Table structure for table `class_teacher`
--

DROP TABLE IF EXISTS `class_teacher`;
/*!40101 SET @saved_cs_client     = @@character_set_client */;
/*!50503 SET character_set_client = utf8mb4 */;
CREATE TABLE `class_teacher` (
  `id` int NOT NULL AUTO_INCREMENT,
  `session_id` int NOT NULL,
  `class_id` int NOT NULL,
  `section_id` int NOT NULL,
  `staff_id` int NOT NULL,
  PRIMARY KEY (`id`),
  KEY `class_id` (`class_id`),
  KEY `section_id` (`section_id`),
  KEY `session_id` (`session_id`),
  KEY `staff_id` (`staff_id`),
  CONSTRAINT `class_teacher_ibfk_1` FOREIGN KEY (`class_id`) REFERENCES `classes` (`id`) ON DELETE CASCADE,
  CONSTRAINT `class_teacher_ibfk_2` FOREIGN KEY (`section_id`) REFERENCES `sections` (`id`) ON DELETE CASCADE,
  CONSTRAINT `class_teacher_ibfk_3` FOREIGN KEY (`session_id`) REFERENCES `sessions` (`id`) ON DELETE CASCADE,
  CONSTRAINT `class_teacher_ibfk_4` FOREIGN KEY (`staff_id`) REFERENCES `staff` (`id`) ON DELETE CASCADE
) ENGINE=InnoDB AUTO_INCREMENT=12 DEFAULT CHARSET=utf8mb3;
/*!40101 SET character_set_client = @saved_cs_client */;

--
-- Dumping data for table `class_teacher`
--

LOCK TABLES `class_teacher` WRITE;
/*!40000 ALTER TABLE `class_teacher` DISABLE KEYS */;
INSERT INTO `class_teacher` VALUES (3,21,1,1,3),(4,21,2,1,2),(6,21,1,2,2),(7,21,1,3,4),(8,21,2,2,4),(9,21,2,3,2);
/*!40000 ALTER TABLE `class_teacher` ENABLE KEYS */;
UNLOCK TABLES;

--
-- Table structure for table `classes`
--

DROP TABLE IF EXISTS `classes`;
/*!40101 SET @saved_cs_client     = @@character_set_client */;
/*!50503 SET character_set_client = utf8mb4 */;
CREATE TABLE `classes` (
  `id` int NOT NULL AUTO_INCREMENT,
  `class` varchar(60) DEFAULT NULL,
  `is_active` varchar(255) DEFAULT 'no',
  `created_at` timestamp NOT NULL DEFAULT CURRENT_TIMESTAMP,
  `updated_at` timestamp NOT NULL DEFAULT CURRENT_TIMESTAMP ON UPDATE CURRENT_TIMESTAMP,
  PRIMARY KEY (`id`)
) ENGINE=InnoDB AUTO_INCREMENT=4 DEFAULT CHARSET=utf8mb3;
/*!40101 SET character_set_client = @saved_cs_client */;

--
-- Dumping data for table `classes`
--

LOCK TABLES `classes` WRITE;
/*!40000 ALTER TABLE `classes` DISABLE KEYS */;
INSERT INTO `classes` VALUES (1,'Grade 1','no','2026-04-16 19:57:29','2026-04-16 19:57:29'),(2,'Grade 2','no','2026-04-16 19:57:41','2026-04-21 07:19:35');
/*!40000 ALTER TABLE `classes` ENABLE KEYS */;
UNLOCK TABLES;

--
-- Table structure for table `complaint`
--

DROP TABLE IF EXISTS `complaint`;
/*!40101 SET @saved_cs_client     = @@character_set_client */;
/*!50503 SET character_set_client = utf8mb4 */;
CREATE TABLE `complaint` (
  `id` int NOT NULL AUTO_INCREMENT,
  `complaint_type` varchar(255) NOT NULL,
  `source` varchar(255) NOT NULL,
  `name` varchar(100) NOT NULL,
  `contact` varchar(15) NOT NULL,
  `email` varchar(200) NOT NULL,
  `date` date NOT NULL,
  `description` text NOT NULL,
  `action_taken` varchar(200) NOT NULL,
  `assigned` varchar(50) NOT NULL,
  `note` text NOT NULL,
  `image` text,
  `created_at` timestamp NOT NULL DEFAULT CURRENT_TIMESTAMP,
  `updated_at` timestamp NOT NULL DEFAULT CURRENT_TIMESTAMP ON UPDATE CURRENT_TIMESTAMP,
  PRIMARY KEY (`id`)
) ENGINE=InnoDB AUTO_INCREMENT=4 DEFAULT CHARSET=utf8mb3;
/*!40101 SET character_set_client = @saved_cs_client */;

--
-- Dumping data for table `complaint`
--

LOCK TABLES `complaint` WRITE;
/*!40000 ALTER TABLE `complaint` DISABLE KEYS */;
INSERT INTO `complaint` VALUES (1,'Transport Issue ','Walk-in','Abdullah Al Harbi','+966501112233','','2026-04-21','School bus is arriving late by 20 minutes daily\r\n','Transport department informed and route timing adjusted','Fatima al Qahatani','',NULL,'2026-04-21 06:42:03','2026-04-21 06:42:03'),(2,'Fee Issue','Walk-in','Fatima Al Qahtani','+966501112235','','2026-04-21','Confusion regarding fee installment and discount policy','Explained fee structure and provided printed breakdown','ahmed al dosari','Explained fee structure and provided printed breakdown',NULL,'2026-04-21 06:43:07','2026-04-21 06:43:07'),(3,'Facility Issue ','Walk-in','Khalid Al Mutairi','+966501112253','','2026-04-21','Concern about student performance and lack of feedback\r\n','Scheduled meeting with class teacher','ahmed ali','Scheduled meeting with class teacher',NULL,'2026-04-21 06:44:26','2026-04-21 06:44:26');
/*!40000 ALTER TABLE `complaint` ENABLE KEYS */;
UNLOCK TABLES;

--
-- Table structure for table `complaint_type`
--

DROP TABLE IF EXISTS `complaint_type`;
/*!40101 SET @saved_cs_client     = @@character_set_client */;
/*!50503 SET character_set_client = utf8mb4 */;
CREATE TABLE `complaint_type` (
  `id` int NOT NULL AUTO_INCREMENT,
  `complaint_type` varchar(100) NOT NULL,
  `description` text NOT NULL,
  `created_at` timestamp NOT NULL DEFAULT CURRENT_TIMESTAMP,
  `updated_at` timestamp NOT NULL DEFAULT CURRENT_TIMESTAMP ON UPDATE CURRENT_TIMESTAMP,
  PRIMARY KEY (`id`)
) ENGINE=InnoDB AUTO_INCREMENT=9 DEFAULT CHARSET=utf8mb3;
/*!40101 SET character_set_client = @saved_cs_client */;

--
-- Dumping data for table `complaint_type`
--

LOCK TABLES `complaint_type` WRITE;
/*!40000 ALTER TABLE `complaint_type` DISABLE KEYS */;
INSERT INTO `complaint_type` VALUES (1,'Academic Issue ','','2026-04-16 11:12:04','2026-04-16 11:12:04'),(2,'Teacher Behavior','','2026-04-16 11:12:22','2026-04-16 11:12:22'),(3,'Transport Issue ','','2026-04-16 11:12:40','2026-04-16 11:12:40'),(4,'Fee Issue','','2026-04-16 11:12:57','2026-04-16 11:12:57'),(5,'Facility Issue ','','2026-04-16 11:13:09','2026-04-16 11:13:09'),(6,'Discipline Issue ','','2026-04-16 11:13:22','2026-04-16 11:13:22'),(7,'Administration Issue','','2026-04-16 11:13:30','2026-04-16 11:13:30'),(8,'Technical Issue','','2026-04-16 11:13:37','2026-04-16 11:13:37');
/*!40000 ALTER TABLE `complaint_type` ENABLE KEYS */;
UNLOCK TABLES;

--
-- Table structure for table `content_for`
--

DROP TABLE IF EXISTS `content_for`;
/*!40101 SET @saved_cs_client     = @@character_set_client */;
/*!50503 SET character_set_client = utf8mb4 */;
CREATE TABLE `content_for` (
  `id` int NOT NULL AUTO_INCREMENT,
  `role` varchar(50) DEFAULT NULL,
  `content_id` int DEFAULT NULL,
  `user_id` int DEFAULT NULL,
  `created_at` timestamp NOT NULL DEFAULT CURRENT_TIMESTAMP,
  `updated_at` timestamp NOT NULL DEFAULT CURRENT_TIMESTAMP ON UPDATE CURRENT_TIMESTAMP,
  PRIMARY KEY (`id`),
  KEY `content_id` (`content_id`),
  KEY `user_id` (`user_id`),
  CONSTRAINT `content_for_ibfk_1` FOREIGN KEY (`content_id`) REFERENCES `contents` (`id`) ON DELETE CASCADE,
  CONSTRAINT `content_for_ibfk_2` FOREIGN KEY (`user_id`) REFERENCES `users` (`id`) ON DELETE CASCADE
) ENGINE=InnoDB DEFAULT CHARSET=utf8mb3;
/*!40101 SET character_set_client = @saved_cs_client */;

--
-- Dumping data for table `content_for`
--

LOCK TABLES `content_for` WRITE;
/*!40000 ALTER TABLE `content_for` DISABLE KEYS */;
/*!40000 ALTER TABLE `content_for` ENABLE KEYS */;
UNLOCK TABLES;

--
-- Table structure for table `content_types`
--

DROP TABLE IF EXISTS `content_types`;
/*!40101 SET @saved_cs_client     = @@character_set_client */;
/*!50503 SET character_set_client = utf8mb4 */;
CREATE TABLE `content_types` (
  `id` int NOT NULL AUTO_INCREMENT,
  `name` varchar(200) DEFAULT NULL,
  `description` text,
  `is_active` int DEFAULT '1',
  `created_at` timestamp NOT NULL DEFAULT CURRENT_TIMESTAMP,
  `updated_at` timestamp NOT NULL DEFAULT CURRENT_TIMESTAMP ON UPDATE CURRENT_TIMESTAMP,
  PRIMARY KEY (`id`)
) ENGINE=InnoDB AUTO_INCREMENT=10 DEFAULT CHARSET=utf8mb3;
/*!40101 SET character_set_client = @saved_cs_client */;

--
-- Dumping data for table `content_types`
--

LOCK TABLES `content_types` WRITE;
/*!40000 ALTER TABLE `content_types` DISABLE KEYS */;
INSERT INTO `content_types` VALUES (1,'Study Material','Learning materials including notes, guides, and subject resources for students.',1,'2026-04-21 13:59:02','2026-04-21 14:00:45'),(2,'Homework','Daily homework assignments provided by teachers for practice and revision.',1,'2026-04-21 13:59:13','2026-04-21 14:01:05'),(3,'Assignment','Structured tasks or projects given to students for evaluation and learning',1,'2026-04-21 13:59:24','2026-04-21 14:01:15'),(4,'Class Notes','Notes prepared by teachers covering lessons taught in class.',1,'2026-04-21 13:59:30','2026-04-21 14:01:24'),(5,'Worksheet','Practice sheets containing exercises and questions for students.',1,'2026-04-21 13:59:36','2026-04-21 14:01:35'),(6,'Video Tutorial','Educational video content for better understanding of lessons.',1,'2026-04-21 14:01:44','2026-04-21 14:01:44'),(7,'Notice','Official announcements, circulars, and important school updates.',1,'2026-04-21 14:01:52','2026-04-21 14:01:52'),(8,'Project Work','Assignments requiring research, creativity, and presentation by students.',1,'2026-04-21 14:02:05','2026-04-21 14:02:05'),(9,'Miscellaneous','Other documents or materials not categorized under specific types.',1,'2026-04-21 14:02:28','2026-04-21 14:02:28');
/*!40000 ALTER TABLE `content_types` ENABLE KEYS */;
UNLOCK TABLES;

--
-- Table structure for table `contents`
--

DROP TABLE IF EXISTS `contents`;
/*!40101 SET @saved_cs_client     = @@character_set_client */;
/*!50503 SET character_set_client = utf8mb4 */;
CREATE TABLE `contents` (
  `id` int NOT NULL AUTO_INCREMENT,
  `title` varchar(100) DEFAULT NULL,
  `type` varchar(50) DEFAULT NULL,
  `is_public` varchar(10) DEFAULT 'No',
  `class_id` int DEFAULT NULL,
  `cls_sec_id` int DEFAULT NULL,
  `file` varchar(250) DEFAULT NULL,
  `date` date NOT NULL,
  `note` text,
  `is_active` varchar(255) DEFAULT 'no',
  `created_by` int NOT NULL,
  `created_at` timestamp NOT NULL DEFAULT CURRENT_TIMESTAMP,
  `updated_at` timestamp NOT NULL DEFAULT CURRENT_TIMESTAMP ON UPDATE CURRENT_TIMESTAMP,
  PRIMARY KEY (`id`),
  KEY `created_by` (`created_by`),
  KEY `class_id` (`class_id`),
  KEY `cls_sec_id` (`cls_sec_id`),
  CONSTRAINT `contents_ibfk_1` FOREIGN KEY (`created_by`) REFERENCES `staff` (`id`) ON DELETE CASCADE,
  CONSTRAINT `contents_ibfk_2` FOREIGN KEY (`class_id`) REFERENCES `classes` (`id`) ON DELETE CASCADE,
  CONSTRAINT `contents_ibfk_3` FOREIGN KEY (`cls_sec_id`) REFERENCES `class_sections` (`id`) ON DELETE CASCADE
) ENGINE=InnoDB DEFAULT CHARSET=utf8mb3;
/*!40101 SET character_set_client = @saved_cs_client */;

--
-- Dumping data for table `contents`
--

LOCK TABLES `contents` WRITE;
/*!40000 ALTER TABLE `contents` DISABLE KEYS */;
/*!40000 ALTER TABLE `contents` ENABLE KEYS */;
UNLOCK TABLES;

--
-- Table structure for table `course_category`
--

DROP TABLE IF EXISTS `course_category`;
/*!40101 SET @saved_cs_client     = @@character_set_client */;
/*!50503 SET character_set_client = utf8mb4 */;
CREATE TABLE `course_category` (
  `id` int NOT NULL AUTO_INCREMENT,
  `category_name` varchar(255) DEFAULT NULL,
  `slug` varchar(255) DEFAULT NULL,
  `is_active` int DEFAULT NULL,
  PRIMARY KEY (`id`)
) ENGINE=InnoDB AUTO_INCREMENT=6 DEFAULT CHARSET=utf8mb3;
/*!40101 SET character_set_client = @saved_cs_client */;

--
-- Dumping data for table `course_category`
--

LOCK TABLES `course_category` WRITE;
/*!40000 ALTER TABLE `course_category` DISABLE KEYS */;
INSERT INTO `course_category` VALUES (1,'Math',NULL,NULL),(2,'English',NULL,NULL),(3,'Arabic',NULL,NULL),(4,'Physic',NULL,NULL),(5,'Chemistry',NULL,NULL);
/*!40000 ALTER TABLE `course_category` ENABLE KEYS */;
UNLOCK TABLES;

--
-- Table structure for table `course_lesson_quiz_order`
--

DROP TABLE IF EXISTS `course_lesson_quiz_order`;
/*!40101 SET @saved_cs_client     = @@character_set_client */;
/*!50503 SET character_set_client = utf8mb4 */;
CREATE TABLE `course_lesson_quiz_order` (
  `id` int NOT NULL AUTO_INCREMENT,
  `type` varchar(10) DEFAULT NULL,
  `course_section_id` int DEFAULT NULL,
  `lesson_quiz_id` int DEFAULT NULL,
  `order` int DEFAULT NULL,
  PRIMARY KEY (`id`),
  KEY `section_id` (`course_section_id`),
  CONSTRAINT `course_lesson_quiz_order_ibfk_1` FOREIGN KEY (`course_section_id`) REFERENCES `online_course_section` (`id`)
) ENGINE=InnoDB AUTO_INCREMENT=32 DEFAULT CHARSET=utf8mb3;
/*!40101 SET character_set_client = @saved_cs_client */;

--
-- Dumping data for table `course_lesson_quiz_order`
--

LOCK TABLES `course_lesson_quiz_order` WRITE;
/*!40000 ALTER TABLE `course_lesson_quiz_order` DISABLE KEYS */;
INSERT INTO `course_lesson_quiz_order` VALUES (1,'lesson',1,1,NULL),(2,'lesson',2,2,NULL),(3,'lesson',3,3,NULL),(4,'lesson',4,4,NULL),(5,'lesson',5,5,NULL),(7,'lesson',5,7,NULL),(8,'lesson',6,8,NULL),(9,'lesson',7,9,NULL),(10,'lesson',8,10,NULL),(11,'lesson',9,11,NULL),(12,'lesson',10,12,NULL),(13,'lesson',11,13,NULL),(14,'lesson',12,14,NULL),(15,'lesson',13,15,NULL),(16,'lesson',14,16,NULL),(17,'lesson',15,17,NULL),(18,'quiz',13,1,NULL),(19,'exam',14,1,NULL),(20,'exam',15,2,NULL),(21,'exam',10,3,NULL),(22,'assignment',11,1,NULL),(23,'exam',12,4,NULL),(24,'assignment',7,2,NULL),(25,'exam',9,5,NULL),(26,'assignment',4,3,NULL),(27,'exam',5,6,NULL),(28,'assignment',6,4,NULL),(29,'exam',1,7,NULL),(30,'assignment',2,5,NULL),(31,'exam',3,8,NULL);
/*!40000 ALTER TABLE `course_lesson_quiz_order` ENABLE KEYS */;
UNLOCK TABLES;

--
-- Table structure for table `course_progress`
--

DROP TABLE IF EXISTS `course_progress`;
/*!40101 SET @saved_cs_client     = @@character_set_client */;
/*!50503 SET character_set_client = utf8mb4 */;
CREATE TABLE `course_progress` (
  `id` int NOT NULL AUTO_INCREMENT,
  `student_id` int DEFAULT NULL,
  `guest_id` int DEFAULT NULL,
  `course_id` int DEFAULT NULL,
  `course_section_id` int DEFAULT NULL,
  `lesson_quiz_id` int DEFAULT NULL,
  `lesson_quiz_type` int DEFAULT NULL COMMENT '1 lesson, 2 quiz, 3 assignment,4 exam',
  `completion_date` date DEFAULT NULL,
  PRIMARY KEY (`id`),
  KEY `course_id` (`course_id`),
  KEY `student_id` (`student_id`),
  KEY `course_section_id` (`course_section_id`),
  CONSTRAINT `course_progress_ibfk_1` FOREIGN KEY (`course_id`) REFERENCES `online_courses` (`id`) ON DELETE CASCADE,
  CONSTRAINT `course_progress_ibfk_2` FOREIGN KEY (`student_id`) REFERENCES `students` (`id`) ON DELETE CASCADE,
  CONSTRAINT `course_progress_ibfk_3` FOREIGN KEY (`course_section_id`) REFERENCES `online_course_section` (`id`) ON DELETE CASCADE
) ENGINE=InnoDB AUTO_INCREMENT=8 DEFAULT CHARSET=utf8mb3;
/*!40101 SET character_set_client = @saved_cs_client */;

--
-- Dumping data for table `course_progress`
--

LOCK TABLES `course_progress` WRITE;
/*!40000 ALTER TABLE `course_progress` DISABLE KEYS */;
INSERT INTO `course_progress` VALUES (2,3,NULL,1,1,1,1,'2026-04-22');
/*!40000 ALTER TABLE `course_progress` ENABLE KEYS */;
UNLOCK TABLES;

--
-- Table structure for table `course_quiz_answer`
--

DROP TABLE IF EXISTS `course_quiz_answer`;
/*!40101 SET @saved_cs_client     = @@character_set_client */;
/*!50503 SET character_set_client = utf8mb4 */;
CREATE TABLE `course_quiz_answer` (
  `id` int NOT NULL AUTO_INCREMENT,
  `student_id` int DEFAULT NULL,
  `guest_id` int DEFAULT NULL,
  `course_quiz_id` int DEFAULT NULL,
  `course_quiz_question_id` int DEFAULT NULL,
  `answer` varchar(255) DEFAULT NULL,
  `created_date` timestamp NULL DEFAULT CURRENT_TIMESTAMP,
  PRIMARY KEY (`id`),
  KEY `student_id` (`student_id`),
  KEY `quiz_id` (`course_quiz_id`),
  KEY `question_id` (`course_quiz_question_id`),
  CONSTRAINT `course_quiz_answer_ibfk_1` FOREIGN KEY (`student_id`) REFERENCES `students` (`id`) ON DELETE CASCADE,
  CONSTRAINT `course_quiz_answer_ibfk_2` FOREIGN KEY (`course_quiz_id`) REFERENCES `online_course_quiz` (`id`) ON DELETE CASCADE,
  CONSTRAINT `course_quiz_answer_ibfk_3` FOREIGN KEY (`course_quiz_question_id`) REFERENCES `course_quiz_question` (`id`) ON DELETE CASCADE
) ENGINE=InnoDB AUTO_INCREMENT=4 DEFAULT CHARSET=utf8mb3;
/*!40101 SET character_set_client = @saved_cs_client */;

--
-- Dumping data for table `course_quiz_answer`
--

LOCK TABLES `course_quiz_answer` WRITE;
/*!40000 ALTER TABLE `course_quiz_answer` DISABLE KEYS */;
/*!40000 ALTER TABLE `course_quiz_answer` ENABLE KEYS */;
UNLOCK TABLES;

--
-- Table structure for table `course_quiz_question`
--

DROP TABLE IF EXISTS `course_quiz_question`;
/*!40101 SET @saved_cs_client     = @@character_set_client */;
/*!50503 SET character_set_client = utf8mb4 */;
CREATE TABLE `course_quiz_question` (
  `id` int NOT NULL AUTO_INCREMENT,
  `course_quiz_id` int DEFAULT NULL,
  `question` text,
  `option_1` varchar(255) DEFAULT NULL,
  `option_2` varchar(255) DEFAULT NULL,
  `option_3` varchar(255) DEFAULT NULL,
  `option_4` varchar(255) DEFAULT NULL,
  `option_5` varchar(255) DEFAULT NULL,
  `correct_answer` varchar(255) DEFAULT NULL,
  `created_date` timestamp NULL DEFAULT CURRENT_TIMESTAMP,
  PRIMARY KEY (`id`),
  KEY `course_quiz_id` (`course_quiz_id`),
  CONSTRAINT `course_quiz_question_ibfk_1` FOREIGN KEY (`course_quiz_id`) REFERENCES `online_course_quiz` (`id`)
) ENGINE=InnoDB AUTO_INCREMENT=4 DEFAULT CHARSET=utf8mb3;
/*!40101 SET character_set_client = @saved_cs_client */;

--
-- Dumping data for table `course_quiz_question`
--

LOCK TABLES `course_quiz_question` WRITE;
/*!40000 ALTER TABLE `course_quiz_question` DISABLE KEYS */;
INSERT INTO `course_quiz_question` VALUES (1,1,'What is the Arabic word for \"Apple\"?','قلم','بيت','ماء','تفاحة','','option_1','2026-04-23 08:18:59'),(2,1,'What is the Arabic word for \"Door\"?','قمر','كتاب','باب','شمس','','option_3','2026-04-23 08:18:59'),(3,1,'Choose correct word: هذا ___ (This is a pen)?','بنت','قلم','ولد','كتاب','','option_2','2026-04-23 08:18:59');
/*!40000 ALTER TABLE `course_quiz_question` ENABLE KEYS */;
UNLOCK TABLES;

--
-- Table structure for table `course_rating`
--

DROP TABLE IF EXISTS `course_rating`;
/*!40101 SET @saved_cs_client     = @@character_set_client */;
/*!50503 SET character_set_client = utf8mb4 */;
CREATE TABLE `course_rating` (
  `id` int NOT NULL AUTO_INCREMENT,
  `student_id` int DEFAULT NULL,
  `guest_id` int DEFAULT NULL,
  `course_id` int NOT NULL,
  `rating` varchar(200) NOT NULL,
  `review` text NOT NULL,
  `date` date NOT NULL,
  PRIMARY KEY (`id`),
  KEY `idx_course_id` (`course_id`)
) ENGINE=InnoDB DEFAULT CHARSET=utf8mb3;
/*!40101 SET character_set_client = @saved_cs_client */;

--
-- Dumping data for table `course_rating`
--

LOCK TABLES `course_rating` WRITE;
/*!40000 ALTER TABLE `course_rating` DISABLE KEYS */;
/*!40000 ALTER TABLE `course_rating` ENABLE KEYS */;
UNLOCK TABLES;

--
-- Table structure for table `cumulative_fine`
--

DROP TABLE IF EXISTS `cumulative_fine`;
/*!40101 SET @saved_cs_client     = @@character_set_client */;
/*!50503 SET character_set_client = utf8mb4 */;
CREATE TABLE `cumulative_fine` (
  `id` int NOT NULL AUTO_INCREMENT,
  `overdue_day` int NOT NULL,
  `fine_amount` decimal(10,2) NOT NULL,
  `fee_groups_feetype_id` int NOT NULL,
  `fee_session_group_id` int NOT NULL,
  `created_at` timestamp NOT NULL DEFAULT CURRENT_TIMESTAMP,
  `updated_at` timestamp NOT NULL DEFAULT CURRENT_TIMESTAMP ON UPDATE CURRENT_TIMESTAMP,
  PRIMARY KEY (`id`)
) ENGINE=InnoDB DEFAULT CHARSET=utf8mb3;
/*!40101 SET character_set_client = @saved_cs_client */;

--
-- Dumping data for table `cumulative_fine`
--

LOCK TABLES `cumulative_fine` WRITE;
/*!40000 ALTER TABLE `cumulative_fine` DISABLE KEYS */;
/*!40000 ALTER TABLE `cumulative_fine` ENABLE KEYS */;
UNLOCK TABLES;

--
-- Table structure for table `currencies`
--

DROP TABLE IF EXISTS `currencies`;
/*!40101 SET @saved_cs_client     = @@character_set_client */;
/*!50503 SET character_set_client = utf8mb4 */;
CREATE TABLE `currencies` (
  `id` int NOT NULL AUTO_INCREMENT,
  `name` varchar(100) DEFAULT NULL,
  `short_name` varchar(100) DEFAULT NULL,
  `symbol` varchar(10) DEFAULT NULL,
  `base_price` varchar(10) NOT NULL DEFAULT '1',
  `is_active` int DEFAULT '0',
  `created_at` timestamp NOT NULL DEFAULT CURRENT_TIMESTAMP,
  `updated_at` timestamp NOT NULL DEFAULT CURRENT_TIMESTAMP ON UPDATE CURRENT_TIMESTAMP,
  PRIMARY KEY (`id`)
) ENGINE=InnoDB AUTO_INCREMENT=180 DEFAULT CHARSET=utf8mb3;
/*!40101 SET character_set_client = @saved_cs_client */;

--
-- Dumping data for table `currencies`
--

LOCK TABLES `currencies` WRITE;
/*!40000 ALTER TABLE `currencies` DISABLE KEYS */;
INSERT INTO `currencies` VALUES (1,'AED','AED','AEDf','1',0,'2022-12-30 06:19:15','2026-04-16 09:31:48'),(2,'AFN','AFN','؋','1',0,'2022-12-30 06:19:19','2025-12-27 07:45:37'),(3,'ALL','ALL','ALL','1',0,'2022-12-30 06:19:22','2025-12-27 07:45:37'),(4,'AMD','AMD','AMD','1',0,'2022-07-22 10:55:15','2025-12-27 07:45:37'),(5,'ANG','ANG','ANG','1',0,'2022-07-22 10:55:15','2025-12-27 07:45:37'),(6,'AOA','AOA','AOA','1',0,'2022-07-22 10:55:15','2025-12-27 07:45:37'),(7,'ARS','ARS','ARS','1',0,'2022-07-22 10:55:15','2025-12-27 07:45:37'),(8,'AUD','AUD','AUD','1',0,'2022-07-22 10:55:15','2025-12-27 07:45:37'),(9,'AWG','AWG','AWG','1',0,'2022-07-22 10:55:15','2025-12-27 07:45:37'),(10,'AZN','AZN','AZN','1',0,'2022-07-22 10:55:15','2025-12-27 07:45:37'),(11,'BAM','BAM','BAM','1',0,'2022-07-22 10:55:15','2025-12-27 07:45:37'),(12,'BAM','BAM','BAM','1',0,'2022-07-22 10:55:15','2025-12-27 07:45:37'),(13,'BDT','BDT','BDT','1',0,'2022-07-22 10:55:15','2025-12-27 07:45:37'),(14,'BGN','BGN','BGN','1',0,'2022-07-22 10:55:15','2025-12-27 07:45:37'),(15,'BHD','BHD','BHD','1',0,'2022-07-22 10:55:15','2025-12-27 07:45:37'),(16,'BIF','BIF','BIF','1',0,'2022-07-22 10:55:15','2025-12-27 07:45:37'),(17,'BMD','BMD','BMD','1',0,'2022-07-22 10:55:15','2025-12-27 07:45:37'),(18,'BND','BND','BND','1',0,'2022-07-22 10:55:15','2025-12-27 07:45:37'),(19,'BOB','BOB','BOB','1',0,'2022-12-30 06:19:29','2025-12-27 07:45:37'),(20,'BOV','BOV','BOV','1',0,'2022-12-30 06:19:38','2025-12-27 07:45:37'),(21,'BRL','BRL','BRL','1',0,'2022-07-22 10:55:15','2025-12-27 07:45:37'),(22,'BSD','BSD','BSD','1',0,'2022-12-30 06:19:40','2025-12-27 07:45:37'),(23,'BTN','BTN','BTN','1',0,'2022-12-30 06:19:42','2025-12-27 07:45:37'),(24,'BWP','BWP','BWP','1',0,'2022-07-22 10:55:15','2025-12-27 07:45:37'),(25,'BYN','BYN','BYN','1',0,'2022-07-22 10:55:15','2025-12-27 07:45:37'),(26,'BYR','BYR','BYR','1',0,'2022-07-22 10:55:15','2025-12-27 07:45:37'),(27,'BZD','BZD','BZD','1',0,'2022-07-22 10:55:15','2025-12-27 07:45:37'),(28,'CAD','CAD','CAD','1',0,'2022-07-22 10:55:15','2025-12-27 07:45:37'),(29,'CDF','CDF','CDF','1',0,'2022-07-22 10:55:15','2025-12-27 07:45:37'),(30,'CHE','CHE','CHE','1',0,'2022-07-22 10:55:15','2025-12-27 07:45:37'),(31,'CHF','CHF','CHF','1',0,'2022-07-22 10:55:15','2025-12-27 07:45:37'),(32,'CHW','CHW','CHW','1',0,'2022-07-22 10:55:15','2025-12-27 07:45:37'),(33,'CLF','CLF','CLF','1',0,'2022-07-22 10:55:15','2025-12-27 07:45:37'),(34,'CLP','CLP','CLP','1',0,'2022-07-22 10:55:15','2025-12-27 07:45:37'),(35,'CNY','CNY','CNY','1',0,'2022-07-22 10:55:15','2025-12-27 07:45:37'),(36,'COP','COP','COP','1',0,'2022-07-22 10:55:15','2025-12-27 07:45:37'),(37,'COU','COU','COU','1',0,'2022-07-22 10:55:15','2025-12-27 07:45:37'),(38,'CRC','CRC','CRC','1',0,'2022-07-22 10:55:15','2025-12-27 07:45:37'),(39,'CUC','CUC','CUC','1',0,'2022-07-22 10:55:15','2025-12-27 07:45:37'),(40,'CUP','CUP','CUP','1',0,'2022-07-22 10:55:15','2025-12-27 07:45:37'),(41,'CVE','CVE','CVE','1',0,'2022-07-22 10:55:15','2025-12-27 07:45:37'),(42,'CZK','CZK','CZK','1',0,'2022-07-22 10:55:15','2025-12-27 07:45:37'),(43,'DJF','DJF','DJF','1',0,'2022-07-22 10:55:15','2025-12-27 07:45:37'),(44,'DKK','DKK','DKK','1',0,'2022-07-22 10:55:15','2025-12-27 07:45:37'),(45,'DOP','DOP','DOP','1',0,'2022-07-22 10:55:15','2025-12-27 07:45:37'),(46,'DZD','DZD','DZD','1',0,'2022-07-22 10:55:15','2025-12-27 07:45:37'),(47,'EGP','EGP','EGP','1',0,'2022-07-22 10:55:15','2025-12-27 07:45:37'),(48,'ERN','ERN','ERN','1',0,'2022-07-22 10:55:15','2025-12-27 07:45:37'),(49,'ETB','ETB','ETB','1',0,'2022-07-22 10:55:15','2025-12-27 07:45:37'),(50,'EUR','EUR','€','1',0,'2022-12-30 06:20:25','2025-12-27 07:45:37'),(51,'FJD','FJD','FJD','1',0,'2022-07-22 10:55:15','2025-12-27 07:45:37'),(52,'FKP','FKP','FKP','1',0,'2022-07-22 10:55:15','2025-12-27 07:45:37'),(53,'GBP','GBP','£','1',0,'2022-12-30 06:20:29','2025-12-27 07:45:37'),(54,'GEL','GEL','GEL','1',0,'2022-07-22 10:55:15','2025-12-27 07:45:37'),(55,'GHS','GHS','GHS','1',0,'2022-07-22 10:55:15','2025-12-27 07:45:37'),(56,'GIP','GIP','GIP','1',0,'2022-07-22 10:55:15','2025-12-27 07:45:37'),(57,'GMD','GMD','GMD','1',0,'2022-07-22 10:55:15','2025-12-27 07:45:37'),(58,'GNF','GNF','GNF','1',0,'2022-07-22 10:55:15','2025-12-27 07:45:37'),(59,'GTQ','GTQ','GTQ','1',0,'2022-07-22 10:55:15','2025-12-27 07:45:37'),(60,'GYD','GYD','GYD','1',0,'2022-07-22 10:55:15','2025-12-27 07:45:37'),(61,'HKD','HKD','HKD','1',0,'2022-07-22 10:55:15','2025-12-27 07:45:37'),(62,'HNL','HNL','HNL','1',0,'2022-07-22 10:55:15','2025-12-27 07:45:37'),(63,'HRK','HRK','HRK','1',0,'2022-07-22 10:55:15','2025-12-27 07:45:37'),(64,'HTG','HTG','HTG','1',0,'2022-07-22 10:55:15','2025-12-27 07:45:37'),(65,'HUF','HUF','HUF','1',0,'2022-07-22 10:55:15','2025-12-27 07:45:37'),(66,'IDR','IDR','IDR','1',0,'2022-12-30 06:20:34','2025-12-27 07:45:37'),(67,'ILS','ILS','ILS','1',0,'2022-07-22 10:55:15','2025-12-27 07:45:37'),(68,'INR','INR','₹','1',0,'2022-12-30 06:20:37','2025-12-27 07:45:37'),(69,'IQD','IQD','IQD','1',0,'2022-07-22 10:55:15','2025-12-27 07:45:37'),(70,'IRR','IRR','IRR','1',0,'2022-07-22 10:55:15','2025-12-27 07:45:37'),(71,'ISK','ISK','ISK','1',0,'2022-07-22 10:55:15','2025-12-27 07:45:37'),(72,'JMD','JMD','JMD','1',0,'2022-07-22 10:55:15','2025-12-27 07:45:37'),(73,'JOD','JOD','JOD','1',0,'2022-07-22 10:55:15','2025-12-27 07:45:37'),(74,'JPY','JPY','JPY','1',0,'2022-12-30 06:19:56','2025-12-27 07:45:37'),(75,'KES','KES','KES','1',0,'2022-07-22 10:55:15','2025-12-27 07:45:37'),(76,'KGS','KGS','KGS','1',0,'2022-07-22 10:55:15','2025-12-27 07:45:37'),(77,'KHR','KHR','KHR','1',0,'2022-07-22 10:55:15','2025-12-27 07:45:37'),(78,'KMF','KMF','KMF','1',0,'2022-07-22 10:55:15','2025-12-27 07:45:37'),(79,'KPW','KPW','KPW','1',0,'2022-07-22 10:55:15','2025-12-27 07:45:37'),(80,'KRW','KRW','KRW','1',0,'2022-07-22 10:55:15','2025-12-27 07:45:37'),(81,'KWD','KWD','KWD','1',0,'2022-07-22 10:55:15','2025-12-27 07:45:37'),(82,'KYD','KYD','KYD','1',0,'2022-07-22 10:55:15','2025-12-27 07:45:37'),(83,'KZT','KZT','KZT','1',0,'2022-07-22 10:55:15','2025-12-27 07:45:37'),(84,'LAK','LAK','LAK','1',0,'2022-07-22 10:55:15','2025-12-27 07:45:37'),(85,'LBP','LBP','LBP','1',0,'2022-07-22 10:55:15','2025-12-27 07:45:37'),(86,'LKR','LKR','LKR','1',0,'2022-07-22 10:55:15','2025-12-27 07:45:37'),(87,'LRD','LRD','LRD','1',0,'2022-07-22 10:55:15','2025-12-27 07:45:37'),(88,'LSL','LSL','LSL','1',0,'2022-07-22 10:55:15','2025-12-27 07:45:37'),(89,'LYD','LYD','LYD','1',0,'2022-07-22 10:55:15','2025-12-27 07:45:37'),(90,'MAD','MAD','MAD','1',0,'2022-07-22 10:55:15','2025-12-27 07:45:37'),(91,'MDL','MDL','MDL','1',0,'2022-07-22 10:55:15','2025-12-27 07:45:37'),(92,'MGA','MGA','MGA','1',0,'2022-07-22 10:55:15','2025-12-27 07:45:37'),(93,'MKD','MKD','MKD','1',0,'2022-07-22 10:55:15','2025-12-27 07:45:37'),(94,'MMK','MMK','MMK','1',0,'2022-07-22 10:55:15','2025-12-27 07:45:37'),(95,'MNT','MNT','MNT','1',0,'2022-07-22 10:55:15','2025-12-27 07:45:37'),(96,'MOP','MOP','MOP','1',0,'2022-07-22 10:55:15','2025-12-27 07:45:37'),(97,'MRO','MRO','MRO','1',0,'2022-07-22 10:55:15','2025-12-27 07:45:37'),(98,'MUR','MUR','MUR','1',0,'2022-07-22 10:55:15','2025-12-27 07:45:37'),(99,'MVR','MVR','MVR','1',0,'2022-07-22 10:55:15','2025-12-27 07:45:37'),(100,'MWK','MWK','MWK','1',0,'2022-07-22 10:55:15','2025-12-27 07:45:37'),(101,'MXN','MXN','MXN','1',0,'2022-07-22 10:55:15','2025-12-27 07:45:37'),(102,'MXV','MXV','MXV','1',0,'2022-07-22 10:55:15','2025-12-27 07:45:37'),(103,'MYR','MYR','MYR','1',0,'2022-07-22 10:55:15','2025-12-27 07:45:37'),(104,'MZN','MZN','MZN','1',0,'2022-07-22 10:55:15','2025-12-27 07:45:37'),(105,'NAD','NAD','NAD','1',0,'2022-07-30 09:32:37','2025-12-27 07:45:37'),(106,'NGN','NGN','NGN','1',0,'2022-12-30 06:20:42','2025-12-27 07:45:37'),(107,'NIO','NIO','NIO','1',0,'2022-07-22 10:55:15','2025-12-27 07:45:37'),(108,'NOK','NOK','NOK','1',0,'2022-07-22 10:55:15','2025-12-27 07:45:37'),(109,'NPR','NPR','NPR','1',0,'2022-07-22 10:55:15','2025-12-27 07:45:37'),(110,'NZD','NZD','NZD','1',0,'2022-07-22 10:55:15','2025-12-27 07:45:37'),(111,'OMR','OMR','OMR','1',0,'2022-07-22 10:55:15','2025-12-27 07:45:37'),(112,'PAB','PAB','PAB','1',0,'2022-07-22 10:55:15','2025-12-27 07:45:37'),(113,'PEN','PEN','PEN','1',0,'2022-07-22 10:55:15','2025-12-27 07:45:37'),(114,'PGK','PGK','PGK','1',0,'2022-07-22 10:55:15','2025-12-27 07:45:37'),(115,'PHP','PHP','PHP','1',0,'2022-07-22 10:55:15','2025-12-27 07:45:37'),(116,'PKR','PKR','PKR','1',0,'2022-12-30 06:20:19','2025-12-27 07:45:37'),(117,'PLN','PLN','PLN','1',0,'2022-07-22 10:55:15','2025-12-27 07:45:37'),(118,'PYG','PYG','PYG','1',0,'2022-07-22 10:55:15','2025-12-27 07:45:37'),(119,'QAR','QAR','QAR','1',0,'2022-07-22 10:55:15','2025-12-27 07:45:37'),(120,'RON','RON','RON','1',0,'2022-07-22 10:55:15','2025-12-27 07:45:37'),(121,'RSD','RSD','RSD','1',0,'2022-07-22 10:55:15','2025-12-27 07:45:37'),(122,'RUB','RUB','RUB','1',0,'2022-12-30 06:20:16','2025-12-27 07:45:37'),(123,'RWF','RWF','RWF','1',0,'2022-07-22 10:55:15','2026-04-16 09:38:00'),(124,'SAR','SAR','SAR','1',1,'2022-07-22 10:55:15','2026-04-16 09:31:11'),(125,'SBD','SBD','SBD','1',0,'2022-07-22 10:55:15','2025-12-27 07:45:37'),(126,'SCR','SCR','SCR','1',0,'2022-07-22 10:55:15','2025-12-27 07:45:37'),(127,'SDG','SDG','SDG','1',0,'2022-07-22 10:55:15','2025-12-27 07:45:37'),(128,'SEK','SEK','SEK','1',0,'2022-07-22 10:55:15','2025-12-27 07:45:37'),(129,'SGD','SGD','SGD','1',0,'2022-07-22 10:55:15','2025-12-27 07:45:37'),(130,'SHP','SHP','SHP','1',0,'2022-07-22 10:55:15','2025-12-27 07:45:37'),(131,'SLL','SLL','SLL','1',0,'2022-07-22 10:55:15','2025-12-27 07:45:37'),(132,'SOS','SOS','SOS','1',0,'2022-07-22 10:55:15','2025-12-27 07:45:37'),(133,'SRD','SRD','SRD','1',0,'2022-07-22 10:55:15','2025-12-27 07:45:37'),(134,'SSP','SSP','SSP','1',0,'2022-07-22 10:55:15','2025-12-27 07:45:37'),(135,'STD','STD','STD','1',0,'2022-07-22 10:55:15','2025-12-27 07:45:37'),(136,'SVC','SVC','SVC','1',0,'2022-07-22 10:55:15','2025-12-27 07:45:37'),(137,'SYP','SYP','SYP','1',0,'2022-07-22 10:55:15','2025-12-27 07:45:37'),(138,'SZL','SZL','SZL','1',0,'2022-07-22 10:55:15','2025-12-27 07:45:37'),(139,'THB','THB','THB','1',0,'2022-07-22 10:55:15','2025-12-27 07:45:37'),(140,'TJS','TJS','TJS','1',0,'2022-07-22 10:55:15','2025-12-27 07:45:37'),(141,'TMT','TMT','TMT','1',0,'2022-07-22 10:55:15','2025-12-27 07:45:37'),(142,'TND','TND','TND','1',0,'2022-07-22 10:55:15','2025-12-27 07:45:37'),(143,'TOP','TOP','TOP','1',0,'2022-07-22 10:55:15','2025-12-27 07:45:37'),(144,'TRY','TRY','TRY','1',0,'2022-07-22 10:55:15','2025-12-27 07:45:37'),(145,'TTD','TTD','TTD','1',0,'2022-07-22 10:55:15','2025-12-27 07:45:37'),(146,'TWD','TWD','TWD','1',0,'2022-07-22 10:55:15','2025-12-27 07:45:37'),(147,'TZS','TZS','TZS','1',0,'2022-07-22 10:55:15','2025-12-27 07:45:37'),(148,'UAH','UAH','UAH','1',0,'2022-07-22 10:55:15','2025-12-27 07:45:37'),(149,'UGX','UGX','UGX','1',0,'2022-07-22 10:55:15','2025-12-27 07:45:37'),(150,'USD','USD','$','1',1,'2022-07-22 10:55:15','2025-12-27 07:45:37'),(151,'USN','USN','USN','1',0,'2022-12-30 06:20:03','2025-12-27 07:45:37'),(152,'UYI','UYI','UYI','1',0,'2022-07-22 10:55:15','2025-12-27 07:45:37'),(153,'UYU','UYU','UYU','1',0,'2022-07-22 10:55:15','2025-12-27 07:45:37'),(154,'UZS','UZS','UZS','1',0,'2022-07-22 10:55:15','2025-12-27 07:45:37'),(155,'VEF','VEF','VEF','1',0,'2022-07-22 10:55:15','2025-12-27 07:45:37'),(156,'VND','VND','VND','1',0,'2022-07-22 10:55:15','2025-12-27 07:45:37'),(157,'VUV','VUV','VUV','1',0,'2022-07-22 10:55:15','2025-12-27 07:45:37'),(158,'WST','WST','WST','1',0,'2022-07-22 10:55:15','2025-12-27 07:45:37'),(159,'XAF','XAF','XAF','1',0,'2022-07-22 10:55:15','2025-12-27 07:45:37'),(160,'XAG','XAG','XAG','1',0,'2022-07-22 10:55:15','2025-12-27 07:45:37'),(161,'XAU','XAU','XAU','1',0,'2022-07-22 10:55:15','2025-12-27 07:45:37'),(162,'XBA','XBA','XBA','1',0,'2022-07-22 10:55:15','2025-12-27 07:45:37'),(163,'XBB','XBB','XBB','1',0,'2022-07-22 10:55:15','2025-12-27 07:45:37'),(164,'XBC','XBC','XBC','1',0,'2022-07-22 10:55:15','2025-12-27 07:45:37'),(165,'XBD','XBD','XBD','1',0,'2022-07-22 10:55:15','2025-12-27 07:45:37'),(166,'XCD','XCD','XCD','1',0,'2022-07-22 10:55:15','2025-12-27 07:45:37'),(167,'XDR','XDR','XDR','1',0,'2022-07-22 10:55:15','2025-12-27 07:45:37'),(168,'XOF','XOF','XOF','1',0,'2022-07-22 10:55:15','2025-12-27 07:45:37'),(169,'XPD','XPD','XPD','1',0,'2022-07-22 10:55:15','2025-12-27 07:45:37'),(170,'XPF','XPF','XPF','1',0,'2022-07-22 10:55:15','2025-12-27 07:45:37'),(171,'XPT','XPT','XPT','1',0,'2022-07-22 10:55:15','2025-12-27 07:45:37'),(172,'XSU','XSU','XSU','1',0,'2022-07-22 10:55:15','2025-12-27 07:45:37'),(173,'XTS','XTS','XTS','1',0,'2022-07-22 10:55:15','2025-12-27 07:45:37'),(174,'XUA','XUA','XUA','1',0,'2022-07-22 10:55:15','2025-12-27 07:45:37'),(175,'XXX','XXX','XXX','1',0,'2022-07-22 10:55:15','2025-12-27 07:45:37'),(176,'YER','YER','YER','1',0,'2022-07-22 10:55:15','2025-12-27 07:45:37'),(177,'ZAR','ZAR','ZAR','1',0,'2022-12-30 06:20:07','2025-12-27 07:45:37'),(178,'ZMW','ZMW','ZMW','1',0,'2022-07-30 07:34:00','2025-12-27 07:45:37'),(179,'ZWL','ZWL','ZWL','1',0,'2022-07-22 10:55:15','2025-12-27 07:45:37');
/*!40000 ALTER TABLE `currencies` ENABLE KEYS */;
UNLOCK TABLES;

--
-- Table structure for table `custom_field_values`
--

DROP TABLE IF EXISTS `custom_field_values`;
/*!40101 SET @saved_cs_client     = @@character_set_client */;
/*!50503 SET character_set_client = utf8mb4 */;
CREATE TABLE `custom_field_values` (
  `id` int NOT NULL AUTO_INCREMENT,
  `belong_table_id` int DEFAULT NULL,
  `custom_field_id` int DEFAULT NULL,
  `field_value` varchar(500) DEFAULT NULL,
  `created_at` timestamp NOT NULL DEFAULT CURRENT_TIMESTAMP,
  `updated_at` timestamp NOT NULL DEFAULT CURRENT_TIMESTAMP ON UPDATE CURRENT_TIMESTAMP,
  PRIMARY KEY (`id`),
  KEY `custom_field_id` (`custom_field_id`),
  KEY `idx_belong_table_id` (`belong_table_id`),
  KEY `idx_field_value` (`field_value`),
  CONSTRAINT `custom_field_values_ibfk_1` FOREIGN KEY (`custom_field_id`) REFERENCES `custom_fields` (`id`) ON DELETE CASCADE
) ENGINE=InnoDB AUTO_INCREMENT=25 DEFAULT CHARSET=utf8mb3;
/*!40101 SET character_set_client = @saved_cs_client */;

--
-- Dumping data for table `custom_field_values`
--

LOCK TABLES `custom_field_values` WRITE;
/*!40000 ALTER TABLE `custom_field_values` DISABLE KEYS */;
INSERT INTO `custom_field_values` VALUES (1,2,4,'4567890123','2026-04-16 11:41:31','2026-04-16 11:41:31'),(2,3,4,'7890123456','2026-04-16 13:22:54','2026-04-16 13:22:54'),(3,4,4,'8901234567','2026-04-16 13:27:25','2026-04-16 13:27:25'),(4,1,4,'3241234','2026-04-16 13:28:49','2026-04-16 13:28:49'),(5,5,4,'9123456789','2026-04-16 13:35:10','2026-04-16 13:35:10'),(6,6,4,'9234567890','2026-04-16 13:38:15','2026-04-16 13:38:15'),(7,7,4,'9345678901','2026-04-16 13:41:19','2026-04-16 13:41:19'),(8,1,2,'421457755775','2026-04-20 10:22:11','2026-04-20 10:22:11'),(9,1,3,'B-','2026-04-20 10:22:11','2026-04-20 10:22:11'),(10,3,2,'4567891230','2026-04-21 07:43:04','2026-04-21 07:43:04'),(11,3,3,'A+','2026-04-21 07:43:04','2026-04-22 11:44:09'),(12,4,2,'5678912345','2026-04-21 07:50:20','2026-04-21 07:50:20'),(13,4,3,'B+','2026-04-21 07:50:20','2026-04-22 11:44:38'),(14,5,2,'6789123456','2026-04-21 07:53:00','2026-04-21 07:53:00'),(15,5,3,'B+','2026-04-21 07:53:00','2026-04-22 11:45:43'),(16,6,2,'7891234567','2026-04-21 07:55:59','2026-04-21 07:55:59'),(17,6,3,'A+','2026-04-21 07:55:59','2026-04-21 07:55:59'),(22,9,2,'9345678904','2026-04-21 08:21:24','2026-04-21 08:21:24'),(23,9,3,'A+','2026-04-21 08:21:24','2026-04-21 08:21:24'),(24,8,4,'1234567890','2026-04-23 09:44:41','2026-04-23 09:44:41');
/*!40000 ALTER TABLE `custom_field_values` ENABLE KEYS */;
UNLOCK TABLES;

--
-- Table structure for table `custom_fields`
--

DROP TABLE IF EXISTS `custom_fields`;
/*!40101 SET @saved_cs_client     = @@character_set_client */;
/*!50503 SET character_set_client = utf8mb4 */;
CREATE TABLE `custom_fields` (
  `id` int NOT NULL AUTO_INCREMENT,
  `name` varchar(255) DEFAULT NULL,
  `belong_to` varchar(100) DEFAULT NULL,
  `type` varchar(100) DEFAULT NULL,
  `bs_column` int DEFAULT NULL,
  `validation` int DEFAULT '0',
  `field_values` text,
  `show_table` varchar(100) DEFAULT NULL,
  `visible_on_table` int NOT NULL,
  `weight` int DEFAULT NULL,
  `is_active` int DEFAULT '0',
  `created_at` timestamp NOT NULL DEFAULT CURRENT_TIMESTAMP,
  `updated_at` timestamp NOT NULL DEFAULT CURRENT_TIMESTAMP ON UPDATE CURRENT_TIMESTAMP,
  PRIMARY KEY (`id`),
  KEY `idx_name` (`name`),
  KEY `idx_belong_to` (`belong_to`),
  KEY `idx_type` (`type`),
  KEY `idx_visible_on_table` (`visible_on_table`),
  KEY `idx_weight` (`weight`),
  FULLTEXT KEY `idx_field_values` (`field_values`)
) ENGINE=InnoDB AUTO_INCREMENT=5 DEFAULT CHARSET=utf8mb3;
/*!40101 SET character_set_client = @saved_cs_client */;

--
-- Dumping data for table `custom_fields`
--

LOCK TABLES `custom_fields` WRITE;
/*!40000 ALTER TABLE `custom_fields` DISABLE KEYS */;
INSERT INTO `custom_fields` VALUES (2,'Iqama Number','students','textarea',12,1,'',NULL,0,NULL,0,'2026-04-16 09:49:00','2026-04-16 09:49:00'),(3,'Blood Group','students','select',12,1,'A+, A-, B+, B-, O+, O-',NULL,0,NULL,0,'2026-04-16 09:50:03','2026-04-16 09:50:03'),(4,'Iqama Number','staff','textarea',12,1,'',NULL,0,NULL,0,'2026-04-16 09:50:22','2026-04-16 09:50:42');
/*!40000 ALTER TABLE `custom_fields` ENABLE KEYS */;
UNLOCK TABLES;

--
-- Table structure for table `daily_assignment`
--

DROP TABLE IF EXISTS `daily_assignment`;
/*!40101 SET @saved_cs_client     = @@character_set_client */;
/*!50503 SET character_set_client = utf8mb4 */;
CREATE TABLE `daily_assignment` (
  `id` int NOT NULL AUTO_INCREMENT,
  `student_session_id` int NOT NULL,
  `subject_group_subject_id` int NOT NULL,
  `title` varchar(255) DEFAULT NULL,
  `description` text,
  `attachment` text,
  `evaluated_by` int DEFAULT NULL,
  `date` date DEFAULT NULL,
  `evaluation_date` date DEFAULT NULL,
  `remark` text NOT NULL,
  `created_at` timestamp NOT NULL DEFAULT CURRENT_TIMESTAMP,
  `updated_at` timestamp NOT NULL DEFAULT CURRENT_TIMESTAMP ON UPDATE CURRENT_TIMESTAMP,
  PRIMARY KEY (`id`),
  KEY `student_session_id` (`student_session_id`),
  KEY `evaluated_by` (`evaluated_by`),
  KEY `subject_group_subject_id` (`subject_group_subject_id`),
  CONSTRAINT `daily_assignment_ibfk_1` FOREIGN KEY (`student_session_id`) REFERENCES `student_session` (`id`) ON DELETE CASCADE,
  CONSTRAINT `daily_assignment_ibfk_2` FOREIGN KEY (`evaluated_by`) REFERENCES `staff` (`id`) ON DELETE CASCADE,
  CONSTRAINT `daily_assignment_ibfk_3` FOREIGN KEY (`subject_group_subject_id`) REFERENCES `subject_group_subjects` (`id`) ON DELETE CASCADE
) ENGINE=InnoDB AUTO_INCREMENT=4 DEFAULT CHARSET=utf8mb3;
/*!40101 SET character_set_client = @saved_cs_client */;

--
-- Dumping data for table `daily_assignment`
--

LOCK TABLES `daily_assignment` WRITE;
/*!40000 ALTER TABLE `daily_assignment` DISABLE KEYS */;
INSERT INTO `daily_assignment` VALUES (2,3,4,'mobile_app2','desc2',NULL,NULL,'2026-04-23',NULL,'','2026-04-22 06:47:54','2026-04-23 10:25:55'),(3,3,4,'Counting Test','','3.jpg',1,'2026-04-23','2026-04-23','good work','2026-04-23 10:24:19','2026-04-23 10:25:50');
/*!40000 ALTER TABLE `daily_assignment` ENABLE KEYS */;
UNLOCK TABLES;

--
-- Table structure for table `department`
--

DROP TABLE IF EXISTS `department`;
/*!40101 SET @saved_cs_client     = @@character_set_client */;
/*!50503 SET character_set_client = utf8mb4 */;
CREATE TABLE `department` (
  `id` int NOT NULL AUTO_INCREMENT,
  `department_name` varchar(200) NOT NULL,
  `is_active` varchar(100) NOT NULL,
  `created_at` timestamp NOT NULL DEFAULT CURRENT_TIMESTAMP,
  `updated_at` timestamp NOT NULL DEFAULT CURRENT_TIMESTAMP ON UPDATE CURRENT_TIMESTAMP,
  PRIMARY KEY (`id`)
) ENGINE=InnoDB AUTO_INCREMENT=8 DEFAULT CHARSET=utf8mb3;
/*!40101 SET character_set_client = @saved_cs_client */;

--
-- Dumping data for table `department`
--

LOCK TABLES `department` WRITE;
/*!40000 ALTER TABLE `department` DISABLE KEYS */;
INSERT INTO `department` VALUES (1,'Administration','yes','2026-04-16 11:21:58','2026-04-16 11:21:58'),(2,'Academics','yes','2026-04-16 11:22:11','2026-04-16 11:22:11'),(3,'Accounts','yes','2026-04-16 11:22:25','2026-04-16 11:22:25'),(4,' Human Resource ','yes','2026-04-16 11:22:33','2026-04-16 11:22:33'),(5,'Front Office ','yes','2026-04-16 11:22:42','2026-04-16 11:22:42'),(6,'Transport ','yes','2026-04-16 11:22:49','2026-04-16 11:22:49'),(7,'IT','yes','2026-04-16 11:22:57','2026-04-16 11:22:57');
/*!40000 ALTER TABLE `department` ENABLE KEYS */;
UNLOCK TABLES;

--
-- Table structure for table `disable_reason`
--

DROP TABLE IF EXISTS `disable_reason`;
/*!40101 SET @saved_cs_client     = @@character_set_client */;
/*!50503 SET character_set_client = utf8mb4 */;
CREATE TABLE `disable_reason` (
  `id` int NOT NULL AUTO_INCREMENT,
  `reason` varchar(255) NOT NULL,
  `created_at` timestamp NOT NULL DEFAULT CURRENT_TIMESTAMP,
  `updated_at` timestamp NOT NULL DEFAULT CURRENT_TIMESTAMP ON UPDATE CURRENT_TIMESTAMP,
  PRIMARY KEY (`id`)
) ENGINE=InnoDB AUTO_INCREMENT=8 DEFAULT CHARSET=utf8mb3;
/*!40101 SET character_set_client = @saved_cs_client */;

--
-- Dumping data for table `disable_reason`
--

LOCK TABLES `disable_reason` WRITE;
/*!40000 ALTER TABLE `disable_reason` DISABLE KEYS */;
INSERT INTO `disable_reason` VALUES (1,'Left School','2026-04-21 09:16:35','2026-04-21 09:16:35'),(2,'Transfer to Another School','2026-04-21 09:16:44','2026-04-21 09:16:44'),(3,'Graduated','2026-04-21 09:16:54','2026-04-21 09:16:54'),(4,'Fee Default','2026-04-21 09:17:01','2026-04-21 09:17:01'),(5,'Disciplinary Action','2026-04-21 09:17:11','2026-04-21 09:17:11'),(6,'Medical Leave','2026-04-21 09:17:18','2026-04-21 09:17:18'),(7,'Relocation','2026-04-21 09:17:25','2026-04-21 09:17:25');
/*!40000 ALTER TABLE `disable_reason` ENABLE KEYS */;
UNLOCK TABLES;

--
-- Table structure for table `dispatch_receive`
--

DROP TABLE IF EXISTS `dispatch_receive`;
/*!40101 SET @saved_cs_client     = @@character_set_client */;
/*!50503 SET character_set_client = utf8mb4 */;
CREATE TABLE `dispatch_receive` (
  `id` int NOT NULL AUTO_INCREMENT,
  `reference_no` varchar(50) NOT NULL,
  `to_title` varchar(100) NOT NULL,
  `type` varchar(10) NOT NULL,
  `address` varchar(500) NOT NULL,
  `note` varchar(500) NOT NULL,
  `from_title` varchar(200) NOT NULL,
  `date` date DEFAULT NULL,
  `image` text,
  `created_at` timestamp NOT NULL DEFAULT CURRENT_TIMESTAMP,
  `updated_at` timestamp NOT NULL DEFAULT CURRENT_TIMESTAMP ON UPDATE CURRENT_TIMESTAMP,
  PRIMARY KEY (`id`)
) ENGINE=InnoDB AUTO_INCREMENT=5 DEFAULT CHARSET=utf8mb3;
/*!40101 SET character_set_client = @saved_cs_client */;

--
-- Dumping data for table `dispatch_receive`
--

LOCK TABLES `dispatch_receive` WRITE;
/*!40000 ALTER TABLE `dispatch_receive` DISABLE KEYS */;
INSERT INTO `dispatch_receive` VALUES (1,'DIS-1001','Abdullah Al Harbi','dispatch','Al Olaya District, Riyadh, Saudi Arabia','Sending admission confirmation letter and fee structure\r\n','Al Noor International School','2026-04-21','1776753436-212497836569e71b1c5e6de!Al_Noora_Admission_Form.docx','2026-04-21 06:37:16','2026-04-21 06:37:16'),(2,'DIS-1002','Fatima Al Qahtani','dispatch','Al Malaz, Riyadh, Saudi Arabia','Dispatch of Transfer Certificate documents','Al Noor International School','2026-04-21','1776753496-210311616969e71b58532cc!Al_Noora_Admission_Form.docx','2026-04-21 06:38:16','2026-04-21 06:38:16'),(3,'REC-1001','Al Noor International School','receive','Al Olaya District, Riyadh, Saudi Arabia','Received student documents for admission (Iqama, passport copy)','Abdullah Al Harb','2026-04-21',NULL,'2026-04-21 06:39:28','2026-04-21 06:39:28'),(4,'REC-1002','Admission Office','receive','Al Malaz, Riyadh, Saudi Arabia','Received Transfer Certificate from previous school','Fatima Al Qahtani','2026-04-21',NULL,'2026-04-21 06:40:16','2026-04-21 06:40:16');
/*!40000 ALTER TABLE `dispatch_receive` ENABLE KEYS */;
UNLOCK TABLES;

--
-- Table structure for table `email_attachments`
--

DROP TABLE IF EXISTS `email_attachments`;
/*!40101 SET @saved_cs_client     = @@character_set_client */;
/*!50503 SET character_set_client = utf8mb4 */;
CREATE TABLE `email_attachments` (
  `id` int NOT NULL AUTO_INCREMENT,
  `message_id` int NOT NULL,
  `directory` text NOT NULL,
  `attachment` text NOT NULL,
  `attachment_name` varchar(200) NOT NULL,
  `created_at` timestamp NOT NULL DEFAULT CURRENT_TIMESTAMP,
  `updated_at` timestamp NOT NULL DEFAULT CURRENT_TIMESTAMP ON UPDATE CURRENT_TIMESTAMP,
  PRIMARY KEY (`id`),
  KEY `message_id` (`message_id`),
  CONSTRAINT `email_attachments_ibfk_1` FOREIGN KEY (`message_id`) REFERENCES `messages` (`id`) ON DELETE CASCADE
) ENGINE=InnoDB DEFAULT CHARSET=utf8mb3;
/*!40101 SET character_set_client = @saved_cs_client */;

--
-- Dumping data for table `email_attachments`
--

LOCK TABLES `email_attachments` WRITE;
/*!40000 ALTER TABLE `email_attachments` DISABLE KEYS */;
/*!40000 ALTER TABLE `email_attachments` ENABLE KEYS */;
UNLOCK TABLES;

--
-- Table structure for table `email_config`
--

DROP TABLE IF EXISTS `email_config`;
/*!40101 SET @saved_cs_client     = @@character_set_client */;
/*!50503 SET character_set_client = utf8mb4 */;
CREATE TABLE `email_config` (
  `id` int unsigned NOT NULL AUTO_INCREMENT,
  `email_type` varchar(100) DEFAULT NULL,
  `smtp_server` varchar(100) DEFAULT NULL,
  `smtp_port` varchar(100) DEFAULT NULL,
  `smtp_email` varchar(255) DEFAULT NULL,
  `smtp_username` varchar(100) DEFAULT NULL,
  `smtp_password` varchar(100) DEFAULT NULL,
  `ssl_tls` varchar(100) DEFAULT NULL,
  `smtp_auth` varchar(10) NOT NULL,
  `api_key` varchar(255) DEFAULT NULL,
  `api_secret` varchar(255) DEFAULT NULL,
  `region` varchar(255) DEFAULT NULL,
  `is_active` varchar(10) NOT NULL DEFAULT 'no',
  `created_at` timestamp NOT NULL DEFAULT CURRENT_TIMESTAMP,
  `updated_at` timestamp NOT NULL DEFAULT CURRENT_TIMESTAMP ON UPDATE CURRENT_TIMESTAMP,
  PRIMARY KEY (`id`)
) ENGINE=InnoDB AUTO_INCREMENT=2 DEFAULT CHARSET=utf8mb3;
/*!40101 SET character_set_client = @saved_cs_client */;

--
-- Dumping data for table `email_config`
--

LOCK TABLES `email_config` WRITE;
/*!40000 ALTER TABLE `email_config` DISABLE KEYS */;
INSERT INTO `email_config` VALUES (1,'sendmail',NULL,NULL,NULL,NULL,NULL,NULL,'',NULL,NULL,NULL,'yes','2020-02-28 13:46:03','2025-12-27 07:45:38');
/*!40000 ALTER TABLE `email_config` ENABLE KEYS */;
UNLOCK TABLES;

--
-- Table structure for table `email_template`
--

DROP TABLE IF EXISTS `email_template`;
/*!40101 SET @saved_cs_client     = @@character_set_client */;
/*!50503 SET character_set_client = utf8mb4 */;
CREATE TABLE `email_template` (
  `id` int NOT NULL AUTO_INCREMENT,
  `title` varchar(100) NOT NULL,
  `message` text NOT NULL,
  `created_at` date NOT NULL,
  PRIMARY KEY (`id`)
) ENGINE=InnoDB DEFAULT CHARSET=utf8mb3;
/*!40101 SET character_set_client = @saved_cs_client */;

--
-- Dumping data for table `email_template`
--

LOCK TABLES `email_template` WRITE;
/*!40000 ALTER TABLE `email_template` DISABLE KEYS */;
/*!40000 ALTER TABLE `email_template` ENABLE KEYS */;
UNLOCK TABLES;

--
-- Table structure for table `email_template_attachment`
--

DROP TABLE IF EXISTS `email_template_attachment`;
/*!40101 SET @saved_cs_client     = @@character_set_client */;
/*!50503 SET character_set_client = utf8mb4 */;
CREATE TABLE `email_template_attachment` (
  `id` int NOT NULL AUTO_INCREMENT,
  `email_template_id` int NOT NULL,
  `attachment` text NOT NULL,
  `attachment_name` text NOT NULL,
  PRIMARY KEY (`id`)
) ENGINE=InnoDB DEFAULT CHARSET=utf8mb3;
/*!40101 SET character_set_client = @saved_cs_client */;

--
-- Dumping data for table `email_template_attachment`
--

LOCK TABLES `email_template_attachment` WRITE;
/*!40000 ALTER TABLE `email_template_attachment` DISABLE KEYS */;
/*!40000 ALTER TABLE `email_template_attachment` ENABLE KEYS */;
UNLOCK TABLES;

--
-- Table structure for table `enquiry`
--

DROP TABLE IF EXISTS `enquiry`;
/*!40101 SET @saved_cs_client     = @@character_set_client */;
/*!50503 SET character_set_client = utf8mb4 */;
CREATE TABLE `enquiry` (
  `id` int NOT NULL AUTO_INCREMENT,
  `name` varchar(100) NOT NULL,
  `contact` varchar(20) NOT NULL,
  `address` text NOT NULL,
  `reference` varchar(20) NOT NULL,
  `date` date NOT NULL,
  `description` varchar(500) NOT NULL,
  `follow_up_date` date NOT NULL,
  `note` text NOT NULL,
  `source` varchar(50) NOT NULL,
  `email` varchar(50) DEFAULT NULL,
  `assigned` int DEFAULT NULL,
  `class_id` int DEFAULT NULL,
  `no_of_child` varchar(11) DEFAULT NULL,
  `status` varchar(100) NOT NULL,
  `created_by` int NOT NULL,
  `created_at` timestamp NOT NULL DEFAULT CURRENT_TIMESTAMP,
  `updated_at` timestamp NOT NULL DEFAULT CURRENT_TIMESTAMP ON UPDATE CURRENT_TIMESTAMP,
  PRIMARY KEY (`id`),
  KEY `created_by` (`created_by`),
  KEY `assigned` (`assigned`),
  KEY `enquiry_ibfk_4` (`class_id`),
  CONSTRAINT `enquiry_ibfk_2` FOREIGN KEY (`created_by`) REFERENCES `staff` (`id`) ON DELETE CASCADE,
  CONSTRAINT `enquiry_ibfk_3` FOREIGN KEY (`assigned`) REFERENCES `staff` (`id`) ON DELETE CASCADE,
  CONSTRAINT `enquiry_ibfk_4` FOREIGN KEY (`class_id`) REFERENCES `classes` (`id`) ON DELETE CASCADE
) ENGINE=InnoDB AUTO_INCREMENT=5 DEFAULT CHARSET=utf8mb3;
/*!40101 SET character_set_client = @saved_cs_client */;

--
-- Dumping data for table `enquiry`
--

LOCK TABLES `enquiry` WRITE;
/*!40000 ALTER TABLE `enquiry` DISABLE KEYS */;
INSERT INTO `enquiry` VALUES (1,'Abdullah Al Harbi','966501112233','Al Olaya District, Riyadh','Teacher Referral','2016-10-04','Interested in admission for Grade 3 student','2020-10-04','Wants school transport facility','Walk-in','abdullah.harbi@gmail.com',6,NULL,'1','active',1,'2026-04-16 13:45:14','2026-04-16 13:45:14'),(2,'Fatima Al Qahtani','966502223344','Al Malaz, Riyadh','Parent Referral','2026-10-28','Inquiry about KG admission','2026-11-27','Asked about fee structure','Google Search','fatima.qahtani@gmail.com',4,NULL,'3','active',1,'2026-04-16 13:47:34','2026-04-16 13:51:14'),(3,'Mohammed Al Dosari','966503334455','Dammam','Existing Student','2026-04-16','Looking for Grade 5 admission','2026-04-16','Requested callback in evening','Website','mohammed.dosari@gmail.com',6,NULL,'1','active',1,'2026-04-16 13:48:42','2026-04-16 13:48:42'),(4,'Khalid Al Mutairi','966504445566','Riyadh','Agent','2026-04-16','Inquiry about fees and discounts','2026-04-16','Interested in sibling discount','Walk-in','khalid.mutairi@gmail.com',5,NULL,'','active',1,'2026-04-16 13:49:31','2026-04-16 13:49:31');
/*!40000 ALTER TABLE `enquiry` ENABLE KEYS */;
UNLOCK TABLES;

--
-- Table structure for table `enquiry_type`
--

DROP TABLE IF EXISTS `enquiry_type`;
/*!40101 SET @saved_cs_client     = @@character_set_client */;
/*!50503 SET character_set_client = utf8mb4 */;
CREATE TABLE `enquiry_type` (
  `id` int NOT NULL AUTO_INCREMENT,
  `enquiry_type` varchar(100) NOT NULL,
  `description` text NOT NULL,
  PRIMARY KEY (`id`)
) ENGINE=InnoDB DEFAULT CHARSET=utf8mb3;
/*!40101 SET character_set_client = @saved_cs_client */;

--
-- Dumping data for table `enquiry_type`
--

LOCK TABLES `enquiry_type` WRITE;
/*!40000 ALTER TABLE `enquiry_type` DISABLE KEYS */;
/*!40000 ALTER TABLE `enquiry_type` ENABLE KEYS */;
UNLOCK TABLES;

--
-- Table structure for table `events`
--

DROP TABLE IF EXISTS `events`;
/*!40101 SET @saved_cs_client     = @@character_set_client */;
/*!50503 SET character_set_client = utf8mb4 */;
CREATE TABLE `events` (
  `id` int NOT NULL AUTO_INCREMENT,
  `event_title` varchar(200) NOT NULL,
  `event_description` text NOT NULL,
  `start_date` datetime NOT NULL,
  `end_date` datetime NOT NULL,
  `event_type` varchar(100) NOT NULL,
  `event_color` varchar(200) NOT NULL,
  `event_for` varchar(100) NOT NULL,
  `role_id` int DEFAULT NULL,
  `is_active` varchar(100) NOT NULL,
  `created_at` timestamp NOT NULL DEFAULT CURRENT_TIMESTAMP,
  `updated_at` timestamp NOT NULL DEFAULT CURRENT_TIMESTAMP ON UPDATE CURRENT_TIMESTAMP,
  PRIMARY KEY (`id`),
  KEY `role_id` (`role_id`),
  CONSTRAINT `events_ibfk_1` FOREIGN KEY (`role_id`) REFERENCES `roles` (`id`) ON DELETE CASCADE
) ENGINE=InnoDB AUTO_INCREMENT=2 DEFAULT CHARSET=utf8mb3;
/*!40101 SET character_set_client = @saved_cs_client */;

--
-- Dumping data for table `events`
--

LOCK TABLES `events` WRITE;
/*!40000 ALTER TABLE `events` DISABLE KEYS */;
/*!40000 ALTER TABLE `events` ENABLE KEYS */;
UNLOCK TABLES;

--
-- Table structure for table `exam_group_class_batch_exam_students`
--

DROP TABLE IF EXISTS `exam_group_class_batch_exam_students`;
/*!40101 SET @saved_cs_client     = @@character_set_client */;
/*!50503 SET character_set_client = utf8mb4 */;
CREATE TABLE `exam_group_class_batch_exam_students` (
  `id` int NOT NULL AUTO_INCREMENT,
  `exam_group_class_batch_exam_id` int NOT NULL,
  `student_id` int NOT NULL,
  `student_session_id` int NOT NULL,
  `roll_no` int DEFAULT NULL,
  `teacher_remark` text,
  `rank` int NOT NULL DEFAULT '0',
  `is_active` int DEFAULT '0',
  `created_at` timestamp NOT NULL DEFAULT CURRENT_TIMESTAMP,
  `updated_at` timestamp NOT NULL DEFAULT CURRENT_TIMESTAMP ON UPDATE CURRENT_TIMESTAMP,
  PRIMARY KEY (`id`),
  KEY `exam_group_class_batch_exam_id` (`exam_group_class_batch_exam_id`),
  KEY `student_id` (`student_id`),
  KEY `student_session_id` (`student_session_id`),
  CONSTRAINT `exam_group_class_batch_exam_students_ibfk_1` FOREIGN KEY (`exam_group_class_batch_exam_id`) REFERENCES `exam_group_class_batch_exams` (`id`) ON DELETE CASCADE,
  CONSTRAINT `exam_group_class_batch_exam_students_ibfk_2` FOREIGN KEY (`student_id`) REFERENCES `students` (`id`) ON DELETE CASCADE,
  CONSTRAINT `exam_group_class_batch_exam_students_ibfk_3` FOREIGN KEY (`student_session_id`) REFERENCES `student_session` (`id`) ON DELETE CASCADE
) ENGINE=InnoDB AUTO_INCREMENT=32 DEFAULT CHARSET=utf8mb3;
/*!40101 SET character_set_client = @saved_cs_client */;

--
-- Dumping data for table `exam_group_class_batch_exam_students`
--

LOCK TABLES `exam_group_class_batch_exam_students` WRITE;
/*!40000 ALTER TABLE `exam_group_class_batch_exam_students` DISABLE KEYS */;
INSERT INTO `exam_group_class_batch_exam_students` VALUES (1,1,3,3,NULL,NULL,0,0,'2026-04-22 09:07:29','2026-04-22 09:07:29'),(2,1,4,4,NULL,NULL,0,0,'2026-04-22 09:07:29','2026-04-22 09:07:29'),(3,1,9,9,NULL,NULL,0,0,'2026-04-22 09:07:29','2026-04-22 09:07:29'),(4,1,5,5,NULL,NULL,0,0,'2026-04-22 09:08:49','2026-04-22 09:08:49'),(5,1,6,6,NULL,NULL,0,0,'2026-04-22 09:08:49','2026-04-22 09:08:49'),(10,2,3,3,100003,NULL,0,0,'2026-04-22 09:19:43','2026-04-22 09:56:58'),(11,2,4,4,100004,NULL,0,0,'2026-04-22 09:19:43','2026-04-22 09:56:58'),(12,2,9,9,100005,NULL,0,0,'2026-04-22 09:19:43','2026-04-22 09:56:58'),(13,2,5,5,100006,NULL,0,0,'2026-04-22 09:19:59','2026-04-22 09:56:58'),(14,2,6,6,100007,NULL,0,0,'2026-04-22 09:19:59','2026-04-22 09:56:58'),(15,6,3,3,NULL,NULL,0,0,'2026-04-22 09:39:15','2026-04-22 09:39:15'),(16,6,4,4,NULL,NULL,0,0,'2026-04-22 09:39:15','2026-04-22 09:39:15'),(17,6,9,9,NULL,NULL,0,0,'2026-04-22 09:39:15','2026-04-22 09:39:15'),(18,6,5,5,NULL,NULL,0,0,'2026-04-22 09:39:24','2026-04-22 09:39:24'),(19,6,6,6,NULL,NULL,0,0,'2026-04-22 09:39:24','2026-04-22 09:39:24'),(22,3,3,3,NULL,NULL,0,0,'2026-04-22 09:41:34','2026-04-22 09:41:34'),(23,3,4,4,NULL,NULL,0,0,'2026-04-22 09:41:34','2026-04-22 09:41:34'),(24,3,9,9,NULL,NULL,0,0,'2026-04-22 09:41:34','2026-04-22 09:41:34'),(25,3,5,5,NULL,NULL,0,0,'2026-04-22 09:41:45','2026-04-22 09:41:45'),(26,3,6,6,NULL,NULL,0,0,'2026-04-22 09:41:45','2026-04-22 09:41:45'),(29,4,3,3,NULL,NULL,0,0,'2026-04-22 09:42:31','2026-04-22 09:42:31'),(30,4,4,4,NULL,NULL,0,0,'2026-04-22 09:42:31','2026-04-22 09:42:31'),(31,4,9,9,NULL,NULL,0,0,'2026-04-22 09:42:31','2026-04-22 09:42:31');
/*!40000 ALTER TABLE `exam_group_class_batch_exam_students` ENABLE KEYS */;
UNLOCK TABLES;

--
-- Table structure for table `exam_group_class_batch_exam_subjects`
--

DROP TABLE IF EXISTS `exam_group_class_batch_exam_subjects`;
/*!40101 SET @saved_cs_client     = @@character_set_client */;
/*!50503 SET character_set_client = utf8mb4 */;
CREATE TABLE `exam_group_class_batch_exam_subjects` (
  `id` int NOT NULL AUTO_INCREMENT,
  `exam_group_class_batch_exams_id` int DEFAULT NULL,
  `subject_id` int NOT NULL,
  `date_from` date NOT NULL,
  `time_from` time NOT NULL,
  `duration` varchar(50) NOT NULL,
  `room_no` varchar(100) DEFAULT NULL,
  `max_marks` decimal(10,2) DEFAULT NULL,
  `min_marks` decimal(10,2) DEFAULT NULL,
  `credit_hours` decimal(10,2) DEFAULT '0.00',
  `date_to` datetime DEFAULT NULL,
  `is_active` int DEFAULT '0',
  `created_at` timestamp NOT NULL DEFAULT CURRENT_TIMESTAMP,
  `updated_at` timestamp NOT NULL DEFAULT CURRENT_TIMESTAMP ON UPDATE CURRENT_TIMESTAMP,
  PRIMARY KEY (`id`),
  KEY `exam_group_class_batch_exams_id` (`exam_group_class_batch_exams_id`),
  KEY `subject_id` (`subject_id`),
  CONSTRAINT `exam_group_class_batch_exam_subjects_ibfk_1` FOREIGN KEY (`exam_group_class_batch_exams_id`) REFERENCES `exam_group_class_batch_exams` (`id`) ON DELETE CASCADE,
  CONSTRAINT `exam_group_class_batch_exam_subjects_ibfk_2` FOREIGN KEY (`subject_id`) REFERENCES `subjects` (`id`) ON DELETE CASCADE
) ENGINE=InnoDB AUTO_INCREMENT=16 DEFAULT CHARSET=utf8mb3;
/*!40101 SET character_set_client = @saved_cs_client */;

--
-- Dumping data for table `exam_group_class_batch_exam_subjects`
--

LOCK TABLES `exam_group_class_batch_exam_subjects` WRITE;
/*!40000 ALTER TABLE `exam_group_class_batch_exam_subjects` DISABLE KEYS */;
INSERT INTO `exam_group_class_batch_exam_subjects` VALUES (1,1,1,'2026-04-23','07:30:00','40','101',100.00,33.00,3.00,NULL,0,'2026-04-22 09:14:19','2026-04-22 09:14:19'),(2,1,2,'2026-04-24','07:30:00','40','101',100.00,33.00,3.00,NULL,0,'2026-04-22 09:14:19','2026-04-22 09:14:19'),(3,1,6,'2026-04-25','07:30:00','40','101',100.00,33.00,3.00,NULL,0,'2026-04-22 09:14:19','2026-04-22 09:14:19'),(4,2,1,'2026-11-19','07:30:00','60','101',100.00,33.00,3.00,NULL,0,'2026-04-22 09:18:47','2026-04-22 09:18:47'),(5,2,2,'2026-11-20','07:30:00','060','102',100.00,33.00,3.00,NULL,0,'2026-04-22 09:18:47','2026-04-22 09:18:47'),(6,2,6,'2026-11-21','07:30:00','60','103',100.00,33.00,3.00,NULL,0,'2026-04-22 09:18:47','2026-04-22 09:18:47'),(7,6,1,'2026-04-26','07:30:00','20 min','Room 101',20.00,10.00,0.00,NULL,0,'2026-04-22 09:39:00','2026-04-22 09:39:00'),(8,6,2,'2026-04-27','07:30:00','20 min','Room 101',20.00,10.00,0.00,NULL,0,'2026-04-22 09:39:00','2026-04-22 09:39:00'),(9,6,6,'2026-04-28','07:30:00','20 min','Room 101',20.00,10.00,0.00,NULL,0,'2026-04-22 09:39:00','2026-04-22 09:39:00'),(10,3,1,'2026-05-15','07:00:00','50','101',50.00,20.00,0.00,NULL,0,'2026-04-22 09:41:24','2026-04-22 09:41:24'),(11,3,6,'2026-05-16','07:00:00','50','101',50.00,20.00,0.00,NULL,0,'2026-04-22 09:41:24','2026-04-22 09:41:24'),(12,3,2,'2026-05-17','07:00:00','50','101',50.00,20.00,0.00,NULL,0,'2026-04-22 09:41:24','2026-04-22 09:41:24'),(13,4,1,'2026-06-15','07:30:00','50','101',50.00,20.00,0.00,NULL,0,'2026-04-22 09:43:33','2026-04-22 09:43:33'),(14,4,2,'2026-06-16','07:30:00','50','101',50.00,20.00,0.00,NULL,0,'2026-04-22 09:43:33','2026-04-22 09:43:33'),(15,4,6,'2026-06-17','07:30:00','50','101',50.00,20.00,0.00,NULL,0,'2026-04-22 09:43:33','2026-04-22 09:43:33');
/*!40000 ALTER TABLE `exam_group_class_batch_exam_subjects` ENABLE KEYS */;
UNLOCK TABLES;

--
-- Table structure for table `exam_group_class_batch_exams`
--

DROP TABLE IF EXISTS `exam_group_class_batch_exams`;
/*!40101 SET @saved_cs_client     = @@character_set_client */;
/*!50503 SET character_set_client = utf8mb4 */;
CREATE TABLE `exam_group_class_batch_exams` (
  `id` int NOT NULL AUTO_INCREMENT,
  `exam` varchar(250) DEFAULT NULL,
  `passing_percentage` decimal(10,2) DEFAULT NULL,
  `session_id` int NOT NULL,
  `date_from` date DEFAULT NULL,
  `date_to` date DEFAULT NULL,
  `exam_group_id` int DEFAULT NULL,
  `use_exam_roll_no` int NOT NULL DEFAULT '1',
  `is_publish` int DEFAULT '0',
  `is_rank_generated` int NOT NULL DEFAULT '0',
  `description` text,
  `is_active` int DEFAULT '0',
  `created_at` timestamp NOT NULL DEFAULT CURRENT_TIMESTAMP,
  `updated_at` timestamp NOT NULL DEFAULT CURRENT_TIMESTAMP ON UPDATE CURRENT_TIMESTAMP,
  PRIMARY KEY (`id`),
  KEY `exam_group_id` (`exam_group_id`),
  KEY `exam_group_class_batch_exams_ibfk_2` (`session_id`),
  CONSTRAINT `exam_group_class_batch_exams_ibfk_1` FOREIGN KEY (`exam_group_id`) REFERENCES `exam_groups` (`id`) ON DELETE CASCADE,
  CONSTRAINT `exam_group_class_batch_exams_ibfk_2` FOREIGN KEY (`session_id`) REFERENCES `sessions` (`id`) ON DELETE CASCADE
) ENGINE=InnoDB AUTO_INCREMENT=7 DEFAULT CHARSET=utf8mb3;
/*!40101 SET character_set_client = @saved_cs_client */;

--
-- Dumping data for table `exam_group_class_batch_exams`
--

LOCK TABLES `exam_group_class_batch_exams` WRITE;
/*!40000 ALTER TABLE `exam_group_class_batch_exams` DISABLE KEYS */;
INSERT INTO `exam_group_class_batch_exams` VALUES (1,'Mid Term Exam 2026',NULL,21,NULL,NULL,1,0,0,0,'Mid-term exam for Grade 1–5 students',1,'2026-04-22 09:02:44','2026-04-22 09:05:04'),(2,'Final Exam 2026',NULL,21,NULL,NULL,2,0,0,0,'Final annual examination',1,'2026-04-22 09:03:44','2026-04-22 09:04:32'),(3,'Unit Test 1',NULL,21,NULL,NULL,3,0,0,0,'First unit test (basic assessment)',1,'2026-04-22 09:35:27','2026-04-22 09:35:27'),(4,'Unit Test 2',NULL,21,NULL,NULL,4,1,0,0,' Second unit test for progress check',1,'2026-04-22 09:36:04','2026-04-22 09:36:04'),(5,'Monthly Test – April',NULL,21,NULL,NULL,5,0,0,0,'Monthly evaluation test',1,'2026-04-22 09:36:38','2026-04-22 09:36:38'),(6,'Practice test before exams',NULL,21,NULL,NULL,6,0,0,0,' Practice test before exams',1,'2026-04-22 09:37:11','2026-04-22 09:37:11');
/*!40000 ALTER TABLE `exam_group_class_batch_exams` ENABLE KEYS */;
UNLOCK TABLES;

--
-- Table structure for table `exam_group_exam_connections`
--

DROP TABLE IF EXISTS `exam_group_exam_connections`;
/*!40101 SET @saved_cs_client     = @@character_set_client */;
/*!50503 SET character_set_client = utf8mb4 */;
CREATE TABLE `exam_group_exam_connections` (
  `id` int NOT NULL AUTO_INCREMENT,
  `exam_group_id` int DEFAULT NULL,
  `exam_group_class_batch_exams_id` int DEFAULT NULL,
  `exam_weightage` decimal(10,2) DEFAULT '0.00',
  `is_active` int DEFAULT '0',
  `created_at` timestamp NOT NULL DEFAULT CURRENT_TIMESTAMP,
  `updated_at` timestamp NOT NULL DEFAULT CURRENT_TIMESTAMP ON UPDATE CURRENT_TIMESTAMP,
  PRIMARY KEY (`id`),
  KEY `exam_group_id` (`exam_group_id`),
  KEY `exam_group_class_batch_exams_id` (`exam_group_class_batch_exams_id`),
  CONSTRAINT `exam_group_exam_connections_ibfk_1` FOREIGN KEY (`exam_group_id`) REFERENCES `exam_groups` (`id`) ON DELETE CASCADE,
  CONSTRAINT `exam_group_exam_connections_ibfk_2` FOREIGN KEY (`exam_group_class_batch_exams_id`) REFERENCES `exam_group_class_batch_exams` (`id`) ON DELETE CASCADE
) ENGINE=InnoDB DEFAULT CHARSET=utf8mb3;
/*!40101 SET character_set_client = @saved_cs_client */;

--
-- Dumping data for table `exam_group_exam_connections`
--

LOCK TABLES `exam_group_exam_connections` WRITE;
/*!40000 ALTER TABLE `exam_group_exam_connections` DISABLE KEYS */;
/*!40000 ALTER TABLE `exam_group_exam_connections` ENABLE KEYS */;
UNLOCK TABLES;

--
-- Table structure for table `exam_group_exam_results`
--

DROP TABLE IF EXISTS `exam_group_exam_results`;
/*!40101 SET @saved_cs_client     = @@character_set_client */;
/*!50503 SET character_set_client = utf8mb4 */;
CREATE TABLE `exam_group_exam_results` (
  `id` int NOT NULL AUTO_INCREMENT,
  `exam_group_class_batch_exam_student_id` int NOT NULL,
  `exam_group_class_batch_exam_subject_id` int DEFAULT NULL,
  `exam_group_student_id` int DEFAULT NULL,
  `attendence` varchar(10) DEFAULT NULL,
  `get_marks` decimal(10,2) DEFAULT '0.00',
  `note` text,
  `is_active` int DEFAULT '0',
  `created_at` timestamp NOT NULL DEFAULT CURRENT_TIMESTAMP,
  `updated_at` datetime DEFAULT CURRENT_TIMESTAMP,
  PRIMARY KEY (`id`),
  KEY `exam_group_class_batch_exam_subject_id` (`exam_group_class_batch_exam_subject_id`),
  KEY `exam_group_student_id` (`exam_group_student_id`),
  KEY `exam_group_class_batch_exam_student_id` (`exam_group_class_batch_exam_student_id`),
  CONSTRAINT `exam_group_exam_results_ibfk_1` FOREIGN KEY (`exam_group_class_batch_exam_subject_id`) REFERENCES `exam_group_class_batch_exam_subjects` (`id`) ON DELETE CASCADE,
  CONSTRAINT `exam_group_exam_results_ibfk_2` FOREIGN KEY (`exam_group_student_id`) REFERENCES `exam_group_students` (`id`) ON DELETE CASCADE,
  CONSTRAINT `exam_group_exam_results_ibfk_3` FOREIGN KEY (`exam_group_class_batch_exam_student_id`) REFERENCES `exam_group_class_batch_exam_students` (`id`) ON DELETE CASCADE
) ENGINE=InnoDB DEFAULT CHARSET=utf8mb3;
/*!40101 SET character_set_client = @saved_cs_client */;

--
-- Dumping data for table `exam_group_exam_results`
--

LOCK TABLES `exam_group_exam_results` WRITE;
/*!40000 ALTER TABLE `exam_group_exam_results` DISABLE KEYS */;
/*!40000 ALTER TABLE `exam_group_exam_results` ENABLE KEYS */;
UNLOCK TABLES;

--
-- Table structure for table `exam_group_students`
--

DROP TABLE IF EXISTS `exam_group_students`;
/*!40101 SET @saved_cs_client     = @@character_set_client */;
/*!50503 SET character_set_client = utf8mb4 */;
CREATE TABLE `exam_group_students` (
  `id` int NOT NULL AUTO_INCREMENT,
  `exam_group_id` int DEFAULT NULL,
  `student_id` int DEFAULT NULL,
  `student_session_id` int DEFAULT NULL,
  `is_active` int DEFAULT '0',
  `created_at` timestamp NOT NULL DEFAULT CURRENT_TIMESTAMP,
  `updated_at` timestamp NOT NULL DEFAULT CURRENT_TIMESTAMP ON UPDATE CURRENT_TIMESTAMP,
  PRIMARY KEY (`id`),
  KEY `exam_group_id` (`exam_group_id`),
  KEY `student_id` (`student_id`),
  KEY `student_session_id` (`student_session_id`),
  CONSTRAINT `exam_group_students_ibfk_1` FOREIGN KEY (`exam_group_id`) REFERENCES `exam_groups` (`id`) ON DELETE CASCADE,
  CONSTRAINT `exam_group_students_ibfk_2` FOREIGN KEY (`student_id`) REFERENCES `students` (`id`) ON DELETE CASCADE,
  CONSTRAINT `exam_group_students_ibfk_3` FOREIGN KEY (`student_session_id`) REFERENCES `student_session` (`id`) ON DELETE CASCADE
) ENGINE=InnoDB DEFAULT CHARSET=utf8mb3;
/*!40101 SET character_set_client = @saved_cs_client */;

--
-- Dumping data for table `exam_group_students`
--

LOCK TABLES `exam_group_students` WRITE;
/*!40000 ALTER TABLE `exam_group_students` DISABLE KEYS */;
/*!40000 ALTER TABLE `exam_group_students` ENABLE KEYS */;
UNLOCK TABLES;

--
-- Table structure for table `exam_groups`
--

DROP TABLE IF EXISTS `exam_groups`;
/*!40101 SET @saved_cs_client     = @@character_set_client */;
/*!50503 SET character_set_client = utf8mb4 */;
CREATE TABLE `exam_groups` (
  `id` int NOT NULL AUTO_INCREMENT,
  `name` varchar(250) DEFAULT NULL,
  `exam_type` varchar(250) DEFAULT NULL,
  `description` text,
  `is_active` int DEFAULT '1',
  `created_at` timestamp NOT NULL DEFAULT CURRENT_TIMESTAMP,
  `updated_at` timestamp NOT NULL DEFAULT CURRENT_TIMESTAMP ON UPDATE CURRENT_TIMESTAMP,
  PRIMARY KEY (`id`)
) ENGINE=InnoDB AUTO_INCREMENT=7 DEFAULT CHARSET=utf8mb3;
/*!40101 SET character_set_client = @saved_cs_client */;

--
-- Dumping data for table `exam_groups`
--

LOCK TABLES `exam_groups` WRITE;
/*!40000 ALTER TABLE `exam_groups` DISABLE KEYS */;
INSERT INTO `exam_groups` VALUES (1,'Mid Term Exam 2026','school_grade_system','Mid-term examination for all subjects conducted in the middle of the academic session.',0,'2026-04-22 08:50:07','2026-04-22 08:50:07'),(2,'Final Exam 2026','school_grade_system','Final examination covering full syllabus at the end of the academic year.',0,'2026-04-22 08:50:25','2026-04-22 08:50:25'),(3,'Unit Test 1','basic_system','Short test conducted to assess initial understanding of topics.',0,'2026-04-22 08:50:41','2026-04-22 08:50:41'),(4,'Unit Test 2','basic_system','Second unit test for continuous assessment of students.',0,'2026-04-22 08:50:56','2026-04-22 08:50:56'),(5,'Monthly Test – April','school_grade_system','Monthly assessment test for academic performance tracking.',0,'2026-04-22 08:51:09','2026-04-22 08:51:09'),(6,'Practice Test','basic_system','Practice examination to prepare students for main exams.',0,'2026-04-22 08:51:22','2026-04-22 08:51:22');
/*!40000 ALTER TABLE `exam_groups` ENABLE KEYS */;
UNLOCK TABLES;

--
-- Table structure for table `exam_schedules`
--

DROP TABLE IF EXISTS `exam_schedules`;
/*!40101 SET @saved_cs_client     = @@character_set_client */;
/*!50503 SET character_set_client = utf8mb4 */;
CREATE TABLE `exam_schedules` (
  `id` int NOT NULL AUTO_INCREMENT,
  `session_id` int NOT NULL,
  `exam_id` int DEFAULT NULL,
  `teacher_subject_id` int DEFAULT NULL,
  `date_of_exam` date DEFAULT NULL,
  `start_to` varchar(50) DEFAULT NULL,
  `end_from` varchar(50) DEFAULT NULL,
  `room_no` varchar(50) DEFAULT NULL,
  `full_marks` int DEFAULT NULL,
  `passing_marks` int DEFAULT NULL,
  `note` text,
  `is_active` varchar(255) DEFAULT 'no',
  `created_at` timestamp NOT NULL DEFAULT CURRENT_TIMESTAMP,
  `updated_at` timestamp NOT NULL DEFAULT CURRENT_TIMESTAMP ON UPDATE CURRENT_TIMESTAMP,
  PRIMARY KEY (`id`),
  KEY `teacher_subject_id` (`teacher_subject_id`),
  KEY `session_id` (`session_id`),
  KEY `exam_id` (`exam_id`),
  CONSTRAINT `exam_schedules_ibfk_1` FOREIGN KEY (`session_id`) REFERENCES `sessions` (`id`) ON DELETE CASCADE,
  CONSTRAINT `exam_schedules_ibfk_2` FOREIGN KEY (`exam_id`) REFERENCES `exams` (`id`) ON DELETE CASCADE
) ENGINE=InnoDB DEFAULT CHARSET=utf8mb3;
/*!40101 SET character_set_client = @saved_cs_client */;

--
-- Dumping data for table `exam_schedules`
--

LOCK TABLES `exam_schedules` WRITE;
/*!40000 ALTER TABLE `exam_schedules` DISABLE KEYS */;
/*!40000 ALTER TABLE `exam_schedules` ENABLE KEYS */;
UNLOCK TABLES;

--
-- Table structure for table `exams`
--

DROP TABLE IF EXISTS `exams`;
/*!40101 SET @saved_cs_client     = @@character_set_client */;
/*!50503 SET character_set_client = utf8mb4 */;
CREATE TABLE `exams` (
  `id` int NOT NULL AUTO_INCREMENT,
  `name` varchar(200) DEFAULT NULL,
  `sesion_id` int NOT NULL,
  `note` text,
  `is_active` varchar(255) DEFAULT 'no',
  `created_at` timestamp NOT NULL DEFAULT CURRENT_TIMESTAMP,
  `updated_at` timestamp NOT NULL DEFAULT CURRENT_TIMESTAMP ON UPDATE CURRENT_TIMESTAMP,
  PRIMARY KEY (`id`),
  KEY `sesion_id` (`sesion_id`),
  CONSTRAINT `exams_ibfk_1` FOREIGN KEY (`sesion_id`) REFERENCES `sessions` (`id`) ON DELETE CASCADE
) ENGINE=InnoDB DEFAULT CHARSET=utf8mb3;
/*!40101 SET character_set_client = @saved_cs_client */;

--
-- Dumping data for table `exams`
--

LOCK TABLES `exams` WRITE;
/*!40000 ALTER TABLE `exams` DISABLE KEYS */;
/*!40000 ALTER TABLE `exams` ENABLE KEYS */;
UNLOCK TABLES;

--
-- Table structure for table `expense_head`
--

DROP TABLE IF EXISTS `expense_head`;
/*!40101 SET @saved_cs_client     = @@character_set_client */;
/*!50503 SET character_set_client = utf8mb4 */;
CREATE TABLE `expense_head` (
  `id` int NOT NULL AUTO_INCREMENT,
  `exp_category` varchar(50) DEFAULT NULL,
  `description` text,
  `is_active` varchar(255) DEFAULT 'yes',
  `is_deleted` varchar(255) DEFAULT 'no',
  `created_at` timestamp NOT NULL DEFAULT CURRENT_TIMESTAMP,
  `updated_at` timestamp NOT NULL DEFAULT CURRENT_TIMESTAMP ON UPDATE CURRENT_TIMESTAMP,
  PRIMARY KEY (`id`)
) ENGINE=InnoDB AUTO_INCREMENT=10 DEFAULT CHARSET=utf8mb3;
/*!40101 SET character_set_client = @saved_cs_client */;

--
-- Dumping data for table `expense_head`
--

LOCK TABLES `expense_head` WRITE;
/*!40000 ALTER TABLE `expense_head` DISABLE KEYS */;
INSERT INTO `expense_head` VALUES (1,'Salary','','yes','no','2026-04-21 13:17:51','2026-04-21 13:17:51'),(2,'Electricity Bill','','yes','no','2026-04-21 13:18:06','2026-04-21 13:18:06'),(3,'Water Bill','','yes','no','2026-04-21 13:18:26','2026-04-21 13:18:26'),(4,'Internet Charges','','yes','no','2026-04-21 13:18:35','2026-04-21 13:18:35'),(5,'Maintenance','','yes','no','2026-04-21 13:18:44','2026-04-21 13:18:44'),(6,'Stationery','','yes','no','2026-04-21 13:18:52','2026-04-21 13:18:52'),(7,'Transport Expense Event','','yes','no','2026-04-21 13:19:03','2026-04-21 13:19:03'),(8,'Cleaning Expense','','yes','no','2026-04-21 13:19:12','2026-04-21 13:19:12'),(9,'Miscellaneous','','yes','no','2026-04-21 13:19:19','2026-04-21 13:19:19');
/*!40000 ALTER TABLE `expense_head` ENABLE KEYS */;
UNLOCK TABLES;

--
-- Table structure for table `expenses`
--

DROP TABLE IF EXISTS `expenses`;
/*!40101 SET @saved_cs_client     = @@character_set_client */;
/*!50503 SET character_set_client = utf8mb4 */;
CREATE TABLE `expenses` (
  `id` int NOT NULL AUTO_INCREMENT,
  `exp_head_id` int DEFAULT NULL,
  `name` varchar(50) DEFAULT NULL,
  `invoice_no` varchar(200) DEFAULT NULL,
  `date` date DEFAULT NULL,
  `amount` decimal(10,2) DEFAULT NULL,
  `documents` text,
  `note` text,
  `is_active` varchar(255) DEFAULT 'yes',
  `is_deleted` varchar(255) DEFAULT 'no',
  `created_at` timestamp NOT NULL DEFAULT CURRENT_TIMESTAMP,
  `updated_at` datetime DEFAULT CURRENT_TIMESTAMP,
  PRIMARY KEY (`id`),
  KEY `exp_head_id` (`exp_head_id`),
  CONSTRAINT `expenses_ibfk_1` FOREIGN KEY (`exp_head_id`) REFERENCES `expense_head` (`id`) ON DELETE CASCADE
) ENGINE=InnoDB AUTO_INCREMENT=7 DEFAULT CHARSET=utf8mb3;
/*!40101 SET character_set_client = @saved_cs_client */;

--
-- Dumping data for table `expenses`
--

LOCK TABLES `expenses` WRITE;
/*!40000 ALTER TABLE `expenses` DISABLE KEYS */;
INSERT INTO `expenses` VALUES (1,1,'Teacher Salary – April','EXP-2026-001','2021-10-04',15000.00,NULL,'Monthly salary for teaching staff','yes','no','2026-04-21 13:21:48','2026-04-21 13:21:48'),(2,2,'Electricity Bill – April','EXP-2026-002','1926-10-29',3200.00,NULL,'chool electricity bill','yes','no','2026-04-21 13:22:20','2026-04-21 13:22:20'),(3,4,'Internet Payment','EXP-2026-003','2026-04-21',500.00,NULL,'Monthly broadband bill','yes','no','2026-04-21 13:22:43','2026-04-21 13:22:43'),(4,6,'Office Supplies Purchase','EXP-2026-004','2026-04-21',800.00,NULL,' Pens, papers, notebooks','yes','no','2026-04-21 13:23:09','2026-04-21 13:23:09'),(5,5,'AC Repair','EXP-2026-005','2026-04-21',1200.00,NULL,'Classroom AC maintenance','yes','no','2026-04-21 13:23:30','2026-04-21 13:23:30'),(6,9,'Event Expense','EXP-2026-007','2026-04-21',1200.00,NULL,'Decorations and stage setup','yes','no','2026-04-21 13:24:01','2026-04-21 13:24:01');
/*!40000 ALTER TABLE `expenses` ENABLE KEYS */;
UNLOCK TABLES;

--
-- Table structure for table `fee_groups`
--

DROP TABLE IF EXISTS `fee_groups`;
/*!40101 SET @saved_cs_client     = @@character_set_client */;
/*!50503 SET character_set_client = utf8mb4 */;
CREATE TABLE `fee_groups` (
  `id` int NOT NULL AUTO_INCREMENT,
  `name` varchar(200) DEFAULT NULL,
  `is_system` int NOT NULL DEFAULT '0',
  `description` text,
  `nature` varchar(255) NOT NULL,
  `is_active` varchar(10) NOT NULL DEFAULT 'no',
  `created_at` timestamp NOT NULL DEFAULT CURRENT_TIMESTAMP,
  `updated_at` timestamp NOT NULL DEFAULT CURRENT_TIMESTAMP ON UPDATE CURRENT_TIMESTAMP,
  PRIMARY KEY (`id`)
) ENGINE=InnoDB AUTO_INCREMENT=3 DEFAULT CHARSET=utf8mb3;
/*!40101 SET character_set_client = @saved_cs_client */;

--
-- Dumping data for table `fee_groups`
--

LOCK TABLES `fee_groups` WRITE;
/*!40000 ALTER TABLE `fee_groups` DISABLE KEYS */;
INSERT INTO `fee_groups` VALUES (1,'Monthly Fees ',0,'Monthly Fees = Tuition + Transport\r\n','','no','2026-04-21 10:02:25','2026-04-21 10:02:25'),(2,'Admission Package',0,'Admission Package = Admission + Annual + ID Card','','no','2026-04-21 10:02:37','2026-04-21 10:02:37');
/*!40000 ALTER TABLE `fee_groups` ENABLE KEYS */;
UNLOCK TABLES;

--
-- Table structure for table `fee_groups_feetype`
--

DROP TABLE IF EXISTS `fee_groups_feetype`;
/*!40101 SET @saved_cs_client     = @@character_set_client */;
/*!50503 SET character_set_client = utf8mb4 */;
CREATE TABLE `fee_groups_feetype` (
  `id` int NOT NULL AUTO_INCREMENT,
  `fee_session_group_id` int DEFAULT NULL,
  `fee_groups_id` int DEFAULT NULL,
  `feetype_id` int DEFAULT NULL,
  `session_id` int DEFAULT NULL,
  `amount` decimal(10,2) DEFAULT NULL,
  `fine_type` varchar(50) NOT NULL DEFAULT 'none',
  `due_date` date DEFAULT NULL,
  `fine_percentage` decimal(10,2) NOT NULL DEFAULT '0.00',
  `fine_amount` decimal(10,2) NOT NULL DEFAULT '0.00',
  `fine_per_day` int NOT NULL DEFAULT '0',
  `is_active` varchar(10) NOT NULL DEFAULT 'no',
  `created_at` timestamp NOT NULL DEFAULT CURRENT_TIMESTAMP,
  `updated_at` timestamp NOT NULL DEFAULT CURRENT_TIMESTAMP ON UPDATE CURRENT_TIMESTAMP,
  PRIMARY KEY (`id`),
  KEY `fee_session_group_id` (`fee_session_group_id`),
  KEY `fee_groups_id` (`fee_groups_id`),
  KEY `feetype_id` (`feetype_id`),
  KEY `session_id` (`session_id`),
  CONSTRAINT `fee_groups_feetype_ibfk_1` FOREIGN KEY (`fee_session_group_id`) REFERENCES `fee_session_groups` (`id`) ON DELETE CASCADE,
  CONSTRAINT `fee_groups_feetype_ibfk_2` FOREIGN KEY (`fee_groups_id`) REFERENCES `fee_groups` (`id`) ON DELETE CASCADE,
  CONSTRAINT `fee_groups_feetype_ibfk_3` FOREIGN KEY (`feetype_id`) REFERENCES `feetype` (`id`) ON DELETE CASCADE,
  CONSTRAINT `fee_groups_feetype_ibfk_4` FOREIGN KEY (`session_id`) REFERENCES `sessions` (`id`) ON DELETE CASCADE
) ENGINE=InnoDB AUTO_INCREMENT=5 DEFAULT CHARSET=utf8mb3;
/*!40101 SET character_set_client = @saved_cs_client */;

--
-- Dumping data for table `fee_groups_feetype`
--

LOCK TABLES `fee_groups_feetype` WRITE;
/*!40000 ALTER TABLE `fee_groups_feetype` DISABLE KEYS */;
INSERT INTO `fee_groups_feetype` VALUES (1,1,1,1,21,2000.00,'percentage','2026-04-30',5.00,100.00,0,'no','2026-04-21 10:03:52','2026-04-21 10:03:52'),(2,1,1,2,21,200.00,'percentage','2026-04-30',1.00,2.00,0,'no','2026-04-21 10:04:52','2026-04-21 10:04:52'),(3,2,2,1,21,3000.00,'none','2026-04-30',0.00,0.00,0,'no','2026-04-21 10:05:25','2026-04-21 10:05:25'),(4,1,1,5,21,100.00,'none','2026-04-30',0.00,0.00,0,'no','2026-04-21 10:05:57','2026-04-21 10:05:57');
/*!40000 ALTER TABLE `fee_groups_feetype` ENABLE KEYS */;
UNLOCK TABLES;

--
-- Table structure for table `fee_receipt_no`
--

DROP TABLE IF EXISTS `fee_receipt_no`;
/*!40101 SET @saved_cs_client     = @@character_set_client */;
/*!50503 SET character_set_client = utf8mb4 */;
CREATE TABLE `fee_receipt_no` (
  `id` int NOT NULL AUTO_INCREMENT,
  `payment` int NOT NULL,
  `created_at` timestamp NOT NULL DEFAULT CURRENT_TIMESTAMP,
  `updated_at` timestamp NOT NULL DEFAULT CURRENT_TIMESTAMP ON UPDATE CURRENT_TIMESTAMP,
  PRIMARY KEY (`id`)
) ENGINE=InnoDB DEFAULT CHARSET=utf8mb3;
/*!40101 SET character_set_client = @saved_cs_client */;

--
-- Dumping data for table `fee_receipt_no`
--

LOCK TABLES `fee_receipt_no` WRITE;
/*!40000 ALTER TABLE `fee_receipt_no` DISABLE KEYS */;
/*!40000 ALTER TABLE `fee_receipt_no` ENABLE KEYS */;
UNLOCK TABLES;

--
-- Table structure for table `fee_session_groups`
--

DROP TABLE IF EXISTS `fee_session_groups`;
/*!40101 SET @saved_cs_client     = @@character_set_client */;
/*!50503 SET character_set_client = utf8mb4 */;
CREATE TABLE `fee_session_groups` (
  `id` int NOT NULL AUTO_INCREMENT,
  `fee_groups_id` int DEFAULT NULL,
  `session_id` int DEFAULT NULL,
  `is_active` varchar(10) NOT NULL DEFAULT 'no',
  `created_at` timestamp NOT NULL DEFAULT CURRENT_TIMESTAMP,
  `updated_at` timestamp NOT NULL DEFAULT CURRENT_TIMESTAMP ON UPDATE CURRENT_TIMESTAMP,
  PRIMARY KEY (`id`),
  KEY `fee_groups_id` (`fee_groups_id`),
  KEY `session_id` (`session_id`),
  CONSTRAINT `fee_session_groups_ibfk_1` FOREIGN KEY (`fee_groups_id`) REFERENCES `fee_groups` (`id`) ON DELETE CASCADE,
  CONSTRAINT `fee_session_groups_ibfk_2` FOREIGN KEY (`session_id`) REFERENCES `sessions` (`id`) ON DELETE CASCADE
) ENGINE=InnoDB AUTO_INCREMENT=3 DEFAULT CHARSET=utf8mb3;
/*!40101 SET character_set_client = @saved_cs_client */;

--
-- Dumping data for table `fee_session_groups`
--

LOCK TABLES `fee_session_groups` WRITE;
/*!40000 ALTER TABLE `fee_session_groups` DISABLE KEYS */;
INSERT INTO `fee_session_groups` VALUES (1,1,21,'no','2026-04-21 10:03:52','2026-04-21 10:03:52'),(2,2,21,'no','2026-04-21 10:05:25','2026-04-21 10:05:25');
/*!40000 ALTER TABLE `fee_session_groups` ENABLE KEYS */;
UNLOCK TABLES;

--
-- Table structure for table `feemasters`
--

DROP TABLE IF EXISTS `feemasters`;
/*!40101 SET @saved_cs_client     = @@character_set_client */;
/*!50503 SET character_set_client = utf8mb4 */;
CREATE TABLE `feemasters` (
  `id` int NOT NULL AUTO_INCREMENT,
  `session_id` int DEFAULT NULL,
  `feetype_id` int NOT NULL,
  `class_id` int DEFAULT NULL,
  `amount` decimal(10,2) DEFAULT NULL,
  `description` text,
  `is_active` varchar(255) DEFAULT 'no',
  `created_at` timestamp NOT NULL DEFAULT CURRENT_TIMESTAMP,
  `updated_at` timestamp NOT NULL DEFAULT CURRENT_TIMESTAMP ON UPDATE CURRENT_TIMESTAMP,
  PRIMARY KEY (`id`),
  KEY `session_id` (`session_id`),
  KEY `feetype_id` (`feetype_id`),
  KEY `class_id` (`class_id`),
  CONSTRAINT `feemasters_ibfk_1` FOREIGN KEY (`session_id`) REFERENCES `sessions` (`id`) ON DELETE CASCADE,
  CONSTRAINT `feemasters_ibfk_2` FOREIGN KEY (`feetype_id`) REFERENCES `feetype` (`id`) ON DELETE CASCADE,
  CONSTRAINT `feemasters_ibfk_3` FOREIGN KEY (`class_id`) REFERENCES `classes` (`id`) ON DELETE CASCADE
) ENGINE=InnoDB DEFAULT CHARSET=utf8mb3;
/*!40101 SET character_set_client = @saved_cs_client */;

--
-- Dumping data for table `feemasters`
--

LOCK TABLES `feemasters` WRITE;
/*!40000 ALTER TABLE `feemasters` DISABLE KEYS */;
/*!40000 ALTER TABLE `feemasters` ENABLE KEYS */;
UNLOCK TABLES;

--
-- Table structure for table `fees_discounts`
--

DROP TABLE IF EXISTS `fees_discounts`;
/*!40101 SET @saved_cs_client     = @@character_set_client */;
/*!50503 SET character_set_client = utf8mb4 */;
CREATE TABLE `fees_discounts` (
  `id` int NOT NULL AUTO_INCREMENT,
  `session_id` int DEFAULT NULL,
  `name` varchar(100) DEFAULT NULL,
  `code` varchar(100) DEFAULT NULL,
  `type` varchar(20) DEFAULT NULL,
  `percentage` decimal(10,2) DEFAULT NULL,
  `amount` decimal(10,2) DEFAULT NULL,
  `discount_limit` int DEFAULT NULL,
  `expire_date` date DEFAULT NULL,
  `description` text,
  `is_active` varchar(10) NOT NULL DEFAULT 'no',
  `created_at` timestamp NOT NULL DEFAULT CURRENT_TIMESTAMP,
  `updated_at` timestamp NOT NULL DEFAULT CURRENT_TIMESTAMP ON UPDATE CURRENT_TIMESTAMP,
  PRIMARY KEY (`id`),
  KEY `session_id` (`session_id`),
  CONSTRAINT `fees_discounts_ibfk_1` FOREIGN KEY (`session_id`) REFERENCES `sessions` (`id`) ON DELETE CASCADE
) ENGINE=InnoDB AUTO_INCREMENT=4 DEFAULT CHARSET=utf8mb3;
/*!40101 SET character_set_client = @saved_cs_client */;

--
-- Dumping data for table `fees_discounts`
--

LOCK TABLES `fees_discounts` WRITE;
/*!40000 ALTER TABLE `fees_discounts` DISABLE KEYS */;
INSERT INTO `fees_discounts` VALUES (1,21,'Sibling Discount','101','percentage',10.00,0.00,4,'2026-09-30','','no','2026-04-21 10:08:10','2026-04-21 10:08:10'),(2,21,'staff children','102','percentage',10.00,0.00,3,NULL,'','no','2026-04-21 10:08:47','2026-04-21 10:08:47'),(3,21,'merit','103','fix',NULL,150.00,2,'2026-07-31','','no','2026-04-21 10:09:18','2026-04-21 10:09:18');
/*!40000 ALTER TABLE `fees_discounts` ENABLE KEYS */;
UNLOCK TABLES;

--
-- Table structure for table `fees_reminder`
--

DROP TABLE IF EXISTS `fees_reminder`;
/*!40101 SET @saved_cs_client     = @@character_set_client */;
/*!50503 SET character_set_client = utf8mb4 */;
CREATE TABLE `fees_reminder` (
  `id` int NOT NULL AUTO_INCREMENT,
  `reminder_type` varchar(10) DEFAULT NULL,
  `day` int DEFAULT NULL,
  `is_active` int DEFAULT '0',
  `created_at` timestamp NOT NULL DEFAULT CURRENT_TIMESTAMP,
  `updated_at` datetime DEFAULT CURRENT_TIMESTAMP,
  PRIMARY KEY (`id`)
) ENGINE=InnoDB AUTO_INCREMENT=5 DEFAULT CHARSET=utf8mb3;
/*!40101 SET character_set_client = @saved_cs_client */;

--
-- Dumping data for table `fees_reminder`
--

LOCK TABLES `fees_reminder` WRITE;
/*!40000 ALTER TABLE `fees_reminder` DISABLE KEYS */;
INSERT INTO `fees_reminder` VALUES (1,'before',2,0,'2020-02-28 13:38:32',NULL),(2,'before',5,0,'2020-02-28 13:38:36',NULL),(3,'after',2,0,'2020-02-28 13:38:40',NULL),(4,'after',5,0,'2020-02-28 13:38:44',NULL);
/*!40000 ALTER TABLE `fees_reminder` ENABLE KEYS */;
UNLOCK TABLES;

--
-- Table structure for table `feetype`
--

DROP TABLE IF EXISTS `feetype`;
/*!40101 SET @saved_cs_client     = @@character_set_client */;
/*!50503 SET character_set_client = utf8mb4 */;
CREATE TABLE `feetype` (
  `id` int NOT NULL AUTO_INCREMENT,
  `is_system` int NOT NULL DEFAULT '0',
  `feecategory_id` int DEFAULT NULL,
  `type` varchar(50) DEFAULT NULL,
  `code` varchar(100) NOT NULL,
  `is_active` varchar(255) DEFAULT 'no',
  `description` text,
  `session_id` int DEFAULT NULL,
  `student_session_id` int DEFAULT NULL,
  `nature` varchar(255) NOT NULL,
  `created_at` timestamp NOT NULL DEFAULT CURRENT_TIMESTAMP,
  `updated_at` datetime DEFAULT CURRENT_TIMESTAMP,
  PRIMARY KEY (`id`)
) ENGINE=InnoDB AUTO_INCREMENT=6 DEFAULT CHARSET=utf8mb3;
/*!40101 SET character_set_client = @saved_cs_client */;

--
-- Dumping data for table `feetype`
--

LOCK TABLES `feetype` WRITE;
/*!40000 ALTER TABLE `feetype` DISABLE KEYS */;
INSERT INTO `feetype` VALUES (1,0,NULL,'Tuition Fee','101','no','FEES TYPE FOR COLLECTING TUITION FEE',NULL,NULL,'','2026-04-21 09:40:24','2026-04-21 09:40:24'),(2,0,NULL,'Transport Fee ','102','no','Fee for providing transport facilities',NULL,NULL,'','2026-04-21 09:41:03','2026-04-21 09:41:03'),(3,0,NULL,'Admission Fee','103','no','fees for admission',NULL,NULL,'','2026-04-21 09:41:30','2026-04-21 09:41:30'),(5,0,NULL,'Exam Fee','104','no','examination fees for forms',NULL,NULL,'','2026-04-21 09:42:18','2026-04-21 09:42:18');
/*!40000 ALTER TABLE `feetype` ENABLE KEYS */;
UNLOCK TABLES;

--
-- Table structure for table `filetypes`
--

DROP TABLE IF EXISTS `filetypes`;
/*!40101 SET @saved_cs_client     = @@character_set_client */;
/*!50503 SET character_set_client = utf8mb4 */;
CREATE TABLE `filetypes` (
  `id` int NOT NULL AUTO_INCREMENT,
  `file_extension` text,
  `file_mime` text,
  `file_size` int NOT NULL,
  `image_extension` text,
  `image_mime` text,
  `image_size` int NOT NULL,
  `created_at` timestamp NOT NULL DEFAULT CURRENT_TIMESTAMP,
  `updated_at` timestamp NOT NULL DEFAULT CURRENT_TIMESTAMP ON UPDATE CURRENT_TIMESTAMP,
  PRIMARY KEY (`id`)
) ENGINE=InnoDB AUTO_INCREMENT=2 DEFAULT CHARSET=utf8mb3;
/*!40101 SET character_set_client = @saved_cs_client */;

--
-- Dumping data for table `filetypes`
--

LOCK TABLES `filetypes` WRITE;
/*!40000 ALTER TABLE `filetypes` DISABLE KEYS */;
INSERT INTO `filetypes` VALUES (1,'pdf, zip, jpg, jpeg, png, txt, 7z, gif, csv, docx, mp3, mp4, accdb, odt, ods, ppt, pptx, xlsx, wmv, jfif, apk, ppt, bmp, jpe, mdb, rar, xls, svg','application/pdf, image/zip, image/jpg, image/png, image/jpeg, text/plain, application/x-zip-compressed, application/zip, image/gif, text/csv, application/vnd.openxmlformats-officedocument.wordprocessingml.document, audio/mpeg, application/msaccess, application/vnd.oasis.opendocument.text, application/vnd.oasis.opendocument.spreadsheet, application/vnd.ms-powerpoint, application/vnd.openxmlformats-officedocument.presentationml.presentation, application/vnd.openxmlformats-officedocument.spreadsheetml.sheet, video/x-ms-wmv, video/mp4, image/jpeg, application/vnd.android.package-archive, application/x-msdownload, application/vnd.ms-powerpoint, image/bmp, image/jpeg, application/msaccess, application/vnd.ms-excel, image/svg+xml',100048576,'jfif, png, jpe, jpeg, jpg, bmp, gif, svg','image/jpeg, image/png, image/jpeg, image/jpeg, image/bmp, image/gif, image/x-ms-bmp, image/svg+xml',10048576,'2021-01-30 13:03:03','2025-12-27 07:45:38');
/*!40000 ALTER TABLE `filetypes` ENABLE KEYS */;
UNLOCK TABLES;

--
-- Table structure for table `follow_up`
--

DROP TABLE IF EXISTS `follow_up`;
/*!40101 SET @saved_cs_client     = @@character_set_client */;
/*!50503 SET character_set_client = utf8mb4 */;
CREATE TABLE `follow_up` (
  `id` int NOT NULL AUTO_INCREMENT,
  `enquiry_id` int NOT NULL,
  `date` date NOT NULL,
  `next_date` date NOT NULL,
  `response` text NOT NULL,
  `note` text NOT NULL,
  `followup_by` int NOT NULL,
  `created_at` timestamp NOT NULL DEFAULT CURRENT_TIMESTAMP,
  `updated_at` timestamp NOT NULL DEFAULT CURRENT_TIMESTAMP ON UPDATE CURRENT_TIMESTAMP,
  PRIMARY KEY (`id`),
  KEY `enquiry_id` (`enquiry_id`),
  KEY `followup_by` (`followup_by`),
  CONSTRAINT `follow_up_ibfk_1` FOREIGN KEY (`enquiry_id`) REFERENCES `enquiry` (`id`) ON DELETE CASCADE,
  CONSTRAINT `follow_up_ibfk_2` FOREIGN KEY (`followup_by`) REFERENCES `staff` (`id`) ON DELETE CASCADE
) ENGINE=InnoDB AUTO_INCREMENT=3 DEFAULT CHARSET=utf8mb3;
/*!40101 SET character_set_client = @saved_cs_client */;

--
-- Dumping data for table `follow_up`
--

LOCK TABLES `follow_up` WRITE;
/*!40000 ALTER TABLE `follow_up` DISABLE KEYS */;
INSERT INTO `follow_up` VALUES (1,4,'2026-04-16','2026-04-17','didnt picked up call','will call again',1,'2026-04-16 13:54:13','2026-04-16 13:54:13'),(2,4,'2026-04-21','2026-04-30','didn\'t picked up the call','didn\'t picked up the call',1,'2026-04-21 06:26:58','2026-04-21 06:26:58');
/*!40000 ALTER TABLE `follow_up` ENABLE KEYS */;
UNLOCK TABLES;

--
-- Table structure for table `front_cms_media_gallery`
--

DROP TABLE IF EXISTS `front_cms_media_gallery`;
/*!40101 SET @saved_cs_client     = @@character_set_client */;
/*!50503 SET character_set_client = utf8mb4 */;
CREATE TABLE `front_cms_media_gallery` (
  `id` int NOT NULL AUTO_INCREMENT,
  `image` text,
  `thumb_path` text,
  `dir_path` text,
  `img_name` text,
  `thumb_name` text,
  `file_type` text NOT NULL,
  `file_size` varchar(100) NOT NULL,
  `vid_url` text NOT NULL,
  `vid_title` text NOT NULL,
  `created_at` timestamp NOT NULL DEFAULT CURRENT_TIMESTAMP,
  `updated_at` timestamp NOT NULL DEFAULT CURRENT_TIMESTAMP ON UPDATE CURRENT_TIMESTAMP,
  PRIMARY KEY (`id`)
) ENGINE=InnoDB DEFAULT CHARSET=utf8mb3;
/*!40101 SET character_set_client = @saved_cs_client */;

--
-- Dumping data for table `front_cms_media_gallery`
--

LOCK TABLES `front_cms_media_gallery` WRITE;
/*!40000 ALTER TABLE `front_cms_media_gallery` DISABLE KEYS */;
/*!40000 ALTER TABLE `front_cms_media_gallery` ENABLE KEYS */;
UNLOCK TABLES;

--
-- Table structure for table `front_cms_menu_items`
--

DROP TABLE IF EXISTS `front_cms_menu_items`;
/*!40101 SET @saved_cs_client     = @@character_set_client */;
/*!50503 SET character_set_client = utf8mb4 */;
CREATE TABLE `front_cms_menu_items` (
  `id` int NOT NULL AUTO_INCREMENT,
  `menu_id` int NOT NULL,
  `menu` varchar(100) DEFAULT NULL,
  `page_id` int NOT NULL,
  `parent_id` int NOT NULL,
  `ext_url` text,
  `open_new_tab` int DEFAULT '0',
  `ext_url_link` text,
  `slug` varchar(200) DEFAULT NULL,
  `weight` int DEFAULT NULL,
  `publish` int NOT NULL DEFAULT '0',
  `description` text,
  `is_active` varchar(10) DEFAULT 'no',
  `created_at` timestamp NOT NULL DEFAULT CURRENT_TIMESTAMP,
  `updated_at` timestamp NOT NULL DEFAULT CURRENT_TIMESTAMP ON UPDATE CURRENT_TIMESTAMP,
  PRIMARY KEY (`id`),
  KEY `menu_id` (`menu_id`),
  CONSTRAINT `front_cms_menu_items_ibfk_1` FOREIGN KEY (`menu_id`) REFERENCES `front_cms_menus` (`id`) ON DELETE CASCADE
) ENGINE=InnoDB AUTO_INCREMENT=5 DEFAULT CHARSET=utf8mb3;
/*!40101 SET character_set_client = @saved_cs_client */;

--
-- Dumping data for table `front_cms_menu_items`
--

LOCK TABLES `front_cms_menu_items` WRITE;
/*!40000 ALTER TABLE `front_cms_menu_items` DISABLE KEYS */;
INSERT INTO `front_cms_menu_items` VALUES (1,1,'Home',1,0,NULL,NULL,NULL,'home',1,0,NULL,'no','2019-12-02 22:11:50','2025-12-27 07:45:39'),(2,1,'Contact Us',76,0,NULL,NULL,NULL,'contact-us',4,0,NULL,'no','2019-12-02 22:11:52','2025-12-27 07:45:39'),(3,1,'Complain',2,0,NULL,NULL,NULL,'complain',3,0,NULL,'no','2019-12-02 22:11:52','2025-12-27 07:45:39'),(4,1,'Online Admission',5,0,'1',1,'https://t2.pixciletechnologies.com/site/onlineadmission','online-admission',2,0,NULL,'no','2019-12-21 15:33:00','2026-04-21 09:03:47');
/*!40000 ALTER TABLE `front_cms_menu_items` ENABLE KEYS */;
UNLOCK TABLES;

--
-- Table structure for table `front_cms_menus`
--

DROP TABLE IF EXISTS `front_cms_menus`;
/*!40101 SET @saved_cs_client     = @@character_set_client */;
/*!50503 SET character_set_client = utf8mb4 */;
CREATE TABLE `front_cms_menus` (
  `id` int NOT NULL AUTO_INCREMENT,
  `menu` varchar(100) DEFAULT NULL,
  `slug` varchar(200) DEFAULT NULL,
  `description` text,
  `open_new_tab` int NOT NULL DEFAULT '0',
  `ext_url` text NOT NULL,
  `ext_url_link` text NOT NULL,
  `publish` int NOT NULL DEFAULT '0',
  `content_type` varchar(10) NOT NULL DEFAULT 'manual',
  `is_active` varchar(10) DEFAULT 'no',
  `created_at` timestamp NOT NULL DEFAULT CURRENT_TIMESTAMP,
  `updated_at` timestamp NOT NULL DEFAULT CURRENT_TIMESTAMP ON UPDATE CURRENT_TIMESTAMP,
  PRIMARY KEY (`id`)
) ENGINE=InnoDB AUTO_INCREMENT=3 DEFAULT CHARSET=utf8mb3;
/*!40101 SET character_set_client = @saved_cs_client */;

--
-- Dumping data for table `front_cms_menus`
--

LOCK TABLES `front_cms_menus` WRITE;
/*!40000 ALTER TABLE `front_cms_menus` DISABLE KEYS */;
INSERT INTO `front_cms_menus` VALUES (1,'Main Menu','main-menu','Main menu',0,'','',0,'default','no','2018-04-20 14:54:49','2025-12-27 07:45:39'),(2,'Bottom Menu','bottom-menu','Bottom Menu',0,'','',0,'default','no','2018-04-20 14:54:55','2025-12-27 07:45:39');
/*!40000 ALTER TABLE `front_cms_menus` ENABLE KEYS */;
UNLOCK TABLES;

--
-- Table structure for table `front_cms_page_contents`
--

DROP TABLE IF EXISTS `front_cms_page_contents`;
/*!40101 SET @saved_cs_client     = @@character_set_client */;
/*!50503 SET character_set_client = utf8mb4 */;
CREATE TABLE `front_cms_page_contents` (
  `id` int NOT NULL AUTO_INCREMENT,
  `page_id` int DEFAULT NULL,
  `content_type` varchar(50) DEFAULT NULL,
  `created_at` timestamp NOT NULL DEFAULT CURRENT_TIMESTAMP,
  `updated_at` timestamp NOT NULL DEFAULT CURRENT_TIMESTAMP ON UPDATE CURRENT_TIMESTAMP,
  PRIMARY KEY (`id`),
  KEY `page_id` (`page_id`),
  CONSTRAINT `front_cms_page_contents_ibfk_1` FOREIGN KEY (`page_id`) REFERENCES `front_cms_pages` (`id`) ON DELETE CASCADE
) ENGINE=InnoDB DEFAULT CHARSET=utf8mb3;
/*!40101 SET character_set_client = @saved_cs_client */;

--
-- Dumping data for table `front_cms_page_contents`
--

LOCK TABLES `front_cms_page_contents` WRITE;
/*!40000 ALTER TABLE `front_cms_page_contents` DISABLE KEYS */;
/*!40000 ALTER TABLE `front_cms_page_contents` ENABLE KEYS */;
UNLOCK TABLES;

--
-- Table structure for table `front_cms_pages`
--

DROP TABLE IF EXISTS `front_cms_pages`;
/*!40101 SET @saved_cs_client     = @@character_set_client */;
/*!50503 SET character_set_client = utf8mb4 */;
CREATE TABLE `front_cms_pages` (
  `id` int NOT NULL AUTO_INCREMENT,
  `page_type` varchar(10) NOT NULL DEFAULT 'manual',
  `is_homepage` int DEFAULT '0',
  `title` varchar(250) DEFAULT NULL,
  `url` varchar(250) DEFAULT NULL,
  `type` varchar(50) DEFAULT NULL,
  `slug` varchar(200) DEFAULT NULL,
  `meta_title` text,
  `meta_description` text,
  `meta_keyword` text,
  `feature_image` text NOT NULL,
  `description` longtext,
  `publish_date` date DEFAULT NULL,
  `publish` int DEFAULT '0',
  `sidebar` int DEFAULT '0',
  `is_active` varchar(10) DEFAULT 'no',
  `created_at` timestamp NOT NULL DEFAULT CURRENT_TIMESTAMP,
  `updated_at` timestamp NOT NULL DEFAULT CURRENT_TIMESTAMP ON UPDATE CURRENT_TIMESTAMP,
  PRIMARY KEY (`id`)
) ENGINE=InnoDB AUTO_INCREMENT=6 DEFAULT CHARSET=utf8mb3;
/*!40101 SET character_set_client = @saved_cs_client */;

--
-- Dumping data for table `front_cms_pages`
--

LOCK TABLES `front_cms_pages` WRITE;
/*!40000 ALTER TABLE `front_cms_pages` DISABLE KEYS */;
INSERT INTO `front_cms_pages` VALUES (1,'default',1,'Home','page/home','page','home','','','','','<p>home page</p>','0000-00-00',1,NULL,'no','2019-12-02 15:23:47','2025-12-27 07:45:39'),(2,'default',0,'Complain','page/complain','page','complain','Complain form','                                                                                                                                                                                    complain form                                                                                                                                                                                                                                ','complain form','','<p>[form-builder:complain]</p>','0000-00-00',1,NULL,'no','2019-11-13 10:16:36','2025-12-27 07:45:39'),(3,'default',0,'404 page','page/404-page','page','404-page','','                                ','','','<html>\r\n<head>\r\n <title></title>\r\n</head>\r\n<body>\r\n<p>404 page found</p>\r\n</body>\r\n</html>','0000-00-00',0,NULL,'no','2018-05-18 14:46:04','2025-12-27 07:45:39'),(4,'default',0,'Contact us','page/contact-us','page','contact-us','','','','','<section class=\"contact\">\r\n<div class=\"container\">\r\n<div class=\"row\">\r\n<h2 class=\"col-md-12 col-sm-12\">Send In Your Query</h2>\r\n\r\n<p>&nbsp;</p>\r\n\r\n<div class=\"col-md-12 col-sm-12\">[form-builder:contact_us]<!--./row--></div>\r\n<!--./col-md-12--></div>\r\n<!--./row--></div>\r\n<!--./container--></section>\r\n\r\n<div class=\"col-md-4 col-sm-4\">\r\n<div class=\"contact-item\"><img src=\"http://192.168.1.81/repos/smartschool/uploads/gallery/media/pin.svg\" />\r\n<h3>Our Location</h3>\r\n\r\n<p>350 Fifth Avenue, 34th floor New York NY 10118-3299 USA</p>\r\n</div>\r\n<!--./contact-item--></div>\r\n<!--./col-md-4-->\r\n\r\n<div class=\"col-md-4 col-sm-4\">\r\n<div class=\"contact-item\"><img src=\"http://192.168.1.81/repos/smartschool/uploads/gallery/media/phone.svg\" />\r\n<h3>CALL US</h3>\r\n\r\n<p>E-mail : info@abcschool.com</p>\r\n\r\n<p>Mobile : +91-9009987654</p>\r\n</div>\r\n<!--./contact-item--></div>\r\n<!--./col-md-4-->\r\n\r\n<div class=\"col-md-4 col-sm-4\">\r\n<div class=\"contact-item\"><img src=\"http://192.168.1.81/repos/smartschool/uploads/gallery/media/clock.svg\" />\r\n<h3>Working Hours</h3>\r\n\r\n<p>Mon-Fri : 9 am to 5 pm</p>\r\n\r\n<p>Sat : 9 am to 3 pm</p>\r\n</div>\r\n<!--./contact-item--></div>\r\n<!--./col-md-4-->\r\n\r\n<div class=\"col-md-12 col-sm-12\">\r\n<div class=\"mapWrapper fullwidth\"><iframe frameborder=\"0\" height=\"500\" marginheight=\"0\" marginwidth=\"0\" scrolling=\"no\" src=\"http://maps.google.com/maps?f=q&source=s_q&hl=EN&q=time+square&aq=&sll=40.716558,-73.931122&sspn=0.40438,1.056747&ie=UTF8&rq=1&ev=p&split=1&radius=33.22&hq=time+square&hnear=&ll=37.061753,-95.677185&spn=0.438347,0.769043&z=9&output=embed\" width=\"100%\"></iframe></div>\r\n</div>','0000-00-00',0,NULL,'no','2019-05-04 15:46:41','2025-12-27 07:45:39'),(5,'manual',0,'online admission','page/online-admission','page','online-admission','','','','','onlineadmission',NULL,0,NULL,'no','2026-04-21 08:49:44','2026-04-21 08:49:44');
/*!40000 ALTER TABLE `front_cms_pages` ENABLE KEYS */;
UNLOCK TABLES;

--
-- Table structure for table `front_cms_program_photos`
--

DROP TABLE IF EXISTS `front_cms_program_photos`;
/*!40101 SET @saved_cs_client     = @@character_set_client */;
/*!50503 SET character_set_client = utf8mb4 */;
CREATE TABLE `front_cms_program_photos` (
  `id` int NOT NULL AUTO_INCREMENT,
  `program_id` int DEFAULT NULL,
  `media_gallery_id` int NOT NULL,
  `created_at` timestamp NOT NULL DEFAULT CURRENT_TIMESTAMP,
  `updated_at` timestamp NOT NULL DEFAULT CURRENT_TIMESTAMP ON UPDATE CURRENT_TIMESTAMP,
  PRIMARY KEY (`id`),
  KEY `program_id` (`program_id`),
  CONSTRAINT `front_cms_program_photos_ibfk_1` FOREIGN KEY (`program_id`) REFERENCES `front_cms_programs` (`id`) ON DELETE CASCADE
) ENGINE=InnoDB DEFAULT CHARSET=utf8mb3;
/*!40101 SET character_set_client = @saved_cs_client */;

--
-- Dumping data for table `front_cms_program_photos`
--

LOCK TABLES `front_cms_program_photos` WRITE;
/*!40000 ALTER TABLE `front_cms_program_photos` DISABLE KEYS */;
/*!40000 ALTER TABLE `front_cms_program_photos` ENABLE KEYS */;
UNLOCK TABLES;

--
-- Table structure for table `front_cms_programs`
--

DROP TABLE IF EXISTS `front_cms_programs`;
/*!40101 SET @saved_cs_client     = @@character_set_client */;
/*!50503 SET character_set_client = utf8mb4 */;
CREATE TABLE `front_cms_programs` (
  `id` int NOT NULL AUTO_INCREMENT,
  `type` varchar(50) DEFAULT NULL,
  `slug` varchar(255) DEFAULT NULL,
  `url` text,
  `title` varchar(200) DEFAULT NULL,
  `date` date DEFAULT NULL,
  `event_start` date DEFAULT NULL,
  `event_end` date DEFAULT NULL,
  `event_venue` text,
  `description` text,
  `is_active` varchar(10) DEFAULT 'no',
  `meta_title` text NOT NULL,
  `meta_description` text NOT NULL,
  `meta_keyword` text NOT NULL,
  `feature_image` text NOT NULL,
  `publish_date` date DEFAULT NULL,
  `publish` varchar(10) DEFAULT '0',
  `sidebar` int DEFAULT '0',
  `created_at` timestamp NOT NULL DEFAULT CURRENT_TIMESTAMP,
  `updated_at` timestamp NOT NULL DEFAULT CURRENT_TIMESTAMP ON UPDATE CURRENT_TIMESTAMP,
  PRIMARY KEY (`id`)
) ENGINE=InnoDB AUTO_INCREMENT=4 DEFAULT CHARSET=utf8mb3;
/*!40101 SET character_set_client = @saved_cs_client */;

--
-- Dumping data for table `front_cms_programs`
--

LOCK TABLES `front_cms_programs` WRITE;
/*!40000 ALTER TABLE `front_cms_programs` DISABLE KEYS */;
INSERT INTO `front_cms_programs` VALUES (1,'events','annual-sports-day-2026','read/annual-sports-day-2026','Annual Sports Day 2026',NULL,'2026-04-23','2026-04-23','School Playground','<p data-end=\"425\" data-start=\"129\">Our Annual Sports Day will include races, team games, and fun activities for students of all grades. Parents are invited to attend and support students.</p>','no','','','','',NULL,'0',NULL,'2026-04-23 09:53:34','2026-04-23 09:53:34'),(2,'gallery','sports-day-highlights','read/sports-day-highlights','Sports Day Highlights',NULL,NULL,NULL,NULL,'Photos from Annual Sports Day showing student participation, races, and prize distribution.','no','','','','',NULL,'0',NULL,'2026-04-23 09:56:17','2026-04-23 09:56:17'),(3,'notice','new-academic-session-started','read/new-academic-session-started','New Academic Session Started','2026-04-23',NULL,NULL,NULL,'<p data-end=\"945\" data-start=\"713\">We are pleased to announce the start of the new academic session. Students are welcomed with new books, updated curriculum, and improved facilities.</p>','no','','','','',NULL,'0',NULL,'2026-04-23 09:57:06','2026-04-23 09:57:06');
/*!40000 ALTER TABLE `front_cms_programs` ENABLE KEYS */;
UNLOCK TABLES;

--
-- Table structure for table `front_cms_settings`
--

DROP TABLE IF EXISTS `front_cms_settings`;
/*!40101 SET @saved_cs_client     = @@character_set_client */;
/*!50503 SET character_set_client = utf8mb4 */;
CREATE TABLE `front_cms_settings` (
  `id` int NOT NULL AUTO_INCREMENT,
  `theme` varchar(50) DEFAULT NULL,
  `is_active_rtl` int DEFAULT '0',
  `is_active_front_cms` int DEFAULT '0',
  `is_active_sidebar` int DEFAULT '0',
  `logo` text,
  `contact_us_email` varchar(100) DEFAULT NULL,
  `complain_form_email` varchar(100) DEFAULT NULL,
  `sidebar_options` text NOT NULL,
  `whatsapp_url` varchar(255) NOT NULL,
  `fb_url` varchar(200) NOT NULL,
  `twitter_url` varchar(200) NOT NULL,
  `youtube_url` varchar(200) NOT NULL,
  `google_plus` varchar(200) NOT NULL,
  `instagram_url` varchar(200) NOT NULL,
  `pinterest_url` varchar(200) NOT NULL,
  `linkedin_url` varchar(200) NOT NULL,
  `google_analytics` text,
  `footer_text` varchar(500) DEFAULT NULL,
  `cookie_consent` varchar(255) NOT NULL,
  `fav_icon` varchar(250) DEFAULT NULL,
  `created_at` timestamp NOT NULL DEFAULT CURRENT_TIMESTAMP,
  `updated_at` timestamp NOT NULL DEFAULT CURRENT_TIMESTAMP ON UPDATE CURRENT_TIMESTAMP,
  PRIMARY KEY (`id`)
) ENGINE=InnoDB AUTO_INCREMENT=2 DEFAULT CHARSET=utf8mb3;
/*!40101 SET character_set_client = @saved_cs_client */;

--
-- Dumping data for table `front_cms_settings`
--

LOCK TABLES `front_cms_settings` WRITE;
/*!40000 ALTER TABLE `front_cms_settings` DISABLE KEYS */;
INSERT INTO `front_cms_settings` VALUES (1,'default',1,1,1,'./uploads/school_content/logo/1672900975-128524590063b6716fc26ed!front_logo-608ff44a5f8f07.35255544.png','','','[\"news\",\"complain\"]','','','','','','','','','','© 2026 Al Noor International School, Riyadh, Saudi Arabia. All rights reserved.','We use cookies to improve your experience on our website. By continuing to browse, you agree to our use of cookies.','./uploads/school_content/logo/1672900975-63781378463b6716fc2886!front_fav_icon-608ff44a5fdb33.94953981.png','2023-01-05 06:42:55','2026-04-16 08:54:03');
/*!40000 ALTER TABLE `front_cms_settings` ENABLE KEYS */;
UNLOCK TABLES;

--
-- Table structure for table `gateway_ins`
--

DROP TABLE IF EXISTS `gateway_ins`;
/*!40101 SET @saved_cs_client     = @@character_set_client */;
/*!50503 SET character_set_client = utf8mb4 */;
CREATE TABLE `gateway_ins` (
  `id` int NOT NULL AUTO_INCREMENT,
  `online_admission_id` int DEFAULT NULL,
  `gateway_name` varchar(50) NOT NULL,
  `module_type` varchar(255) NOT NULL,
  `unique_id` varchar(255) NOT NULL,
  `parameter_details` mediumtext NOT NULL,
  `payment_status` varchar(255) NOT NULL,
  `created_at` timestamp NOT NULL DEFAULT CURRENT_TIMESTAMP,
  `updated_at` timestamp NOT NULL DEFAULT CURRENT_TIMESTAMP ON UPDATE CURRENT_TIMESTAMP,
  PRIMARY KEY (`id`),
  KEY `online_admission_id` (`online_admission_id`),
  CONSTRAINT `gateway_ins_ibfk_1` FOREIGN KEY (`online_admission_id`) REFERENCES `online_admissions` (`id`) ON DELETE CASCADE
) ENGINE=InnoDB DEFAULT CHARSET=utf8mb3;
/*!40101 SET character_set_client = @saved_cs_client */;

--
-- Dumping data for table `gateway_ins`
--

LOCK TABLES `gateway_ins` WRITE;
/*!40000 ALTER TABLE `gateway_ins` DISABLE KEYS */;
/*!40000 ALTER TABLE `gateway_ins` ENABLE KEYS */;
UNLOCK TABLES;

--
-- Table structure for table `gateway_ins_response`
--

DROP TABLE IF EXISTS `gateway_ins_response`;
/*!40101 SET @saved_cs_client     = @@character_set_client */;
/*!50503 SET character_set_client = utf8mb4 */;
CREATE TABLE `gateway_ins_response` (
  `id` int NOT NULL AUTO_INCREMENT,
  `gateway_ins_id` int DEFAULT NULL,
  `posted_data` text,
  `response` text,
  `created_at` timestamp NOT NULL DEFAULT CURRENT_TIMESTAMP,
  `updated_at` timestamp NOT NULL DEFAULT CURRENT_TIMESTAMP ON UPDATE CURRENT_TIMESTAMP,
  PRIMARY KEY (`id`),
  KEY `gateway_ins_id` (`gateway_ins_id`),
  CONSTRAINT `gateway_ins_response_ibfk_1` FOREIGN KEY (`gateway_ins_id`) REFERENCES `gateway_ins` (`id`) ON DELETE CASCADE
) ENGINE=InnoDB DEFAULT CHARSET=utf8mb3;
/*!40101 SET character_set_client = @saved_cs_client */;

--
-- Dumping data for table `gateway_ins_response`
--

LOCK TABLES `gateway_ins_response` WRITE;
/*!40000 ALTER TABLE `gateway_ins_response` DISABLE KEYS */;
/*!40000 ALTER TABLE `gateway_ins_response` ENABLE KEYS */;
UNLOCK TABLES;

--
-- Table structure for table `general_calls`
--

DROP TABLE IF EXISTS `general_calls`;
/*!40101 SET @saved_cs_client     = @@character_set_client */;
/*!50503 SET character_set_client = utf8mb4 */;
CREATE TABLE `general_calls` (
  `id` int NOT NULL AUTO_INCREMENT,
  `name` varchar(100) NOT NULL,
  `contact` varchar(12) NOT NULL,
  `date` date NOT NULL,
  `description` varchar(500) NOT NULL,
  `follow_up_date` date NOT NULL,
  `call_duration` varchar(50) NOT NULL,
  `note` text NOT NULL,
  `call_type` varchar(20) NOT NULL,
  `created_at` timestamp NOT NULL DEFAULT CURRENT_TIMESTAMP,
  `updated_at` timestamp NOT NULL DEFAULT CURRENT_TIMESTAMP ON UPDATE CURRENT_TIMESTAMP,
  PRIMARY KEY (`id`)
) ENGINE=InnoDB AUTO_INCREMENT=4 DEFAULT CHARSET=utf8mb3;
/*!40101 SET character_set_client = @saved_cs_client */;

--
-- Dumping data for table `general_calls`
--

LOCK TABLES `general_calls` WRITE;
/*!40000 ALTER TABLE `general_calls` DISABLE KEYS */;
INSERT INTO `general_calls` VALUES (1,'Abdullah Al Harbi','+96650111223','2026-04-21','Called to inquire about Grade 3 admission and transport facility','2026-04-30','3','Asked for fee details, will visit school','Incoming','2026-04-21 06:33:50','2026-04-21 06:33:50'),(2,'Khalid Al Mutairi','+96650444556','2026-04-21','Inquiry about fee structure and discount options','2026-04-29','3','Interested in sibling discount','Outgoing','2026-04-21 06:34:48','2026-04-21 06:34:48'),(3,'Mohammed Al Dosari','+96650444556','2026-04-21','Called to confirm admission availability for Grade 5','2026-04-28','2','Called to confirm admission availability for Grade 5','Incoming','2026-04-21 06:35:27','2026-04-21 06:35:27');
/*!40000 ALTER TABLE `general_calls` ENABLE KEYS */;
UNLOCK TABLES;

--
-- Table structure for table `google_drive_setting`
--

DROP TABLE IF EXISTS `google_drive_setting`;
/*!40101 SET @saved_cs_client     = @@character_set_client */;
/*!50503 SET character_set_client = utf8mb4 */;
CREATE TABLE `google_drive_setting` (
  `id` int NOT NULL AUTO_INCREMENT,
  `client_id` text NOT NULL,
  `api_key` text NOT NULL,
  `project_number` varchar(255) NOT NULL,
  `is_enable` varchar(255) NOT NULL,
  `is_student` varchar(255) NOT NULL,
  `is_parent` varchar(255) NOT NULL,
  `is_staff` varchar(255) NOT NULL,
  PRIMARY KEY (`id`)
) ENGINE=InnoDB AUTO_INCREMENT=2 DEFAULT CHARSET=utf8mb3;
/*!40101 SET character_set_client = @saved_cs_client */;

--
-- Dumping data for table `google_drive_setting`
--

LOCK TABLES `google_drive_setting` WRITE;
/*!40000 ALTER TABLE `google_drive_setting` DISABLE KEYS */;
INSERT INTO `google_drive_setting` VALUES (1,'','','','disabled','disabled','disabled','disabled');
/*!40000 ALTER TABLE `google_drive_setting` ENABLE KEYS */;
UNLOCK TABLES;

--
-- Table structure for table `grades`
--

DROP TABLE IF EXISTS `grades`;
/*!40101 SET @saved_cs_client     = @@character_set_client */;
/*!50503 SET character_set_client = utf8mb4 */;
CREATE TABLE `grades` (
  `id` int NOT NULL AUTO_INCREMENT,
  `exam_type` varchar(250) DEFAULT NULL,
  `name` varchar(100) DEFAULT NULL,
  `point` float(10,1) DEFAULT NULL,
  `mark_from` decimal(10,2) DEFAULT NULL,
  `mark_upto` decimal(10,2) DEFAULT NULL,
  `description` text,
  `is_active` varchar(255) DEFAULT 'no',
  `created_at` timestamp NOT NULL DEFAULT CURRENT_TIMESTAMP,
  `updated_at` timestamp NOT NULL DEFAULT CURRENT_TIMESTAMP ON UPDATE CURRENT_TIMESTAMP,
  PRIMARY KEY (`id`)
) ENGINE=InnoDB AUTO_INCREMENT=20 DEFAULT CHARSET=utf8mb3;
/*!40101 SET character_set_client = @saved_cs_client */;

--
-- Dumping data for table `grades`
--

LOCK TABLES `grades` WRITE;
/*!40000 ALTER TABLE `grades` DISABLE KEYS */;
INSERT INTO `grades` VALUES (1,'basic_system','Pass',1.0,40.00,100.00,'Student has passed the exam','no','2026-04-22 08:34:02','2026-04-22 08:34:02'),(2,'basic_system','Fail',0.0,39.00,0.00,'Student has failed the exam','no','2026-04-22 08:34:39','2026-04-22 08:34:39'),(3,'school_grade_system','A+',10.0,90.00,100.00,'ممتاز (Excellent)','no','2026-04-22 08:36:40','2026-04-22 08:36:40'),(4,'school_grade_system','A',9.0,89.00,80.00,'جيد جداً (Very Good)','no','2026-04-22 08:37:22','2026-04-22 08:37:22'),(5,'school_grade_system','B',7.0,79.00,70.00,'مقبول (Average)','no','2026-04-22 08:37:57','2026-04-22 08:37:57'),(6,'school_grade_system','D',6.0,59.00,50.00,'ضعيف (Below Average)','no','2026-04-22 08:38:28','2026-04-22 08:38:28'),(7,'school_grade_system','F',0.0,49.00,0.00,'راسب (Fail)','no','2026-04-22 08:39:07','2026-04-22 08:39:07'),(8,'coll_grade_system','A',4.0,100.00,85.00,'Excellent','no','2026-04-22 08:40:01','2026-04-22 08:40:01'),(9,'coll_grade_system','B',3.0,84.00,70.00,'Good','no','2026-04-22 08:40:33','2026-04-22 08:40:33'),(10,'coll_grade_system','C',2.0,69.00,60.00,'Average','no','2026-04-22 08:41:00','2026-04-22 08:41:00'),(11,'coll_grade_system','D',1.0,59.00,50.00,'Pass','no','2026-04-22 08:41:26','2026-04-22 08:41:26'),(12,'coll_grade_system','F',0.0,49.00,0.00,'Fail','no','2026-04-22 08:41:49','2026-04-22 08:41:49'),(13,'gpa','A',4.0,90.00,100.00,'Outstanding','no','2026-04-22 08:42:34','2026-04-22 08:42:34'),(14,'gpa','B',3.0,89.00,80.00,'Very Good','no','2026-04-22 08:42:59','2026-04-22 08:42:59'),(15,'gpa','C',2.0,79.00,70.00,'Good','no','2026-04-22 08:43:24','2026-04-22 08:43:24'),(16,'gpa','D',1.0,69.00,60.00,'Satisfactory','no','2026-04-22 08:43:52','2026-04-22 08:43:52'),(17,'gpa','F',0.0,59.00,0.00,'Fail','no','2026-04-22 08:44:16','2026-04-22 08:44:16'),(18,'average_passing','Pass',1.0,100.00,50.00,'Passed overall','no','2026-04-22 08:44:40','2026-04-22 08:44:40'),(19,'average_passing','Fail',0.0,49.00,0.00,'Failed overall','no','2026-04-22 08:45:08','2026-04-22 08:45:08');
/*!40000 ALTER TABLE `grades` ENABLE KEYS */;
UNLOCK TABLES;

--
-- Table structure for table `guest`
--

DROP TABLE IF EXISTS `guest`;
/*!40101 SET @saved_cs_client     = @@character_set_client */;
/*!50503 SET character_set_client = utf8mb4 */;
CREATE TABLE `guest` (
  `id` int NOT NULL AUTO_INCREMENT,
  `guest_name` varchar(200) NOT NULL,
  `guest_unique_id` varchar(200) NOT NULL,
  `lang_id` int NOT NULL,
  `currency_id` int NOT NULL,
  `email` varchar(200) NOT NULL,
  `mobileno` varchar(100) NOT NULL,
  `password` varchar(200) NOT NULL,
  `dob` varchar(200) NOT NULL,
  `gender` varchar(10) DEFAULT NULL,
  `note` text NOT NULL,
  `address` varchar(200) NOT NULL,
  `guest_image` varchar(200) NOT NULL,
  `verification_code` varchar(200) NOT NULL,
  `created_at` date NOT NULL,
  `is_active` varchar(100) NOT NULL,
  PRIMARY KEY (`id`),
  UNIQUE KEY `id` (`id`),
  KEY `idx_lang_id` (`lang_id`),
  KEY `idx_currency_id` (`currency_id`),
  KEY `idx_email` (`email`)
) ENGINE=InnoDB DEFAULT CHARSET=utf8mb3;
/*!40101 SET character_set_client = @saved_cs_client */;

--
-- Dumping data for table `guest`
--

LOCK TABLES `guest` WRITE;
/*!40000 ALTER TABLE `guest` DISABLE KEYS */;
/*!40000 ALTER TABLE `guest` ENABLE KEYS */;
UNLOCK TABLES;

--
-- Table structure for table `holiday_type`
--

DROP TABLE IF EXISTS `holiday_type`;
/*!40101 SET @saved_cs_client     = @@character_set_client */;
/*!50503 SET character_set_client = utf8mb4 */;
CREATE TABLE `holiday_type` (
  `id` int NOT NULL AUTO_INCREMENT,
  `type` varchar(255) DEFAULT NULL,
  `is_default` int NOT NULL DEFAULT '0',
  PRIMARY KEY (`id`)
) ENGINE=InnoDB AUTO_INCREMENT=4 DEFAULT CHARSET=utf8mb3;
/*!40101 SET character_set_client = @saved_cs_client */;

--
-- Dumping data for table `holiday_type`
--

LOCK TABLES `holiday_type` WRITE;
/*!40000 ALTER TABLE `holiday_type` DISABLE KEYS */;
INSERT INTO `holiday_type` VALUES (1,'Holiday',1),(2,'Vacation',1),(3,'Activity',1);
/*!40000 ALTER TABLE `holiday_type` ENABLE KEYS */;
UNLOCK TABLES;

--
-- Table structure for table `homework`
--

DROP TABLE IF EXISTS `homework`;
/*!40101 SET @saved_cs_client     = @@character_set_client */;
/*!50503 SET character_set_client = utf8mb4 */;
CREATE TABLE `homework` (
  `id` int NOT NULL AUTO_INCREMENT,
  `class_id` int NOT NULL,
  `section_id` int NOT NULL,
  `session_id` int NOT NULL,
  `staff_id` int NOT NULL,
  `subject_group_subject_id` int DEFAULT NULL,
  `subject_id` int DEFAULT NULL,
  `homework_date` date NOT NULL,
  `submit_date` date NOT NULL,
  `marks` decimal(10,2) DEFAULT NULL,
  `description` text,
  `create_date` date NOT NULL,
  `evaluation_date` date DEFAULT NULL,
  `document` text,
  `created_by` int NOT NULL,
  `evaluated_by` int DEFAULT NULL,
  `created_at` timestamp NOT NULL DEFAULT CURRENT_TIMESTAMP,
  `updated_at` timestamp NOT NULL DEFAULT CURRENT_TIMESTAMP ON UPDATE CURRENT_TIMESTAMP,
  PRIMARY KEY (`id`),
  KEY `subject_group_subject_id` (`subject_group_subject_id`),
  KEY `class_id` (`class_id`),
  KEY `section_id` (`section_id`),
  KEY `session_id` (`session_id`),
  KEY `staff_id` (`staff_id`),
  KEY `subject_id` (`subject_id`),
  KEY `evaluated_by` (`evaluated_by`),
  KEY `created_by` (`created_by`),
  CONSTRAINT `homework_ibfk_1` FOREIGN KEY (`subject_group_subject_id`) REFERENCES `subject_group_subjects` (`id`) ON DELETE CASCADE,
  CONSTRAINT `homework_ibfk_2` FOREIGN KEY (`class_id`) REFERENCES `classes` (`id`) ON DELETE CASCADE,
  CONSTRAINT `homework_ibfk_3` FOREIGN KEY (`section_id`) REFERENCES `sections` (`id`) ON DELETE CASCADE,
  CONSTRAINT `homework_ibfk_4` FOREIGN KEY (`session_id`) REFERENCES `sessions` (`id`) ON DELETE CASCADE,
  CONSTRAINT `homework_ibfk_5` FOREIGN KEY (`staff_id`) REFERENCES `staff` (`id`) ON DELETE CASCADE,
  CONSTRAINT `homework_ibfk_6` FOREIGN KEY (`subject_id`) REFERENCES `subjects` (`id`) ON DELETE CASCADE,
  CONSTRAINT `homework_ibfk_7` FOREIGN KEY (`evaluated_by`) REFERENCES `staff` (`id`) ON DELETE CASCADE,
  CONSTRAINT `homework_ibfk_8` FOREIGN KEY (`created_by`) REFERENCES `staff` (`id`) ON DELETE CASCADE
) ENGINE=InnoDB AUTO_INCREMENT=26 DEFAULT CHARSET=utf8mb3;
/*!40101 SET character_set_client = @saved_cs_client */;

--
-- Dumping data for table `homework`
--

LOCK TABLES `homework` WRITE;
/*!40000 ALTER TABLE `homework` DISABLE KEYS */;
INSERT INTO `homework` VALUES (1,1,1,21,1,3,NULL,'2026-04-21','2026-04-21',5.00,'<p>Write A to Z alphabets neatly in your notebook. Learn 5 new words: cat, bat, mat, hat, rat.<br></p>','2026-04-21',NULL,NULL,1,NULL,'2026-04-21 13:46:57','2026-04-21 13:46:57'),(2,1,1,21,1,3,NULL,'2026-04-21','2026-04-21',5.00,'<p>Read the short story from page 5 and underline 3 new words. Write those words 3 times.<br></p>','2026-04-21',NULL,NULL,1,NULL,'2026-04-21 13:47:17','2026-04-21 13:47:17'),(3,1,1,21,1,3,NULL,'2026-04-21','2026-04-21',5.00,'<p>Write 5 sentences about “My School”.<br></p>','2026-04-21',NULL,NULL,1,NULL,'2026-04-21 13:47:36','2026-04-21 13:47:36'),(4,1,1,21,1,4,NULL,'2026-04-21','2026-04-21',5.00,'<p>Solve addition questions from page 12 (Q1–Q5).<br></p>','2026-04-21',NULL,NULL,1,NULL,'2026-04-21 13:48:24','2026-04-21 13:48:24'),(5,1,1,21,1,4,NULL,'2026-04-21','2026-04-21',5.00,'<p>Write numbers from 1 to 50 and learn counting.<br></p>','2026-04-21',NULL,NULL,1,NULL,'2026-04-21 13:48:48','2026-04-21 13:48:48'),(6,1,1,21,1,4,NULL,'2026-04-21','2026-04-21',5.00,'<p>Solve: 5+3, 7+2, 6+4, 9+1, 3+5.<br></p>','2026-04-21',NULL,NULL,1,NULL,'2026-04-21 13:49:07','2026-04-21 13:49:07'),(7,1,1,21,1,8,NULL,'2026-04-21','2026-04-21',5.00,'<p>Write Arabic letters (أ – ت) 3 times and practice pronunciation.<br></p>','2026-04-21',NULL,NULL,1,NULL,'2026-04-21 13:49:43','2026-04-21 13:49:43'),(8,1,1,21,1,8,NULL,'2026-04-21','2026-04-21',5.00,'<p>Learn and write 5 Arabic words from your book.<br></p>','2026-04-21',NULL,NULL,1,NULL,'2026-04-21 13:50:04','2026-04-21 13:50:04'),(9,1,1,21,1,8,NULL,'2026-04-21','2026-04-21',5.00,'<p>Practice reading simple Arabic words from page 3.<br></p>','2026-04-21',NULL,NULL,1,NULL,'2026-04-21 13:50:26','2026-04-21 13:50:26'),(10,1,1,21,1,4,NULL,'2026-04-21','2026-04-30',10.00,'<p>\r\n\r\n<p>Complete the following tasks:</p>\r\n<ol>\r\n<li>\r\nAdd: 2 + 3 = ___\r\n</li>\r\n<li>\r\nSubtract: 5 - 1 = ___\r\n</li>\r\n<li>\r\nWrite numbers from 1 to 10\r\n</li>\r\n<li>\r\nWrite the number after 6\r\n</li>\r\n<li>\r\nCircle the bigger number: 7 or 4</li></ol>\r\n\r\n<br></p>','2026-04-23',NULL,'1776934084-87591766069e9dcc4596b2!grade1_homework.pdf',1,NULL,'2026-04-23 08:48:04','2026-04-23 08:48:04'),(11,1,1,21,1,4,NULL,'2026-04-21','2026-04-30',10.00,'<p>s</p>','2026-04-23',NULL,'1776934111-2131796769e9dcdf90f84!grade1_homework.pdf',1,NULL,'2026-04-23 08:48:31','2026-04-23 08:48:31'),(12,1,1,21,1,4,NULL,'2026-04-21','2026-04-30',10.00,'<p>s</p>','2026-04-23',NULL,'1776934256-188177172669e9dd7085c5c!grade1_homework.pdf',1,NULL,'2026-04-23 08:50:56','2026-04-23 08:50:56'),(13,1,1,21,1,4,NULL,'2026-04-21','2026-04-30',10.00,'<p>s</p>','2026-04-23',NULL,NULL,1,NULL,'2026-04-23 08:53:10','2026-04-23 08:53:10'),(14,1,1,21,1,4,NULL,'2026-04-21','2026-04-30',10.00,'<p>s</p>','2026-04-23',NULL,NULL,1,NULL,'2026-04-23 08:53:23','2026-04-23 08:53:23'),(15,1,1,21,1,4,NULL,'2026-04-21','2026-04-30',10.00,'<p>s</p>','2026-04-23',NULL,NULL,1,NULL,'2026-04-23 08:57:25','2026-04-23 08:57:25'),(16,1,1,21,1,4,NULL,'2026-04-21','2026-04-30',20.00,'<p>\r\n\r\n<p>Complete the following tasks:</p>\r\n<ol>\r\n<li>\r\nAdd: 2 + 3 = ___\r\n</li>\r\n<li>\r\nSubtract: 5 - 1 = ___\r\n</li>\r\n<li>\r\nWrite numbers from 1 to 10\r\n</li>\r\n<li>\r\nWrite the number after 6\r\n</li>\r\n<li>\r\nCircle the bigger number: 7 or 4</li></ol>\r\n\r\n<br></p>','2026-04-23',NULL,'1776934874-50852803069e9dfda3e392!grade1_homework.pdf',1,NULL,'2026-04-23 09:01:14','2026-04-23 09:01:14'),(17,1,1,21,1,4,NULL,'2026-04-22','2026-04-28',20.00,'<p>\r\n\r\n<p>Complete the following tasks:</p>\r\n<ol>\r\n<li>\r\nAdd: 2 + 3 = ___\r\n</li>\r\n<li>\r\nSubtract: 5 - 1 = ___\r\n</li>\r\n<li>\r\nWrite numbers from 1 to 10\r\n</li>\r\n<li>\r\nWrite the number after 6\r\n</li>\r\n<li>\r\nCircle the bigger number: 7 or 4</li></ol>\r\n\r\n<br></p>','2026-04-23',NULL,'1776934951-99751765769e9e0274f6d2!grade1_homework.pdf',1,NULL,'2026-04-23 09:02:31','2026-04-23 09:02:31'),(18,2,1,21,1,9,NULL,'2026-04-23','2026-04-23',20.00,'<p>\r\n\r\n<h3>','2026-04-23',NULL,'1776935117-21570656469e9e0cd40a62!grade2_homework.pdf',1,NULL,'2026-04-23 09:05:17','2026-04-23 09:05:17'),(19,2,1,21,1,9,NULL,'2026-04-23','2026-04-23',30.00,'<p>\r\n\r\n<h3>','2026-04-23',NULL,'1776935153-71352135869e9e0f19fedb!grade2_homework.pdf',1,NULL,'2026-04-23 09:05:53','2026-04-23 09:05:53'),(20,1,1,21,1,3,NULL,'2026-04-22','2026-04-30',30.00,'<p>english assignmnet for grade 1 </p>','2026-04-23',NULL,'1776935304-50990147969e9e188e0acc!english_grade1_homework.pdf',1,NULL,'2026-04-23 09:08:24','2026-04-23 09:08:24'),(21,1,1,21,1,3,NULL,'2026-04-23','2026-04-23',10.00,'<p>english assignemnt part2 for grade 1</p>','2026-04-23',NULL,'1776935344-170733615669e9e1b0b6363!english_grade1_homework.pdf',1,NULL,'2026-04-23 09:09:04','2026-04-23 09:09:04'),(22,1,1,21,1,3,NULL,'2026-04-23','2026-04-23',10.00,'<p>assigmnet for practice purpoose</p>','2026-04-23',NULL,NULL,1,NULL,'2026-04-23 09:09:44','2026-04-23 09:09:44'),(23,1,1,21,1,8,NULL,'2026-04-23','2026-04-23',20.00,'<p>assignment for grade 1 language arabic for practice reasons</p>','2026-04-23',NULL,'1776935462-156546087569e9e226a6fdd!arabic_grade2_homework.pdf',1,NULL,'2026-04-23 09:11:02','2026-04-23 09:11:02'),(24,1,1,21,1,8,NULL,'2026-04-23','2026-04-23',20.00,'<p>2nd assignment for grade 1 language arabic for practice reasons\r\n\r\n<br></p>','2026-04-23',NULL,NULL,1,NULL,'2026-04-23 09:11:24','2026-04-23 09:11:24'),(25,1,1,21,1,8,NULL,'2026-04-23','2026-04-23',20.00,'<p>3rd assignment for grade 1 language arabic for practice reasons\r\n\r\n<br></p>','2026-04-23',NULL,NULL,1,NULL,'2026-04-23 09:11:43','2026-04-23 09:11:43');
/*!40000 ALTER TABLE `homework` ENABLE KEYS */;
UNLOCK TABLES;

--
-- Table structure for table `homework_evaluation`
--

DROP TABLE IF EXISTS `homework_evaluation`;
/*!40101 SET @saved_cs_client     = @@character_set_client */;
/*!50503 SET character_set_client = utf8mb4 */;
CREATE TABLE `homework_evaluation` (
  `id` int NOT NULL AUTO_INCREMENT,
  `homework_id` int NOT NULL,
  `student_id` int NOT NULL,
  `student_session_id` int DEFAULT NULL,
  `marks` decimal(10,2) DEFAULT NULL,
  `note` varchar(255) NOT NULL,
  `date` date NOT NULL,
  `status` varchar(100) NOT NULL,
  `created_at` timestamp NOT NULL DEFAULT CURRENT_TIMESTAMP,
  `updated_at` timestamp NOT NULL DEFAULT CURRENT_TIMESTAMP ON UPDATE CURRENT_TIMESTAMP,
  PRIMARY KEY (`id`),
  KEY `homework_id` (`homework_id`),
  KEY `student_id` (`student_id`),
  KEY `student_session_id` (`student_session_id`),
  CONSTRAINT `homework_evaluation_ibfk_1` FOREIGN KEY (`homework_id`) REFERENCES `homework` (`id`) ON DELETE CASCADE,
  CONSTRAINT `homework_evaluation_ibfk_2` FOREIGN KEY (`student_id`) REFERENCES `students` (`id`) ON DELETE CASCADE,
  CONSTRAINT `homework_evaluation_ibfk_3` FOREIGN KEY (`student_session_id`) REFERENCES `student_session` (`id`) ON DELETE CASCADE
) ENGINE=InnoDB DEFAULT CHARSET=utf8mb3;
/*!40101 SET character_set_client = @saved_cs_client */;

--
-- Dumping data for table `homework_evaluation`
--

LOCK TABLES `homework_evaluation` WRITE;
/*!40000 ALTER TABLE `homework_evaluation` DISABLE KEYS */;
/*!40000 ALTER TABLE `homework_evaluation` ENABLE KEYS */;
UNLOCK TABLES;

--
-- Table structure for table `hostel`
--

DROP TABLE IF EXISTS `hostel`;
/*!40101 SET @saved_cs_client     = @@character_set_client */;
/*!50503 SET character_set_client = utf8mb4 */;
CREATE TABLE `hostel` (
  `id` int NOT NULL AUTO_INCREMENT,
  `hostel_name` varchar(100) DEFAULT NULL,
  `type` varchar(50) DEFAULT NULL,
  `address` text,
  `intake` int DEFAULT NULL,
  `description` text,
  `is_active` varchar(255) DEFAULT 'no',
  `created_at` timestamp NOT NULL DEFAULT CURRENT_TIMESTAMP,
  `updated_at` timestamp NOT NULL DEFAULT CURRENT_TIMESTAMP ON UPDATE CURRENT_TIMESTAMP,
  PRIMARY KEY (`id`)
) ENGINE=InnoDB AUTO_INCREMENT=3 DEFAULT CHARSET=utf8mb3;
/*!40101 SET character_set_client = @saved_cs_client */;

--
-- Dumping data for table `hostel`
--

LOCK TABLES `hostel` WRITE;
/*!40000 ALTER TABLE `hostel` DISABLE KEYS */;
INSERT INTO `hostel` VALUES (1,'Boys Hostel','Boys','Nakheel Road',0,'Hostel for only boys of Al Noor International School','no','2026-04-21 07:26:56','2026-04-21 07:26:56'),(2,'Girls Hostel','Girls','Umar al khattab Road',0,'Girls Hostel For Al noor international school','no','2026-04-21 07:29:25','2026-04-21 07:29:25');
/*!40000 ALTER TABLE `hostel` ENABLE KEYS */;
UNLOCK TABLES;

--
-- Table structure for table `hostel_rooms`
--

DROP TABLE IF EXISTS `hostel_rooms`;
/*!40101 SET @saved_cs_client     = @@character_set_client */;
/*!50503 SET character_set_client = utf8mb4 */;
CREATE TABLE `hostel_rooms` (
  `id` int NOT NULL AUTO_INCREMENT,
  `hostel_id` int DEFAULT NULL,
  `room_type_id` int DEFAULT NULL,
  `room_no` varchar(200) DEFAULT NULL,
  `no_of_bed` int DEFAULT NULL,
  `cost_per_bed` decimal(10,2) DEFAULT '0.00',
  `title` varchar(200) DEFAULT NULL,
  `description` text,
  `created_at` timestamp NOT NULL DEFAULT CURRENT_TIMESTAMP,
  `updated_at` timestamp NOT NULL DEFAULT CURRENT_TIMESTAMP ON UPDATE CURRENT_TIMESTAMP,
  PRIMARY KEY (`id`),
  KEY `hostel_id` (`hostel_id`),
  KEY `room_type_id` (`room_type_id`),
  CONSTRAINT `hostel_rooms_ibfk_1` FOREIGN KEY (`hostel_id`) REFERENCES `hostel` (`id`) ON DELETE CASCADE,
  CONSTRAINT `hostel_rooms_ibfk_2` FOREIGN KEY (`room_type_id`) REFERENCES `room_types` (`id`) ON DELETE CASCADE
) ENGINE=InnoDB AUTO_INCREMENT=7 DEFAULT CHARSET=utf8mb3;
/*!40101 SET character_set_client = @saved_cs_client */;

--
-- Dumping data for table `hostel_rooms`
--

LOCK TABLES `hostel_rooms` WRITE;
/*!40000 ALTER TABLE `hostel_rooms` DISABLE KEYS */;
INSERT INTO `hostel_rooms` VALUES (1,1,4,'Room 101',2,1000.00,NULL,'Standard 2-bed room with attached washroom, suitable for junior students','2026-04-21 07:34:15','2026-04-21 07:34:15'),(2,1,5,'Room 102',4,4000.00,NULL,'Budget shared room with 4 beds,  attached washroom','2026-04-21 07:35:00','2026-04-21 07:35:00'),(3,1,7,'Room 103',3,3000.00,NULL,'Shared 3-bed room with washroom, mid-range option','2026-04-21 07:35:45','2026-04-21 07:35:45'),(4,2,4,'Room 201',2,2000.00,NULL,'Comfortable 2-bed room for senior girls with attached washroom','2026-04-21 07:36:18','2026-04-21 07:37:03'),(5,2,7,'Room 202',3,3000.00,NULL,'Shared 3-bed room with washroom, mid-range option','2026-04-21 07:36:55','2026-04-21 07:36:55'),(6,2,6,'Room 203',1,1000.00,NULL,'room with one bed for only one girl','2026-04-21 07:37:41','2026-04-21 07:37:41');
/*!40000 ALTER TABLE `hostel_rooms` ENABLE KEYS */;
UNLOCK TABLES;

--
-- Table structure for table `id_card`
--

DROP TABLE IF EXISTS `id_card`;
/*!40101 SET @saved_cs_client     = @@character_set_client */;
/*!50503 SET character_set_client = utf8mb4 */;
CREATE TABLE `id_card` (
  `id` int NOT NULL AUTO_INCREMENT,
  `title` varchar(100) NOT NULL,
  `school_name` varchar(100) NOT NULL,
  `school_address` varchar(500) NOT NULL,
  `background` text NOT NULL,
  `logo` text NOT NULL,
  `sign_image` text NOT NULL,
  `enable_vertical_card` int NOT NULL DEFAULT '0',
  `header_color` varchar(100) NOT NULL,
  `enable_admission_no` tinyint(1) NOT NULL COMMENT '0=disable,1=enable',
  `enable_student_name` tinyint(1) NOT NULL COMMENT '0=disable,1=enable',
  `enable_class` tinyint(1) NOT NULL COMMENT '0=disable,1=enable',
  `enable_fathers_name` tinyint(1) NOT NULL COMMENT '0=disable,1=enable',
  `enable_mothers_name` tinyint(1) NOT NULL COMMENT '0=disable,1=enable',
  `enable_address` tinyint(1) NOT NULL COMMENT '0=disable,1=enable',
  `enable_phone` tinyint(1) NOT NULL COMMENT '0=disable,1=enable',
  `enable_dob` tinyint(1) NOT NULL COMMENT '0=disable,1=enable',
  `enable_blood_group` tinyint(1) NOT NULL COMMENT '0=disable,1=enable',
  `enable_student_barcode` tinyint NOT NULL DEFAULT '1' COMMENT '0=disable,1=enable',
  `enable_student_rollno` tinyint(1) NOT NULL COMMENT '0=disable,1=enable	',
  `enable_student_house_name` tinyint(1) NOT NULL DEFAULT '0' COMMENT '0=disable,1=enable	',
  `status` tinyint(1) NOT NULL COMMENT '0=disable,1=enable',
  `created_at` timestamp NOT NULL DEFAULT CURRENT_TIMESTAMP,
  `updated_at` timestamp NOT NULL DEFAULT CURRENT_TIMESTAMP ON UPDATE CURRENT_TIMESTAMP,
  PRIMARY KEY (`id`)
) ENGINE=InnoDB AUTO_INCREMENT=3 DEFAULT CHARSET=utf8mb3;
/*!40101 SET character_set_client = @saved_cs_client */;

--
-- Dumping data for table `id_card`
--

LOCK TABLES `id_card` WRITE;
/*!40000 ALTER TABLE `id_card` DISABLE KEYS */;
INSERT INTO `id_card` VALUES (1,'Sample Student Identity Card Horizontal','Mount Carmel School','110 Kings Street, CA  Phone: 456542 Email: mount@gmail.com','samplebackground12.png','samplelogo12.png','samplesign12.png',0,'#595959',1,1,1,1,0,1,1,1,1,1,0,0,1,'2025-12-27 07:45:39','2025-12-27 07:45:39'),(2,'Sample Student Identity Card Vertical','Mount Carmel School','110 Kings Street, CA  Phone: 456542 Email: mount@gmail.com','samplebackground12.png','samplelogo12.png','samplesign12.png',1,'#595959',1,1,1,1,0,1,1,1,1,1,0,0,1,'2025-12-27 07:45:39','2025-12-27 07:45:39');
/*!40000 ALTER TABLE `id_card` ENABLE KEYS */;
UNLOCK TABLES;

--
-- Table structure for table `income`
--

DROP TABLE IF EXISTS `income`;
/*!40101 SET @saved_cs_client     = @@character_set_client */;
/*!50503 SET character_set_client = utf8mb4 */;
CREATE TABLE `income` (
  `id` int NOT NULL AUTO_INCREMENT,
  `income_head_id` int DEFAULT NULL,
  `name` varchar(50) DEFAULT NULL,
  `invoice_no` varchar(200) DEFAULT NULL,
  `date` date DEFAULT NULL,
  `amount` decimal(10,2) DEFAULT '0.00',
  `note` text,
  `is_active` varchar(255) DEFAULT 'yes',
  `documents` text,
  `is_deleted` varchar(255) DEFAULT 'no',
  `created_at` timestamp NOT NULL DEFAULT CURRENT_TIMESTAMP,
  `updated_at` timestamp NOT NULL DEFAULT CURRENT_TIMESTAMP ON UPDATE CURRENT_TIMESTAMP,
  PRIMARY KEY (`id`),
  KEY `income_head_id` (`income_head_id`),
  CONSTRAINT `income_ibfk_1` FOREIGN KEY (`income_head_id`) REFERENCES `income_head` (`id`) ON DELETE CASCADE
) ENGINE=InnoDB AUTO_INCREMENT=6 DEFAULT CHARSET=utf8mb3;
/*!40101 SET character_set_client = @saved_cs_client */;

--
-- Dumping data for table `income`
--

LOCK TABLES `income` WRITE;
/*!40000 ALTER TABLE `income` DISABLE KEYS */;
INSERT INTO `income` VALUES (1,1,'Khalid Al Mutairi','INC-2026-002','2021-10-04',1500.00,'Contribution for sports event','yes','1776767629-126087631469e7528d1ad68!Al_Noora_Admission_Form (1) (1).docx','no','2026-04-21 10:33:49','2026-04-21 10:33:49'),(2,1,'Admission Form – Sara Al Zahrani','INC-2026-003','2021-10-04',100.00,'Form purchase','yes',NULL,'no','2026-04-21 10:34:36','2026-04-21 10:34:36'),(3,3,'School Uniform – Grade 3','INC-2026-004','2021-10-04',250.00,'2 sets uniform','yes',NULL,'no','2026-04-21 10:35:11','2026-04-21 10:35:11'),(4,4,'Books – Grade 5 Set','INC-2026-005','2021-10-04',300.00,'Academic books package\r\n\r\n','yes',NULL,'no','2026-04-21 10:35:49','2026-04-21 10:35:49'),(5,5,'Annual Day Tickets','INC-2026-006','2026-04-21',200.00,'ticket sales','yes',NULL,'no','2026-04-21 10:36:22','2026-04-21 10:36:22');
/*!40000 ALTER TABLE `income` ENABLE KEYS */;
UNLOCK TABLES;

--
-- Table structure for table `income_head`
--

DROP TABLE IF EXISTS `income_head`;
/*!40101 SET @saved_cs_client     = @@character_set_client */;
/*!50503 SET character_set_client = utf8mb4 */;
CREATE TABLE `income_head` (
  `id` int NOT NULL AUTO_INCREMENT,
  `income_category` varchar(255) DEFAULT NULL,
  `description` varchar(255) DEFAULT NULL,
  `is_active` varchar(255) NOT NULL DEFAULT 'yes',
  `is_deleted` varchar(255) NOT NULL DEFAULT 'no',
  `created_at` timestamp NOT NULL DEFAULT CURRENT_TIMESTAMP,
  `updated_at` timestamp NOT NULL DEFAULT CURRENT_TIMESTAMP ON UPDATE CURRENT_TIMESTAMP,
  PRIMARY KEY (`id`)
) ENGINE=InnoDB AUTO_INCREMENT=11 DEFAULT CHARSET=utf8mb3;
/*!40101 SET character_set_client = @saved_cs_client */;

--
-- Dumping data for table `income_head`
--

LOCK TABLES `income_head` WRITE;
/*!40000 ALTER TABLE `income_head` DISABLE KEYS */;
INSERT INTO `income_head` VALUES (1,'Admission Form Sale','Income collected from selling admission application forms to parents.','yes','no','2026-04-21 10:30:46','2026-04-21 10:30:46'),(2,'Donation','Voluntary contributions received from parents or external donors for school development.','yes','no','2026-04-21 10:31:07','2026-04-21 10:31:07'),(3,'Uniform Sale','Revenue generated from the sale of school uniforms to students.','yes','no','2026-04-21 10:31:16','2026-04-21 10:31:16'),(4,'Book Sale','Income from selling textbooks, notebooks, and academic materials.','yes','no','2026-04-21 10:31:25','2026-04-21 10:31:25'),(5,'Event Income','Earnings from school events such as annual day, exhibitions, or competitions.','yes','no','2026-04-21 10:31:37','2026-04-21 10:31:37'),(6,'Canteen Income','Income from school cafeteria or food services provided to students.','yes','no','2026-04-21 10:31:48','2026-04-21 10:31:48'),(7,'Transport Extra Charges','Additional transport-related fees collected outside regular transport charges.','yes','no','2026-04-21 10:31:59','2026-04-21 10:31:59'),(8,'Late Fee Fine','Penalty collected for late payment of school fees.','yes','no','2026-04-21 10:32:07','2026-04-21 10:32:07'),(9,'Hostel Income','Income received from hostel accommodation and related facilities.','yes','no','2026-04-21 10:32:18','2026-04-21 10:32:18'),(10,'Miscellaneous Income','Any other income not categorized under specific heads.','yes','no','2026-04-21 10:32:30','2026-04-21 10:32:30');
/*!40000 ALTER TABLE `income_head` ENABLE KEYS */;
UNLOCK TABLES;

--
-- Table structure for table `item`
--

DROP TABLE IF EXISTS `item`;
/*!40101 SET @saved_cs_client     = @@character_set_client */;
/*!50503 SET character_set_client = utf8mb4 */;
CREATE TABLE `item` (
  `id` int NOT NULL AUTO_INCREMENT,
  `item_category_id` int DEFAULT NULL,
  `item_store_id` int DEFAULT NULL,
  `item_supplier_id` int DEFAULT NULL,
  `name` varchar(255) NOT NULL,
  `unit` varchar(100) NOT NULL,
  `item_photo` varchar(225) DEFAULT NULL,
  `description` text NOT NULL,
  `quantity` int NOT NULL,
  `date` date DEFAULT NULL,
  `created_at` timestamp NOT NULL DEFAULT CURRENT_TIMESTAMP,
  `updated_at` timestamp NOT NULL DEFAULT CURRENT_TIMESTAMP ON UPDATE CURRENT_TIMESTAMP,
  PRIMARY KEY (`id`),
  KEY `item_category_id` (`item_category_id`),
  KEY `item_store_id` (`item_store_id`),
  KEY `item_supplier_id` (`item_supplier_id`),
  CONSTRAINT `item_ibfk_1` FOREIGN KEY (`item_category_id`) REFERENCES `item_category` (`id`) ON DELETE CASCADE,
  CONSTRAINT `item_ibfk_2` FOREIGN KEY (`item_store_id`) REFERENCES `item_store` (`id`) ON DELETE CASCADE,
  CONSTRAINT `item_ibfk_3` FOREIGN KEY (`item_supplier_id`) REFERENCES `item_supplier` (`id`) ON DELETE CASCADE
) ENGINE=InnoDB AUTO_INCREMENT=9 DEFAULT CHARSET=utf8mb3;
/*!40101 SET character_set_client = @saved_cs_client */;

--
-- Dumping data for table `item`
--

LOCK TABLES `item` WRITE;
/*!40000 ALTER TABLE `item` DISABLE KEYS */;
INSERT INTO `item` VALUES (1,1,NULL,NULL,'Whiteboard Marker','Box',NULL,'Used for writing on classroom whiteboards.',0,NULL,'2026-04-22 08:16:39','2026-04-22 08:16:39'),(2,1,NULL,NULL,'Notebook','Piece',NULL,'Student notebook for writing classwork and homework.',0,NULL,'2026-04-22 08:16:57','2026-04-22 08:16:57'),(3,2,NULL,NULL,'Classroom Chair','Piece',NULL,'Student seating chair for classrooms.',0,NULL,'2026-04-22 08:17:12','2026-04-22 08:17:12'),(4,3,NULL,NULL,'Laptop','Piece',NULL,'Used by teachers for teaching and administrative work.',0,NULL,'2026-04-22 08:17:33','2026-04-22 08:17:33'),(5,3,NULL,NULL,'Projector','Piece',NULL,'Used for displaying presentations and videos in class.',0,NULL,'2026-04-22 08:17:49','2026-04-22 08:17:49'),(6,4,NULL,NULL,'Cleaning Mop','Piece',NULL,'Used for cleaning classroom floors.',0,NULL,'2026-04-22 08:18:06','2026-04-22 08:18:06'),(7,5,NULL,NULL,'Football','Piece',NULL,'Used for school sports activities.',0,NULL,'2026-04-22 08:18:17','2026-04-22 08:18:17'),(8,1,NULL,NULL,'Book Set','Set',NULL,' Collection of books available in the library.',0,NULL,'2026-04-22 08:18:51','2026-04-22 08:18:51');
/*!40000 ALTER TABLE `item` ENABLE KEYS */;
UNLOCK TABLES;

--
-- Table structure for table `item_category`
--

DROP TABLE IF EXISTS `item_category`;
/*!40101 SET @saved_cs_client     = @@character_set_client */;
/*!50503 SET character_set_client = utf8mb4 */;
CREATE TABLE `item_category` (
  `id` int NOT NULL AUTO_INCREMENT,
  `item_category` varchar(255) NOT NULL,
  `is_active` varchar(255) NOT NULL DEFAULT 'yes',
  `description` varchar(255) NOT NULL,
  `created_at` timestamp NOT NULL DEFAULT CURRENT_TIMESTAMP,
  `updated_at` timestamp NOT NULL DEFAULT CURRENT_TIMESTAMP ON UPDATE CURRENT_TIMESTAMP,
  PRIMARY KEY (`id`)
) ENGINE=InnoDB AUTO_INCREMENT=10 DEFAULT CHARSET=utf8mb3;
/*!40101 SET character_set_client = @saved_cs_client */;

--
-- Dumping data for table `item_category`
--

LOCK TABLES `item_category` WRITE;
/*!40000 ALTER TABLE `item_category` DISABLE KEYS */;
INSERT INTO `item_category` VALUES (1,'Stationery','yes','Office and classroom supplies like pens, pencils, markers, and notebooks.','2026-04-22 07:53:13','2026-04-22 07:53:13'),(2,'Furniture','yes','Office and classroom supplies like pens, pencils, markers, and notebooks.','2026-04-22 07:53:36','2026-04-22 07:53:36'),(3,'Electronics','yes','Electronic equipment including computers, projectors, and printers.','2026-04-22 07:53:54','2026-04-22 07:53:54'),(4,'Cleaning Supplies','yes','Materials used for cleaning and maintenance like mops, detergents, and disinfectants.','2026-04-22 07:54:03','2026-04-22 07:54:03'),(5,'Sports Equipment','yes','Items used in sports activities such as balls, bats, and nets.','2026-04-22 07:54:13','2026-04-22 07:54:13'),(6,'IT Equipment','yes','Computer accessories like keyboards, mice, and networking devices.','2026-04-22 07:54:33','2026-04-22 07:54:33'),(7,'Laboratory Equipment','yes','Tools and instruments used in science labs for experiments','2026-04-22 07:54:41','2026-04-22 07:54:41'),(8,'Electrical Items','yes','Electrical components such as wires, bulbs, switches, and batteries.','2026-04-22 07:54:50','2026-04-22 07:54:50'),(9,'Miscellaneous','yes','Other items that do not fall under specific categories.','2026-04-22 07:54:58','2026-04-22 07:54:58');
/*!40000 ALTER TABLE `item_category` ENABLE KEYS */;
UNLOCK TABLES;

--
-- Table structure for table `item_issue`
--

DROP TABLE IF EXISTS `item_issue`;
/*!40101 SET @saved_cs_client     = @@character_set_client */;
/*!50503 SET character_set_client = utf8mb4 */;
CREATE TABLE `item_issue` (
  `id` int NOT NULL AUTO_INCREMENT,
  `issue_type` varchar(15) DEFAULT NULL,
  `issue_to` int NOT NULL,
  `issue_by` int DEFAULT NULL,
  `issue_date` date DEFAULT NULL,
  `return_date` date DEFAULT NULL,
  `item_category_id` int DEFAULT NULL,
  `item_id` int DEFAULT NULL,
  `quantity` int NOT NULL,
  `note` text NOT NULL,
  `is_returned` int NOT NULL DEFAULT '1',
  `is_active` varchar(10) DEFAULT 'no',
  `created_at` timestamp NOT NULL DEFAULT CURRENT_TIMESTAMP,
  `updated_at` timestamp NOT NULL DEFAULT CURRENT_TIMESTAMP ON UPDATE CURRENT_TIMESTAMP,
  PRIMARY KEY (`id`),
  KEY `item_id` (`item_id`),
  KEY `item_category_id` (`item_category_id`),
  KEY `issue_to` (`issue_to`),
  KEY `issue_by` (`issue_by`),
  CONSTRAINT `item_issue_ibfk_1` FOREIGN KEY (`item_id`) REFERENCES `item` (`id`) ON DELETE CASCADE,
  CONSTRAINT `item_issue_ibfk_2` FOREIGN KEY (`item_category_id`) REFERENCES `item_category` (`id`) ON DELETE CASCADE,
  CONSTRAINT `item_issue_ibfk_3` FOREIGN KEY (`issue_to`) REFERENCES `staff` (`id`) ON DELETE CASCADE,
  CONSTRAINT `item_issue_ibfk_4` FOREIGN KEY (`issue_by`) REFERENCES `staff` (`id`) ON DELETE CASCADE
) ENGINE=InnoDB AUTO_INCREMENT=5 DEFAULT CHARSET=utf8mb3;
/*!40101 SET character_set_client = @saved_cs_client */;

--
-- Dumping data for table `item_issue`
--

LOCK TABLES `item_issue` WRITE;
/*!40000 ALTER TABLE `item_issue` DISABLE KEYS */;
INSERT INTO `item_issue` VALUES (1,'2',2,1,'2026-04-16','2026-04-30',1,1,5,'For classroom teaching',1,'no','2026-04-22 08:25:58','2026-04-22 08:25:58'),(2,'2',3,1,'2026-04-08','2026-04-30',3,4,1,'Issued for class presentations',1,'no','2026-04-22 08:26:44','2026-04-22 08:26:44'),(3,'4',7,2,'2026-04-22','2026-04-22',4,6,2,'Daily cleaning usage',1,'no','2026-04-22 08:27:31','2026-04-22 08:27:31'),(4,'2',2,1,'2026-04-22','2026-04-22',5,7,2,'For sports practice',0,'no','2026-04-22 08:29:45','2026-04-22 08:30:03');
/*!40000 ALTER TABLE `item_issue` ENABLE KEYS */;
UNLOCK TABLES;

--
-- Table structure for table `item_stock`
--

DROP TABLE IF EXISTS `item_stock`;
/*!40101 SET @saved_cs_client     = @@character_set_client */;
/*!50503 SET character_set_client = utf8mb4 */;
CREATE TABLE `item_stock` (
  `id` int NOT NULL AUTO_INCREMENT,
  `item_id` int DEFAULT NULL,
  `supplier_id` int DEFAULT NULL,
  `store_id` int DEFAULT NULL,
  `symbol` varchar(10) NOT NULL DEFAULT '+',
  `quantity` int DEFAULT NULL,
  `purchase_price` decimal(10,2) NOT NULL,
  `date` date NOT NULL,
  `attachment` text,
  `description` text NOT NULL,
  `is_active` varchar(10) DEFAULT 'yes',
  `created_at` timestamp NOT NULL DEFAULT CURRENT_TIMESTAMP,
  `updated_at` timestamp NOT NULL DEFAULT CURRENT_TIMESTAMP ON UPDATE CURRENT_TIMESTAMP,
  PRIMARY KEY (`id`),
  KEY `item_id` (`item_id`),
  KEY `supplier_id` (`supplier_id`),
  KEY `store_id` (`store_id`),
  CONSTRAINT `item_stock_ibfk_1` FOREIGN KEY (`item_id`) REFERENCES `item` (`id`) ON DELETE CASCADE,
  CONSTRAINT `item_stock_ibfk_2` FOREIGN KEY (`supplier_id`) REFERENCES `item_supplier` (`id`) ON DELETE CASCADE,
  CONSTRAINT `item_stock_ibfk_3` FOREIGN KEY (`store_id`) REFERENCES `item_store` (`id`) ON DELETE CASCADE
) ENGINE=InnoDB AUTO_INCREMENT=7 DEFAULT CHARSET=utf8mb3;
/*!40101 SET character_set_client = @saved_cs_client */;

--
-- Dumping data for table `item_stock`
--

LOCK TABLES `item_stock` WRITE;
/*!40000 ALTER TABLE `item_stock` DISABLE KEYS */;
INSERT INTO `item_stock` VALUES (1,1,1,2,'+',50,5.00,'2026-04-21',NULL,'Stock of markers for classroom use.','yes','2026-04-22 08:20:28','2026-04-22 08:20:28'),(2,2,1,2,'+',100,3.00,'2026-04-03',NULL,'Student notebooks for academic use.','yes','2026-04-22 08:21:17','2026-04-22 08:21:17'),(3,3,4,1,'+',30,120.00,'2026-04-24',NULL,'New chairs for classrooms.','yes','2026-04-22 08:21:56','2026-04-22 08:21:56'),(4,4,2,1,'+',5,2500.00,'2026-04-15',NULL,' Laptops for teachers and lab use.','yes','2026-04-22 08:22:41','2026-04-22 08:22:41'),(5,6,3,1,'+',5,20.00,'2026-04-23',NULL,'Cleaning tools for school maintenance.','yes','2026-04-22 08:23:11','2026-04-22 08:23:11'),(6,7,5,6,'+',5,12.00,'2026-04-15',NULL,'for playing ','yes','2026-04-22 08:29:05','2026-04-22 08:29:05');
/*!40000 ALTER TABLE `item_stock` ENABLE KEYS */;
UNLOCK TABLES;

--
-- Table structure for table `item_store`
--

DROP TABLE IF EXISTS `item_store`;
/*!40101 SET @saved_cs_client     = @@character_set_client */;
/*!50503 SET character_set_client = utf8mb4 */;
CREATE TABLE `item_store` (
  `id` int NOT NULL AUTO_INCREMENT,
  `item_store` varchar(255) NOT NULL,
  `code` varchar(255) NOT NULL,
  `description` text NOT NULL,
  `created_at` timestamp NOT NULL DEFAULT CURRENT_TIMESTAMP,
  `updated_at` timestamp NOT NULL DEFAULT CURRENT_TIMESTAMP ON UPDATE CURRENT_TIMESTAMP,
  PRIMARY KEY (`id`)
) ENGINE=InnoDB AUTO_INCREMENT=8 DEFAULT CHARSET=utf8mb3;
/*!40101 SET character_set_client = @saved_cs_client */;

--
-- Dumping data for table `item_store`
--

LOCK TABLES `item_store` WRITE;
/*!40000 ALTER TABLE `item_store` DISABLE KEYS */;
INSERT INTO `item_store` VALUES (1,'Main Store','STR-001','Central storage area for all school inventory items.','2026-04-22 07:56:01','2026-04-22 07:56:01'),(2,'Stationery Store','STR-002','Central storage area for all school inventory items.','2026-04-22 08:06:34','2026-04-22 08:06:34'),(3,'Stationery Store','STR-002','Storage for stationery items like pens, notebooks, and markers.','2026-04-22 08:06:58','2026-04-22 08:06:58'),(4,'Library Store','STR-003','Store for library books, magazines, and reading materials.','2026-04-22 08:07:09','2026-04-22 08:07:09'),(5,'Laboratory Store','STR-004','Storage for science lab equipment and materials.','2026-04-22 08:07:27','2026-04-22 08:07:27'),(6,'Sports Store','STR-005','Store for sports equipment like balls, bats, and nets.','2026-04-22 08:07:48','2026-04-22 08:07:48'),(7,'Maintenance Store','STR-006','Storage for cleaning supplies and maintenance tools.','2026-04-22 08:08:00','2026-04-22 08:08:00');
/*!40000 ALTER TABLE `item_store` ENABLE KEYS */;
UNLOCK TABLES;

--
-- Table structure for table `item_supplier`
--

DROP TABLE IF EXISTS `item_supplier`;
/*!40101 SET @saved_cs_client     = @@character_set_client */;
/*!50503 SET character_set_client = utf8mb4 */;
CREATE TABLE `item_supplier` (
  `id` int NOT NULL AUTO_INCREMENT,
  `item_supplier` varchar(255) NOT NULL,
  `phone` varchar(255) NOT NULL,
  `email` varchar(255) NOT NULL,
  `address` varchar(255) NOT NULL,
  `contact_person_name` varchar(255) NOT NULL,
  `contact_person_phone` varchar(255) NOT NULL,
  `contact_person_email` varchar(255) NOT NULL,
  `description` text NOT NULL,
  `created_at` timestamp NOT NULL DEFAULT CURRENT_TIMESTAMP,
  `updated_at` timestamp NOT NULL DEFAULT CURRENT_TIMESTAMP ON UPDATE CURRENT_TIMESTAMP,
  PRIMARY KEY (`id`)
) ENGINE=InnoDB AUTO_INCREMENT=6 DEFAULT CHARSET=utf8mb3;
/*!40101 SET character_set_client = @saved_cs_client */;

--
-- Dumping data for table `item_supplier`
--

LOCK TABLES `item_supplier` WRITE;
/*!40000 ALTER TABLE `item_supplier` DISABLE KEYS */;
INSERT INTO `item_supplier` VALUES (1,'Riyadh Stationery Suppliers','+966501234567','info@riyadhstationery.sa','Olaya Street, Riyadh, Saudi Arabia','Ahmed Al-Harbi','+966501234567','ahmed@riyadhstationery.sa','Supplier of school stationery items like pens, notebooks, and markers.','2026-04-22 08:10:33','2026-04-22 08:10:33'),(2,'Saudi Electronics Co.','+966501122233','sales@saudielectronics.sa',' King Fahd Road, Riyadh, Saudi Arabia','khalid@saudielectronics.sa','+966501122233','khalid@saudielectronics.sa','Supplier of computers, laptops, and IT equipment.','2026-04-22 08:11:53','2026-04-22 08:11:53'),(3,'CleanTech Supplies','+966543219876','support@cleantech.sa','Exit 5, Riyadh, Saudi Arabia','Saad Al-Qahtani','+966543219876','saad@cleantech.sa','Provides cleaning and maintenance materials.','2026-04-22 08:12:53','2026-04-22 08:12:53'),(4,'Modern School Furniture','+966115678901','contact@schoolfurniture.sa','Industrial Area, Riyadh, Saudi Arabia','Faisal Al-Dossari','+966115678901','faisal@schoolfurniture.sa','Supplier of classroom desks, chairs, and cupboards.','2026-04-22 08:13:42','2026-04-22 08:13:42'),(5,'Sports World KSA','+966508887777','info@sportsworld.sa','Al Malaz, Riyadh, Saudi Arabia','Omar Al-Shammari','+966508887777','omar@sportsworld.sa','Supplies sports equipment like balls, bats, and nets.','2026-04-22 08:14:27','2026-04-22 08:14:27');
/*!40000 ALTER TABLE `item_supplier` ENABLE KEYS */;
UNLOCK TABLES;

--
-- Table structure for table `languages`
--

DROP TABLE IF EXISTS `languages`;
/*!40101 SET @saved_cs_client     = @@character_set_client */;
/*!50503 SET character_set_client = utf8mb4 */;
CREATE TABLE `languages` (
  `id` int NOT NULL AUTO_INCREMENT,
  `language` varchar(50) DEFAULT NULL,
  `short_code` varchar(255) NOT NULL,
  `country_code` varchar(255) NOT NULL,
  `is_rtl` int NOT NULL,
  `is_deleted` varchar(10) NOT NULL DEFAULT 'yes',
  `is_active` varchar(255) DEFAULT 'no',
  `created_at` timestamp NOT NULL DEFAULT CURRENT_TIMESTAMP,
  `updated_at` timestamp NOT NULL DEFAULT CURRENT_TIMESTAMP ON UPDATE CURRENT_TIMESTAMP,
  PRIMARY KEY (`id`)
) ENGINE=InnoDB AUTO_INCREMENT=95 DEFAULT CHARSET=utf8mb3;
/*!40101 SET character_set_client = @saved_cs_client */;

--
-- Dumping data for table `languages`
--

LOCK TABLES `languages` WRITE;
/*!40000 ALTER TABLE `languages` DISABLE KEYS */;
INSERT INTO `languages` VALUES (1,'Azerbaijan','az','az',0,'no','no','2019-11-20 11:23:12','0000-00-00 00:00:00'),(2,'Albanian','sq','al',0,'no','no','2019-11-20 11:42:42','0000-00-00 00:00:00'),(3,'Amharic','am','am',0,'no','no','2019-11-20 11:24:23','0000-00-00 00:00:00'),(4,'English','en','us',0,'no','no','2019-11-20 11:38:50','0000-00-00 00:00:00'),(5,'Arabic','ar','sa',0,'no','no','2019-11-20 11:47:28','0000-00-00 00:00:00'),(7,'Afrikaans','af','af',0,'no','no','2019-11-20 11:24:23','0000-00-00 00:00:00'),(8,'Basque','eu','es',0,'no','no','2019-11-20 11:54:10','0000-00-00 00:00:00'),(11,'Bengali','bn','in',0,'no','no','2019-11-20 11:41:53','0000-00-00 00:00:00'),(13,'Bosnian','bs','bs',0,'no','no','2019-11-20 11:24:23','0000-00-00 00:00:00'),(14,'Welsh','cy','cy',0,'no','no','2019-11-20 11:24:23','0000-00-00 00:00:00'),(15,'Hungarian','hu','hu',0,'no','no','2019-11-20 11:24:23','0000-00-00 00:00:00'),(16,'Vietnamese','vi','vi',0,'no','no','2019-11-20 11:24:23','0000-00-00 00:00:00'),(17,'Haitian','ht','ht',0,'no','no','2021-01-23 07:09:32','0000-00-00 00:00:00'),(18,'Galician','gl','gl',0,'no','no','2019-11-20 11:24:23','0000-00-00 00:00:00'),(19,'Dutch','nl','nl',0,'no','no','2019-11-20 11:24:23','0000-00-00 00:00:00'),(21,'Greek','el','gr',0,'no','no','2019-11-20 12:12:08','0000-00-00 00:00:00'),(22,'Georgian','ka','ge',0,'no','no','2019-11-20 12:11:40','0000-00-00 00:00:00'),(23,'Gujarati','gu','in',0,'no','no','2019-11-20 11:39:16','0000-00-00 00:00:00'),(24,'Danish','da','dk',0,'no','no','2019-11-20 12:03:25','0000-00-00 00:00:00'),(25,'Hebrew','he','il',0,'no','no','2019-11-20 12:13:50','0000-00-00 00:00:00'),(26,'Yiddish','yi','il',0,'no','no','2019-11-20 12:25:33','0000-00-00 00:00:00'),(27,'Indonesian','id','id',0,'no','no','2019-11-20 11:24:23','0000-00-00 00:00:00'),(28,'Irish','ga','ga',0,'no','no','2019-11-20 11:24:23','0000-00-00 00:00:00'),(29,'Italian','it','it',0,'no','no','2019-11-20 11:24:23','0000-00-00 00:00:00'),(30,'Icelandic','is','is',0,'no','no','2019-11-20 11:24:23','0000-00-00 00:00:00'),(31,'Spanish','es','es',0,'no','no','2019-11-20 11:24:23','0000-00-00 00:00:00'),(33,'Kannada','kn','kn',0,'no','no','2019-11-20 11:24:23','0000-00-00 00:00:00'),(34,'Catalan','ca','ca',0,'no','no','2019-11-20 11:24:23','0000-00-00 00:00:00'),(36,'Chinese','zh','cn',0,'no','no','2019-11-20 12:01:48','0000-00-00 00:00:00'),(37,'Korean','ko','kr',0,'no','no','2019-11-20 12:19:09','0000-00-00 00:00:00'),(38,'Xhosa','xh','ls',0,'no','no','2019-11-20 12:24:39','0000-00-00 00:00:00'),(39,'Latin','la','it',0,'no','no','2021-01-23 07:09:32','0000-00-00 00:00:00'),(40,'Latvian','lv','lv',0,'no','no','2019-11-20 11:24:23','0000-00-00 00:00:00'),(41,'Lithuanian','lt','lt',0,'no','no','2019-11-20 11:24:23','0000-00-00 00:00:00'),(43,'Malagasy','mg','mg',0,'no','no','2019-11-20 11:24:23','0000-00-00 00:00:00'),(44,'Malay','ms','ms',0,'no','no','2019-11-20 11:24:23','0000-00-00 00:00:00'),(45,'Malayalam','ml','ml',0,'no','no','2019-11-20 11:24:23','0000-00-00 00:00:00'),(46,'Maltese','mt','mt',0,'no','no','2019-11-20 11:24:23','0000-00-00 00:00:00'),(47,'Macedonian','mk','mk',0,'no','no','2019-11-20 11:24:23','0000-00-00 00:00:00'),(48,'Maori','mi','nz',0,'no','no','2019-11-20 12:20:27','0000-00-00 00:00:00'),(49,'Marathi','mr','in',0,'no','no','2019-11-20 11:39:51','0000-00-00 00:00:00'),(51,'Mongolian','mn','mn',0,'no','no','2019-11-20 11:24:23','0000-00-00 00:00:00'),(52,'German','de','de',0,'no','no','2019-11-20 11:24:23','0000-00-00 00:00:00'),(53,'Nepali','ne','ne',0,'no','no','2019-11-20 11:24:23','0000-00-00 00:00:00'),(54,'Norwegian','no','no',0,'no','no','2019-11-20 11:24:23','0000-00-00 00:00:00'),(55,'Punjabi','pa','in',0,'no','no','2019-11-20 11:40:16','0000-00-00 00:00:00'),(57,'Persian','fa','ir',0,'no','no','2019-11-20 12:21:17','0000-00-00 00:00:00'),(59,'Portuguese','pt','pt',0,'no','no','2019-11-20 11:24:23','0000-00-00 00:00:00'),(60,'Romanian','ro','ro',0,'no','no','2019-11-20 11:24:23','0000-00-00 00:00:00'),(61,'Russian','ru','ru',0,'no','no','2019-11-20 11:24:23','0000-00-00 00:00:00'),(62,'Cebuano','ceb','ph',0,'no','no','2019-11-20 11:59:12','0000-00-00 00:00:00'),(64,'Sinhala','si','lk ',0,'no','no','2021-01-23 07:09:32','0000-00-00 00:00:00'),(65,'Slovakian','sk','sk',0,'no','no','2019-11-20 11:24:23','0000-00-00 00:00:00'),(66,'Slovenian','sl','sl',0,'no','no','2019-11-20 11:24:23','0000-00-00 00:00:00'),(67,'Swahili','sw','ke',0,'no','no','2019-11-20 12:21:57','0000-00-00 00:00:00'),(68,'Sundanese','su','sd',0,'no','no','2019-12-03 11:06:57','0000-00-00 00:00:00'),(70,'Thai','th','th',0,'no','no','2019-11-20 11:24:23','0000-00-00 00:00:00'),(71,'Tagalog','tl','tl',0,'no','no','2019-11-20 11:24:23','0000-00-00 00:00:00'),(72,'Tamil','ta','in',0,'no','no','2019-11-20 11:40:53','0000-00-00 00:00:00'),(74,'Telugu','te','in',0,'no','no','2019-11-20 11:41:15','0000-00-00 00:00:00'),(75,'Turkish','tr','tr',0,'no','no','2019-11-20 11:24:23','0000-00-00 00:00:00'),(77,'Uzbek','uz','uz',0,'no','no','2019-11-20 11:24:23','0000-00-00 00:00:00'),(79,'Urdu','ur','pk',0,'no','no','2019-11-20 12:23:57','0000-00-00 00:00:00'),(80,'Finnish','fi','fi',0,'no','no','2019-11-20 11:24:23','0000-00-00 00:00:00'),(81,'French','fr','fr',0,'no','no','2019-11-20 11:24:23','0000-00-00 00:00:00'),(82,'Hindi','hi','in',0,'no','no','2019-11-20 11:36:34','0000-00-00 00:00:00'),(84,'Czech','cs','cz',0,'no','no','2019-11-20 12:02:36','0000-00-00 00:00:00'),(85,'Swedish','sv','sv',0,'no','no','2019-11-20 11:24:23','0000-00-00 00:00:00'),(86,'Scottish','gd','gd',0,'no','no','2019-11-20 11:24:23','0000-00-00 00:00:00'),(87,'Estonian','et','et',0,'no','no','2019-11-20 11:24:23','0000-00-00 00:00:00'),(88,'Esperanto','eo','br',0,'no','no','2019-11-21 04:49:18','0000-00-00 00:00:00'),(89,'Javanese','jv','id',0,'no','no','2019-11-20 12:18:29','0000-00-00 00:00:00'),(90,'Japanese','ja','jp',0,'no','no','2019-11-20 12:14:39','0000-00-00 00:00:00'),(91,'Polish','pl','pl',0,'no','no','2020-06-15 03:25:27','0000-00-00 00:00:00'),(92,'Kurdish','ku','iq',0,'no','no','2020-12-21 00:15:31','0000-00-00 00:00:00'),(93,'Lao','lo','la',0,'no','no','2020-12-21 00:15:36','0000-00-00 00:00:00'),(94,'Croatia','hr','hr',0,'no','no','2022-06-07 11:48:21','0000-00-00 00:00:00');
/*!40000 ALTER TABLE `languages` ENABLE KEYS */;
UNLOCK TABLES;

--
-- Table structure for table `leave_types`
--

DROP TABLE IF EXISTS `leave_types`;
/*!40101 SET @saved_cs_client     = @@character_set_client */;
/*!50503 SET character_set_client = utf8mb4 */;
CREATE TABLE `leave_types` (
  `id` int NOT NULL AUTO_INCREMENT,
  `type` varchar(200) NOT NULL,
  `is_active` varchar(50) NOT NULL,
  PRIMARY KEY (`id`),
  UNIQUE KEY `type` (`type`)
) ENGINE=InnoDB DEFAULT CHARSET=utf8mb3;
/*!40101 SET character_set_client = @saved_cs_client */;

--
-- Dumping data for table `leave_types`
--

LOCK TABLES `leave_types` WRITE;
/*!40000 ALTER TABLE `leave_types` DISABLE KEYS */;
/*!40000 ALTER TABLE `leave_types` ENABLE KEYS */;
UNLOCK TABLES;

--
-- Table structure for table `lesson`
--

DROP TABLE IF EXISTS `lesson`;
/*!40101 SET @saved_cs_client     = @@character_set_client */;
/*!50503 SET character_set_client = utf8mb4 */;
CREATE TABLE `lesson` (
  `id` int NOT NULL AUTO_INCREMENT,
  `session_id` int NOT NULL,
  `subject_group_subject_id` int NOT NULL,
  `subject_group_class_sections_id` int NOT NULL,
  `name` varchar(255) NOT NULL,
  `created_at` timestamp NOT NULL DEFAULT CURRENT_TIMESTAMP,
  `updated_at` timestamp NOT NULL DEFAULT CURRENT_TIMESTAMP ON UPDATE CURRENT_TIMESTAMP,
  PRIMARY KEY (`id`),
  KEY `session_id` (`session_id`),
  KEY `subject_group_subject_id` (`subject_group_subject_id`),
  KEY `subject_group_class_sections_id` (`subject_group_class_sections_id`),
  CONSTRAINT `lesson_ibfk_1` FOREIGN KEY (`session_id`) REFERENCES `sessions` (`id`) ON DELETE CASCADE,
  CONSTRAINT `lesson_ibfk_2` FOREIGN KEY (`subject_group_subject_id`) REFERENCES `subject_group_subjects` (`id`) ON DELETE CASCADE,
  CONSTRAINT `lesson_ibfk_3` FOREIGN KEY (`subject_group_class_sections_id`) REFERENCES `subject_group_class_sections` (`id`) ON DELETE CASCADE
) ENGINE=InnoDB AUTO_INCREMENT=23 DEFAULT CHARSET=utf8mb3;
/*!40101 SET character_set_client = @saved_cs_client */;

--
-- Dumping data for table `lesson`
--

LOCK TABLES `lesson` WRITE;
/*!40000 ALTER TABLE `lesson` DISABLE KEYS */;
INSERT INTO `lesson` VALUES (7,21,3,4,'Basic Lessons','2026-04-21 11:25:19','2026-04-21 11:25:19'),(8,21,3,4,'Reading Lessons','2026-04-21 11:25:19','2026-04-21 11:25:19'),(9,21,3,4,'Grammar Lessons','2026-04-21 11:25:19','2026-04-21 11:25:19'),(10,21,3,4,'Speaking & Writing','2026-04-21 11:25:19','2026-04-21 11:25:19'),(11,21,4,4,'Number Basics','2026-04-21 11:26:24','2026-04-21 11:26:24'),(12,21,4,4,'Basic Operations','2026-04-21 11:26:24','2026-04-21 11:26:24'),(13,21,4,4,'Shapes & Patterns','2026-04-21 11:26:24','2026-04-21 11:26:24'),(14,21,8,4,'Arabic Alphabet (Basics)','2026-04-21 11:27:16','2026-04-21 11:27:16'),(15,21,8,4,'Sounds & Reading','2026-04-21 11:27:16','2026-04-21 11:27:16'),(16,21,8,4,'Writing','2026-04-21 11:27:16','2026-04-21 11:27:16'),(17,21,3,5,'Basic Lessons','2026-04-21 12:13:38','2026-04-21 12:13:38'),(18,21,3,5,'Reading Lessons','2026-04-21 12:13:38','2026-04-21 12:13:38'),(19,21,3,5,'Grammar Lessons','2026-04-21 12:13:38','2026-04-21 12:13:38'),(20,21,4,5,'Number Basics','2026-04-21 12:14:40','2026-04-21 12:14:40'),(21,21,4,5,'Basic Operations','2026-04-21 12:14:40','2026-04-21 12:14:40'),(22,21,4,5,'Shapes & Patterns','2026-04-21 12:14:40','2026-04-21 12:14:40');
/*!40000 ALTER TABLE `lesson` ENABLE KEYS */;
UNLOCK TABLES;

--
-- Table structure for table `lesson_plan_forum`
--

DROP TABLE IF EXISTS `lesson_plan_forum`;
/*!40101 SET @saved_cs_client     = @@character_set_client */;
/*!50503 SET character_set_client = utf8mb4 */;
CREATE TABLE `lesson_plan_forum` (
  `id` int NOT NULL AUTO_INCREMENT,
  `subject_syllabus_id` int NOT NULL,
  `type` varchar(20) NOT NULL COMMENT 'staff,student',
  `staff_id` int DEFAULT NULL,
  `student_id` int DEFAULT NULL,
  `message` text NOT NULL,
  `created_date` datetime DEFAULT NULL,
  PRIMARY KEY (`id`),
  KEY `subject_syllabus_id` (`subject_syllabus_id`),
  KEY `student_id` (`student_id`),
  KEY `staff_id` (`staff_id`),
  CONSTRAINT `lesson_plan_forum_ibfk_1` FOREIGN KEY (`subject_syllabus_id`) REFERENCES `subject_syllabus` (`id`) ON DELETE CASCADE,
  CONSTRAINT `lesson_plan_forum_ibfk_2` FOREIGN KEY (`student_id`) REFERENCES `students` (`id`) ON DELETE CASCADE,
  CONSTRAINT `lesson_plan_forum_ibfk_3` FOREIGN KEY (`staff_id`) REFERENCES `staff` (`id`) ON DELETE CASCADE
) ENGINE=InnoDB AUTO_INCREMENT=4 DEFAULT CHARSET=utf8mb3;
/*!40101 SET character_set_client = @saved_cs_client */;

--
-- Dumping data for table `lesson_plan_forum`
--

LOCK TABLES `lesson_plan_forum` WRITE;
/*!40000 ALTER TABLE `lesson_plan_forum` DISABLE KEYS */;
INSERT INTO `lesson_plan_forum` VALUES (1,10,'student',NULL,3,'completed','2026-04-21 15:44:25'),(3,1,'student',NULL,3,'mmamamama','2026-04-22 09:55:46');
/*!40000 ALTER TABLE `lesson_plan_forum` ENABLE KEYS */;
UNLOCK TABLES;

--
-- Table structure for table `libarary_members`
--

DROP TABLE IF EXISTS `libarary_members`;
/*!40101 SET @saved_cs_client     = @@character_set_client */;
/*!50503 SET character_set_client = utf8mb4 */;
CREATE TABLE `libarary_members` (
  `id` int NOT NULL AUTO_INCREMENT,
  `library_card_no` varchar(50) DEFAULT NULL,
  `member_type` varchar(50) DEFAULT NULL,
  `member_id` int DEFAULT NULL,
  `is_active` varchar(10) NOT NULL DEFAULT 'no',
  `created_at` timestamp NOT NULL DEFAULT CURRENT_TIMESTAMP,
  `updated_at` timestamp NOT NULL DEFAULT CURRENT_TIMESTAMP ON UPDATE CURRENT_TIMESTAMP,
  PRIMARY KEY (`id`)
) ENGINE=InnoDB AUTO_INCREMENT=10 DEFAULT CHARSET=utf8mb3;
/*!40101 SET character_set_client = @saved_cs_client */;

--
-- Dumping data for table `libarary_members`
--

LOCK TABLES `libarary_members` WRITE;
/*!40000 ALTER TABLE `libarary_members` DISABLE KEYS */;
INSERT INTO `libarary_members` VALUES (1,'101','teacher',1,'no','2026-04-21 14:14:59','2026-04-21 14:14:59'),(2,'102','teacher',2,'no','2026-04-21 14:15:06','2026-04-21 14:15:06'),(3,'103','teacher',3,'no','2026-04-21 14:15:17','2026-04-21 14:15:17'),(4,'104','teacher',4,'no','2026-04-21 14:15:23','2026-04-21 14:15:23'),(5,'105','teacher',5,'no','2026-04-21 14:15:29','2026-04-21 14:15:29'),(6,'106','teacher',6,'no','2026-04-21 14:15:35','2026-04-21 14:15:35'),(7,'201','student',3,'no','2026-04-21 14:16:03','2026-04-21 14:16:03'),(8,'202','student',4,'no','2026-04-21 14:16:14','2026-04-21 14:16:14'),(9,'203','student',9,'no','2026-04-21 14:16:18','2026-04-21 14:16:18');
/*!40000 ALTER TABLE `libarary_members` ENABLE KEYS */;
UNLOCK TABLES;

--
-- Table structure for table `logs`
--

DROP TABLE IF EXISTS `logs`;
/*!40101 SET @saved_cs_client     = @@character_set_client */;
/*!50503 SET character_set_client = utf8mb4 */;
CREATE TABLE `logs` (
  `id` int NOT NULL AUTO_INCREMENT,
  `message` text,
  `record_id` text,
  `user_id` int DEFAULT NULL,
  `action` varchar(50) DEFAULT NULL,
  `ip_address` varchar(50) DEFAULT NULL,
  `platform` varchar(50) DEFAULT NULL,
  `agent` varchar(50) DEFAULT NULL,
  `time` timestamp NOT NULL DEFAULT CURRENT_TIMESTAMP,
  `created_at` date DEFAULT NULL,
  PRIMARY KEY (`id`)
) ENGINE=InnoDB AUTO_INCREMENT=1178 DEFAULT CHARSET=utf8mb3;
/*!40101 SET character_set_client = @saved_cs_client */;

--
-- Dumping data for table `logs`
--

LOCK TABLES `logs` WRITE;
/*!40000 ALTER TABLE `logs` DISABLE KEYS */;
INSERT INTO `logs` VALUES (1,'Record updated On settings id 1','1',1,'Update','111.92.133.185','Windows 10','Chrome 147.0.0.0','2026-04-16 07:30:42',NULL),(2,'Record updated On settings id 1','1',1,'Update','111.92.133.185','Windows 10','Chrome 147.0.0.0','2026-04-16 10:32:11',NULL),(3,'Record updated On settings id 1','1',1,'Update','111.92.133.185','Windows 10','Chrome 147.0.0.0','2026-04-16 10:32:33',NULL),(4,'Record updated On settings id 1','1',1,'Update','111.92.133.185','Windows 10','Chrome 147.0.0.0','2026-04-16 10:32:44',NULL),(5,'Record updated On settings id 1','1',1,'Update','111.92.133.185','Windows 10','Chrome 147.0.0.0','2026-04-16 10:33:06',NULL),(6,'Record updated On settings id 1','1',1,'Update','111.92.133.185','Windows 10','Chrome 147.0.0.0','2026-04-16 10:39:28',NULL),(7,'Record updated On settings id 1','1',1,'Update','111.92.133.185','Windows 10','Chrome 147.0.0.0','2026-04-16 10:39:38',NULL),(8,'Record updated On settings id 1','1',1,'Update','111.92.133.185','Windows 10','Chrome 147.0.0.0','2026-04-16 10:44:10',NULL),(9,'Record updated On settings id 1','1',1,'Update','111.92.133.185','Windows 10','Chrome 147.0.0.0','2026-04-16 10:44:14',NULL),(10,'Record updated On settings id 1','1',1,'Update','111.92.133.185','Windows 10','Chrome 147.0.0.0','2026-04-16 10:44:51',NULL),(11,'Record updated On settings id 1','1',1,'Update','111.92.133.185','Windows 10','Chrome 147.0.0.0','2026-04-16 10:51:08',NULL),(12,'Record updated On settings id 1','1',1,'Update','111.92.133.185','Windows 10','Chrome 147.0.0.0','2026-04-16 10:51:38',NULL),(13,'Record updated On settings id 1','1',1,'Update','111.92.133.185','Windows 10','Chrome 147.0.0.0','2026-04-16 11:14:00',NULL),(14,'Record updated On settings id 1','1',1,'Update','111.92.133.185','Windows 10','Chrome 147.0.0.0','2026-04-16 11:31:55',NULL),(15,'New Record inserted On sessions id 26','26',1,'Insert','111.92.133.185','Windows 10','Chrome 147.0.0.0','2026-04-16 11:35:01',NULL),(16,'Record updated On notification setting id 2','2',1,'Update','111.92.133.185','Windows 10','Chrome 147.0.0.0','2026-04-16 11:36:12',NULL),(17,'Record updated On notification setting id 2','2',1,'Update','111.92.133.185','Windows 10','Chrome 147.0.0.0','2026-04-16 11:36:31',NULL),(18,'Record updated On notification setting id 18','18',1,'Update','111.92.133.185','Windows 10','Chrome 147.0.0.0','2026-04-16 11:36:31',NULL),(19,'Record updated On notification setting id 17','17',1,'Update','111.92.133.185','Windows 10','Chrome 147.0.0.0','2026-04-16 11:36:31',NULL),(20,'Record updated On notification setting id 16','16',1,'Update','111.92.133.185','Windows 10','Chrome 147.0.0.0','2026-04-16 11:36:31',NULL),(21,'Record updated On notification setting id 15','15',1,'Update','111.92.133.185','Windows 10','Chrome 147.0.0.0','2026-04-16 11:36:31',NULL),(22,'Record updated On notification setting id 14','14',1,'Update','111.92.133.185','Windows 10','Chrome 147.0.0.0','2026-04-16 11:36:31',NULL),(23,'Record updated On notification setting id 13','13',1,'Update','111.92.133.185','Windows 10','Chrome 147.0.0.0','2026-04-16 11:36:31',NULL),(24,'Record updated On notification setting id 12','12',1,'Update','111.92.133.185','Windows 10','Chrome 147.0.0.0','2026-04-16 11:36:31',NULL),(25,'Record updated On notification setting id 11','11',1,'Update','111.92.133.185','Windows 10','Chrome 147.0.0.0','2026-04-16 11:36:31',NULL),(26,'Record updated On notification setting id 10','10',1,'Update','111.92.133.185','Windows 10','Chrome 147.0.0.0','2026-04-16 11:36:31',NULL),(27,'Record updated On notification setting id 9','9',1,'Update','111.92.133.185','Windows 10','Chrome 147.0.0.0','2026-04-16 11:36:31',NULL),(28,'Record updated On notification setting id 8','8',1,'Update','111.92.133.185','Windows 10','Chrome 147.0.0.0','2026-04-16 11:36:31',NULL),(29,'Record updated On notification setting id 7','7',1,'Update','111.92.133.185','Windows 10','Chrome 147.0.0.0','2026-04-16 11:36:31',NULL),(30,'Record updated On notification setting id 6','6',1,'Update','111.92.133.185','Windows 10','Chrome 147.0.0.0','2026-04-16 11:36:31',NULL),(31,'Record updated On notification setting id 4','4',1,'Update','111.92.133.185','Windows 10','Chrome 147.0.0.0','2026-04-16 11:36:31',NULL),(32,'Record updated On notification setting id 3','3',1,'Update','111.92.133.185','Windows 10','Chrome 147.0.0.0','2026-04-16 11:36:31',NULL),(33,'Record updated On notification setting id 1','1',1,'Update','111.92.133.185','Windows 10','Chrome 147.0.0.0','2026-04-16 11:36:31',NULL),(34,'Record updated On notification setting id 20','20',1,'Update','111.92.133.185','Windows 10','Chrome 147.0.0.0','2026-04-16 11:36:31',NULL),(35,'Record updated On notification setting id 19','19',1,'Update','111.92.133.185','Windows 10','Chrome 147.0.0.0','2026-04-16 11:36:31',NULL),(36,'Record updated On notification setting id 21','21',1,'Update','111.92.133.185','Windows 10','Chrome 147.0.0.0','2026-04-16 11:36:31',NULL),(37,'Record updated On notification setting id 22','22',1,'Update','111.92.133.185','Windows 10','Chrome 147.0.0.0','2026-04-16 11:36:31',NULL),(38,'Record updated On notification setting id 2','2',1,'Update','111.92.133.185','Windows 10','Chrome 147.0.0.0','2026-04-16 11:36:59',NULL),(39,'Record updated On notification setting id 18','18',1,'Update','111.92.133.185','Windows 10','Chrome 147.0.0.0','2026-04-16 11:36:59',NULL),(40,'Record updated On notification setting id 17','17',1,'Update','111.92.133.185','Windows 10','Chrome 147.0.0.0','2026-04-16 11:36:59',NULL),(41,'Record updated On notification setting id 16','16',1,'Update','111.92.133.185','Windows 10','Chrome 147.0.0.0','2026-04-16 11:36:59',NULL),(42,'Record updated On notification setting id 15','15',1,'Update','111.92.133.185','Windows 10','Chrome 147.0.0.0','2026-04-16 11:36:59',NULL),(43,'Record updated On notification setting id 14','14',1,'Update','111.92.133.185','Windows 10','Chrome 147.0.0.0','2026-04-16 11:36:59',NULL),(44,'Record updated On notification setting id 13','13',1,'Update','111.92.133.185','Windows 10','Chrome 147.0.0.0','2026-04-16 11:36:59',NULL),(45,'Record updated On notification setting id 12','12',1,'Update','111.92.133.185','Windows 10','Chrome 147.0.0.0','2026-04-16 11:36:59',NULL),(46,'Record updated On notification setting id 11','11',1,'Update','111.92.133.185','Windows 10','Chrome 147.0.0.0','2026-04-16 11:36:59',NULL),(47,'Record updated On notification setting id 10','10',1,'Update','111.92.133.185','Windows 10','Chrome 147.0.0.0','2026-04-16 11:36:59',NULL),(48,'Record updated On notification setting id 9','9',1,'Update','111.92.133.185','Windows 10','Chrome 147.0.0.0','2026-04-16 11:36:59',NULL),(49,'Record updated On notification setting id 8','8',1,'Update','111.92.133.185','Windows 10','Chrome 147.0.0.0','2026-04-16 11:36:59',NULL),(50,'Record updated On notification setting id 7','7',1,'Update','111.92.133.185','Windows 10','Chrome 147.0.0.0','2026-04-16 11:36:59',NULL),(51,'Record updated On notification setting id 6','6',1,'Update','111.92.133.185','Windows 10','Chrome 147.0.0.0','2026-04-16 11:36:59',NULL),(52,'Record updated On notification setting id 4','4',1,'Update','111.92.133.185','Windows 10','Chrome 147.0.0.0','2026-04-16 11:36:59',NULL),(53,'Record updated On notification setting id 3','3',1,'Update','111.92.133.185','Windows 10','Chrome 147.0.0.0','2026-04-16 11:36:59',NULL),(54,'Record updated On notification setting id 1','1',1,'Update','111.92.133.185','Windows 10','Chrome 147.0.0.0','2026-04-16 11:36:59',NULL),(55,'Record updated On notification setting id 20','20',1,'Update','111.92.133.185','Windows 10','Chrome 147.0.0.0','2026-04-16 11:36:59',NULL),(56,'Record updated On notification setting id 19','19',1,'Update','111.92.133.185','Windows 10','Chrome 147.0.0.0','2026-04-16 11:36:59',NULL),(57,'Record updated On notification setting id 21','21',1,'Update','111.92.133.185','Windows 10','Chrome 147.0.0.0','2026-04-16 11:36:59',NULL),(58,'Record updated On notification setting id 22','22',1,'Update','111.92.133.185','Windows 10','Chrome 147.0.0.0','2026-04-16 11:36:59',NULL),(59,'Record updated On Front CMS Setting id 1','1',1,'Update','111.92.133.185','Windows 10','Chrome 147.0.0.0','2026-04-16 11:54:03',NULL),(60,'Record updated On settings id 1','1',1,'Update','111.92.133.185','Windows 10','Chrome 147.0.0.0','2026-04-16 11:54:03',NULL),(61,'Record updated On settings id 1','1',1,'Update','111.92.133.185','Windows 10','Chrome 147.0.0.0','2026-04-16 11:58:43',NULL),(62,'Record updated On settings id 1','1',1,'Update','111.92.133.185','Windows 10','Chrome 147.0.0.0','2026-04-16 11:58:58',NULL),(63,'Record updated On settings id 1','1',1,'Update','111.92.133.185','Windows 10','Chrome 147.0.0.0','2026-04-16 12:00:14',NULL),(64,'Record updated On settings id 1','1',1,'Update','111.92.133.185','Windows 10','Chrome 147.0.0.0','2026-04-16 12:02:23',NULL),(65,'Record updated On settings id 1','1',1,'Update','111.92.133.185','Windows 10','Chrome 147.0.0.0','2026-04-16 12:02:34',NULL),(66,'Record updated On settings id 1','1',1,'Update','111.92.133.185','Windows 10','Chrome 147.0.0.0','2026-04-16 12:04:02',NULL),(67,'Record updated On settings id 1','1',1,'Update','111.92.133.185','Windows 10','Chrome 147.0.0.0','2026-04-16 12:04:14',NULL),(68,'Record updated On settings id 1','1',1,'Update','111.92.133.185','Windows 10','Chrome 147.0.0.0','2026-04-16 12:05:23',NULL),(69,'Record updated On settings id 1','1',1,'Update','111.92.133.185','Windows 10','Chrome 147.0.0.0','2026-04-16 12:05:42',NULL),(70,'Record updated On settings id 1','1',1,'Update','111.92.133.185','Windows 10','Chrome 147.0.0.0','2026-04-16 12:26:07',NULL),(71,'Record updated On settings id 1','1',1,'Update','111.92.133.185','Windows 10','Chrome 147.0.0.0','2026-04-16 12:29:54',NULL),(72,'New Record inserted On custom fields id 1','1',1,'Insert','111.92.133.185','Windows 10','Chrome 147.0.0.0','2026-04-16 12:44:38',NULL),(73,'Record deleted On custom fields id 1','1',1,'Delete','111.92.133.185','Windows 10','Chrome 147.0.0.0','2026-04-16 12:48:19',NULL),(74,'New Record inserted On custom fields id 2','2',1,'Insert','111.92.133.185','Windows 10','Chrome 147.0.0.0','2026-04-16 12:49:00',NULL),(75,'New Record inserted On custom fields id 3','3',1,'Insert','111.92.133.185','Windows 10','Chrome 147.0.0.0','2026-04-16 12:50:03',NULL),(76,'New Record inserted On custom fields id 4','4',1,'Insert','111.92.133.185','Windows 10','Chrome 147.0.0.0','2026-04-16 12:50:22',NULL),(77,'Record updated On  custom fields id 4','4',1,'Update','111.92.133.185','Windows 10','Chrome 147.0.0.0','2026-04-16 12:50:42',NULL),(78,'Record updated On settings id 1','1',1,'Update','111.92.133.185','Windows 10','Chrome 147.0.0.0','2026-04-16 12:57:44',NULL),(79,'Record updated On settings id 1','1',1,'Update','111.92.133.185','Windows 10','Chrome 147.0.0.0','2026-04-16 12:58:11',NULL),(80,'Record updated On settings id 1','1',1,'Update','111.92.133.185','Windows 10','Chrome 147.0.0.0','2026-04-16 12:58:39',NULL),(81,'Record updated On settings id 1','1',1,'Update','111.92.133.185','Windows 10','Chrome 147.0.0.0','2026-04-16 12:58:42',NULL),(82,'New Record inserted On student edit fields id 1','1',1,'Insert','111.92.133.185','Windows 10','Chrome 147.0.0.0','2026-04-16 13:01:10',NULL),(83,'New Record inserted On student edit fields id 2','2',1,'Insert','111.92.133.185','Windows 10','Chrome 147.0.0.0','2026-04-16 13:01:16',NULL),(84,'New Record inserted On student edit fields id 3','3',1,'Insert','111.92.133.185','Windows 10','Chrome 147.0.0.0','2026-04-16 13:01:23',NULL),(85,'New Record inserted On student edit fields id 4','4',1,'Insert','111.92.133.185','Windows 10','Chrome 147.0.0.0','2026-04-16 13:01:30',NULL),(86,'New Record inserted On student edit fields id 5','5',1,'Insert','111.92.133.185','Windows 10','Chrome 147.0.0.0','2026-04-16 13:01:36',NULL),(87,'New Record inserted On student edit fields id 6','6',1,'Insert','111.92.133.185','Windows 10','Chrome 147.0.0.0','2026-04-16 13:01:40',NULL),(88,'New Record inserted On student edit fields id 7','7',1,'Insert','111.92.133.185','Windows 10','Chrome 147.0.0.0','2026-04-16 13:01:57',NULL),(89,'New Record inserted On student edit fields id 8','8',1,'Insert','111.92.133.185','Windows 10','Chrome 147.0.0.0','2026-04-16 13:02:01',NULL),(90,'Record updated On  online_admission_fields id 4','4',1,'Update','111.92.133.185','Windows 10','Chrome 147.0.0.0','2026-04-16 13:21:33',NULL),(91,'Record updated On  online_admission_fields id 10','10',1,'Update','111.92.133.185','Windows 10','Chrome 147.0.0.0','2026-04-16 13:21:40',NULL),(92,'Record updated On  online_admission_fields id 9','9',1,'Update','111.92.133.185','Windows 10','Chrome 147.0.0.0','2026-04-16 13:21:42',NULL),(93,'Record updated On  online_admission_fields id 8','8',1,'Update','111.92.133.185','Windows 10','Chrome 147.0.0.0','2026-04-16 13:21:46',NULL),(94,'Record updated On  online_admission_fields id 13','13',1,'Update','111.92.133.185','Windows 10','Chrome 147.0.0.0','2026-04-16 13:21:50',NULL),(95,'Record updated On  online_admission_fields id 14','14',1,'Update','111.92.133.185','Windows 10','Chrome 147.0.0.0','2026-04-16 13:21:52',NULL),(96,'Record updated On  online_admission_fields id 15','15',1,'Update','111.92.133.185','Windows 10','Chrome 147.0.0.0','2026-04-16 13:21:54',NULL),(97,'New Record inserted On online_admission_fields id 42','42',1,'Insert','111.92.133.185','Windows 10','Chrome 147.0.0.0','2026-04-16 13:22:03',NULL),(98,'Record updated On settings id 1','1',1,'Update','111.92.133.185','Windows 10','Chrome 147.0.0.0','2026-04-16 13:22:21',NULL),(99,'Record updated On settings id 1','1',1,'Update','111.92.133.185','Windows 10','Chrome 147.0.0.0','2026-04-16 13:26:56',NULL),(100,'Record updated On settings id 1','1',1,'Update','111.92.133.185','Windows 10','Chrome 147.0.0.0','2026-04-16 13:39:07',NULL),(101,'Record updated On settings id 1','1',1,'Update','111.92.133.185','Windows 10','Chrome 147.0.0.0','2026-04-16 13:39:41',NULL),(102,'Record updated On settings id 1','1',1,'Update','111.92.133.185','Windows 10','Chrome 147.0.0.0','2026-04-16 13:55:41',NULL),(103,'Record updated On settings id 1','1',1,'Update','111.92.133.185','Windows 10','Chrome 147.0.0.0','2026-04-16 13:56:51',NULL),(104,'New Record inserted On source id 1','1',1,'Insert','111.92.133.185','Windows 10','Chrome 147.0.0.0','2026-04-16 14:02:23',NULL),(105,'New Record inserted On source id 2','2',1,'Insert','111.92.133.185','Windows 10','Chrome 147.0.0.0','2026-04-16 14:02:48',NULL),(106,'New Record inserted On source id 3','3',1,'Insert','111.92.133.185','Windows 10','Chrome 147.0.0.0','2026-04-16 14:02:49',NULL),(107,'Record deleted On  source id 3','3',1,'Dalete','111.92.133.185','Windows 10','Chrome 147.0.0.0','2026-04-16 14:02:57',NULL),(108,'New Record inserted On source id 4','4',1,'Insert','111.92.133.185','Windows 10','Chrome 147.0.0.0','2026-04-16 14:03:27',NULL),(109,'New Record inserted On source id 5','5',1,'Insert','111.92.133.185','Windows 10','Chrome 147.0.0.0','2026-04-16 14:03:54',NULL),(110,'New Record inserted On source id 6','6',1,'Insert','111.92.133.185','Windows 10','Chrome 147.0.0.0','2026-04-16 14:04:16',NULL),(111,'Record updated On  source id 5','5',1,'Update','111.92.133.185','Windows 10','Chrome 147.0.0.0','2026-04-16 14:04:51',NULL),(112,'Record deleted On  source id 6','6',1,'Dalete','111.92.133.185','Windows 10','Chrome 147.0.0.0','2026-04-16 14:05:03',NULL),(113,'New Record inserted On source id 7','7',1,'Insert','111.92.133.185','Windows 10','Chrome 147.0.0.0','2026-04-16 14:05:18',NULL),(114,'New Record inserted On reference id 1','1',1,'Insert','111.92.133.185','Windows 10','Chrome 147.0.0.0','2026-04-16 14:05:52',NULL),(115,'New Record inserted On reference id 2','2',1,'Insert','111.92.133.185','Windows 10','Chrome 147.0.0.0','2026-04-16 14:06:08',NULL),(116,'New Record inserted On reference id 3','3',1,'Insert','111.92.133.185','Windows 10','Chrome 147.0.0.0','2026-04-16 14:06:23',NULL),(117,'New Record inserted On reference id 4','4',1,'Insert','111.92.133.185','Windows 10','Chrome 147.0.0.0','2026-04-16 14:06:59',NULL),(118,'New Record inserted On visitors purpose id 1','1',1,'Insert','111.92.133.185','Windows 10','Chrome 147.0.0.0','2026-04-16 14:10:06',NULL),(119,'New Record inserted On visitors purpose id 2','2',1,'Insert','111.92.133.185','Windows 10','Chrome 147.0.0.0','2026-04-16 14:10:25',NULL),(120,'New Record inserted On visitors purpose id 3','3',1,'Insert','111.92.133.185','Windows 10','Chrome 147.0.0.0','2026-04-16 14:10:46',NULL),(121,'New Record inserted On visitors purpose id 4','4',1,'Insert','111.92.133.185','Windows 10','Chrome 147.0.0.0','2026-04-16 14:10:58',NULL),(122,'New Record inserted On visitors purpose id 5','5',1,'Insert','111.92.133.185','Windows 10','Chrome 147.0.0.0','2026-04-16 14:11:13',NULL),(123,'New Record inserted On visitors purpose id 6','6',1,'Insert','111.92.133.185','Windows 10','Chrome 147.0.0.0','2026-04-16 14:11:31',NULL),(124,'New Record inserted On  complaint_type id 1','1',1,'Insert','111.92.133.185','Windows 10','Chrome 147.0.0.0','2026-04-16 14:12:04',NULL),(125,'New Record inserted On  complaint_type id 2','2',1,'Insert','111.92.133.185','Windows 10','Chrome 147.0.0.0','2026-04-16 14:12:22',NULL),(126,'New Record inserted On  complaint_type id 3','3',1,'Insert','111.92.133.185','Windows 10','Chrome 147.0.0.0','2026-04-16 14:12:40',NULL),(127,'New Record inserted On  complaint_type id 4','4',1,'Insert','111.92.133.185','Windows 10','Chrome 147.0.0.0','2026-04-16 14:12:57',NULL),(128,'New Record inserted On  complaint_type id 5','5',1,'Insert','111.92.133.185','Windows 10','Chrome 147.0.0.0','2026-04-16 14:13:09',NULL),(129,'New Record inserted On  complaint_type id 6','6',1,'Insert','111.92.133.185','Windows 10','Chrome 147.0.0.0','2026-04-16 14:13:22',NULL),(130,'New Record inserted On  complaint_type id 7','7',1,'Insert','111.92.133.185','Windows 10','Chrome 147.0.0.0','2026-04-16 14:13:30',NULL),(131,'New Record inserted On  complaint_type id 8','8',1,'Insert','111.92.133.185','Windows 10','Chrome 147.0.0.0','2026-04-16 14:13:37',NULL),(132,'Record deleted On visitors purpose id 6','6',1,'Delete','111.92.133.185','Windows 10','Chrome 147.0.0.0','2026-04-16 14:14:47',NULL),(133,'New Record inserted On department id 1','1',1,'Insert','111.92.133.185','Windows 10','Chrome 147.0.0.0','2026-04-16 14:21:58',NULL),(134,'New Record inserted On department id 2','2',1,'Insert','111.92.133.185','Windows 10','Chrome 147.0.0.0','2026-04-16 14:22:11',NULL),(135,'New Record inserted On department id 3','3',1,'Insert','111.92.133.185','Windows 10','Chrome 147.0.0.0','2026-04-16 14:22:25',NULL),(136,'New Record inserted On department id 4','4',1,'Insert','111.92.133.185','Windows 10','Chrome 147.0.0.0','2026-04-16 14:22:33',NULL),(137,'New Record inserted On department id 5','5',1,'Insert','111.92.133.185','Windows 10','Chrome 147.0.0.0','2026-04-16 14:22:42',NULL),(138,'New Record inserted On department id 6','6',1,'Insert','111.92.133.185','Windows 10','Chrome 147.0.0.0','2026-04-16 14:22:49',NULL),(139,'New Record inserted On department id 7','7',1,'Insert','111.92.133.185','Windows 10','Chrome 147.0.0.0','2026-04-16 14:22:57',NULL),(140,'New Record inserted On  staff designation id 1','1',1,'Insert','111.92.133.185','Windows 10','Chrome 147.0.0.0','2026-04-16 14:23:31',NULL),(141,'New Record inserted On  staff designation id 2','2',1,'Insert','111.92.133.185','Windows 10','Chrome 147.0.0.0','2026-04-16 14:23:44',NULL),(142,'New Record inserted On  staff designation id 3','3',1,'Insert','111.92.133.185','Windows 10','Chrome 147.0.0.0','2026-04-16 14:23:58',NULL),(143,'New Record inserted On  staff designation id 4','4',1,'Insert','111.92.133.185','Windows 10','Chrome 147.0.0.0','2026-04-16 14:24:09',NULL),(144,'New Record inserted On  staff designation id 5','5',1,'Insert','111.92.133.185','Windows 10','Chrome 147.0.0.0','2026-04-16 14:24:16',NULL),(145,'New Record inserted On  staff designation id 6','6',1,'Insert','111.92.133.185','Windows 10','Chrome 147.0.0.0','2026-04-16 14:24:23',NULL),(146,'New Record inserted On  staff designation id 7','7',1,'Insert','111.92.133.185','Windows 10','Chrome 147.0.0.0','2026-04-16 14:24:31',NULL),(147,'New Record inserted On  staff designation id 8','8',1,'Insert','111.92.133.185','Windows 10','Chrome 147.0.0.0','2026-04-16 14:24:35',NULL),(148,'New Record inserted On  staff designation id 9','9',1,'Insert','111.92.133.185','Windows 10','Chrome 147.0.0.0','2026-04-16 14:24:39',NULL),(149,'Record deleted On staff designation id 9','9',1,'Delete','111.92.133.185','Windows 10','Chrome 147.0.0.0','2026-04-16 14:24:45',NULL),(150,'Record updated On  staff designation id 4','4',1,'Update','111.92.133.185','Windows 10','Chrome 147.0.0.0','2026-04-16 14:25:08',NULL),(151,'Record updated On  staff designation id 4','4',1,'Update','111.92.133.185','Windows 10','Chrome 147.0.0.0','2026-04-16 14:25:16',NULL),(152,'Record updated On settings id 1','1',1,'Update','111.92.133.185','Windows 10','Chrome 147.0.0.0','2026-04-16 14:41:31',NULL),(153,'Record updated On staff id 2','2',1,'Update','111.92.133.185','Windows 10','Chrome 147.0.0.0','2026-04-16 14:41:31',NULL),(154,'Record updated On staff id 2','2',1,'Update','111.92.133.185','Windows 10','Chrome 147.0.0.0','2026-04-16 14:45:58',NULL),(155,'Record updated On staff id 2','2',1,'Update','111.92.133.185','Windows 10','Chrome 147.0.0.0','2026-04-16 14:45:58',NULL),(156,'Record updated On staff id 2','2',1,'Update','111.92.133.185','Windows 10','Chrome 147.0.0.0','2026-04-16 14:52:15',NULL),(157,'Record updated On staff id 2','2',1,'Update','111.92.133.185','Windows 10','Chrome 147.0.0.0','2026-04-16 14:52:15',NULL),(158,'Record updated On settings id 1','1',1,'Update','137.59.220.223','Mac OS X','Chrome 146.0.0.0','2026-04-16 15:07:44',NULL),(159,'Record updated On staff id 3','3',1,'Update','111.92.133.185','Windows 10','Chrome 147.0.0.0','2026-04-16 16:22:54',NULL),(160,'Record updated On staff id 4','4',1,'Update','111.92.133.185','Windows 10','Chrome 147.0.0.0','2026-04-16 16:27:25',NULL),(161,'Record updated On staff id 3','3',1,'Update','111.92.133.185','Windows 10','Chrome 147.0.0.0','2026-04-16 16:27:43',NULL),(162,'Record updated On staff id 3','3',1,'Update','111.92.133.185','Windows 10','Chrome 147.0.0.0','2026-04-16 16:27:43',NULL),(163,'Record updated On staff id 1','1',1,'Update','111.92.133.185','Windows 10','Chrome 147.0.0.0','2026-04-16 16:28:49',NULL),(164,'Record updated On staff id 1','1',1,'Update','111.92.133.185','Windows 10','Chrome 147.0.0.0','2026-04-16 16:28:49',NULL),(165,'Record updated On staff id 4','4',1,'Update','111.92.133.185','Windows 10','Chrome 147.0.0.0','2026-04-16 16:30:25',NULL),(166,'Record updated On staff id 4','4',1,'Update','111.92.133.185','Windows 10','Chrome 147.0.0.0','2026-04-16 16:30:25',NULL),(167,'Record updated On staff id 5','5',1,'Update','111.92.133.185','Windows 10','Chrome 147.0.0.0','2026-04-16 16:35:10',NULL),(168,'Record updated On staff id 6','6',1,'Update','111.92.133.185','Windows 10','Chrome 147.0.0.0','2026-04-16 16:38:15',NULL),(169,'New Record inserted On  staff designation id 10','10',1,'Insert','111.92.133.185','Windows 10','Chrome 147.0.0.0','2026-04-16 16:38:36',NULL),(170,'Record updated On staff id 7','7',1,'Update','111.92.133.185','Windows 10','Chrome 147.0.0.0','2026-04-16 16:41:19',NULL),(171,'Record updated On staff id 5','5',1,'Update','111.92.133.185','Windows 10','Chrome 147.0.0.0','2026-04-16 16:42:45',NULL),(172,'Record updated On staff id 5','5',1,'Update','111.92.133.185','Windows 10','Chrome 147.0.0.0','2026-04-16 16:42:45',NULL),(173,'New Record inserted On  enquiry id 1','1',1,'Insert','111.92.133.185','Windows 10','Chrome 147.0.0.0','2026-04-16 16:45:14',NULL),(174,'New Record inserted On  enquiry id 2','2',1,'Insert','111.92.133.185','Windows 10','Chrome 147.0.0.0','2026-04-16 16:47:34',NULL),(175,'New Record inserted On  enquiry id 3','3',1,'Insert','111.92.133.185','Windows 10','Chrome 147.0.0.0','2026-04-16 16:48:42',NULL),(176,'New Record inserted On  enquiry id 4','4',1,'Insert','111.92.133.185','Windows 10','Chrome 147.0.0.0','2026-04-16 16:49:31',NULL),(177,'Record updated On  enquiry id 2','2',1,'Update','111.92.133.185','Windows 10','Chrome 147.0.0.0','2026-04-16 16:50:04',NULL),(178,'Record updated On  enquiry id 2','2',1,'Update','111.92.133.185','Windows 10','Chrome 147.0.0.0','2026-04-16 16:50:45',NULL),(179,'Record updated On  enquiry id 2','2',1,'Update','111.92.133.185','Windows 10','Chrome 147.0.0.0','2026-04-16 16:51:14',NULL),(180,'Record updated On  enquiry id 4','4',1,'Update','111.92.133.185','Windows 10','Chrome 147.0.0.0','2026-04-16 16:53:46',NULL),(181,'New Record inserted On sections id 1','1',1,'Insert','43.246.221.204','Windows 10','Chrome 147.0.0.0','2026-04-16 22:57:06',NULL),(182,'New Record inserted On sections id 2','2',1,'Insert','43.246.221.204','Windows 10','Chrome 147.0.0.0','2026-04-16 22:57:09',NULL),(183,'New Record inserted On sections id 3','3',1,'Insert','43.246.221.204','Windows 10','Chrome 147.0.0.0','2026-04-16 22:57:13',NULL),(184,'New Record inserted On subject groups id 1','1',1,'Insert','43.246.221.204','Windows 10','Chrome 147.0.0.0','2026-04-16 22:57:29',NULL),(185,'New Record inserted On subject groups id 2','2',1,'Insert','43.246.221.204','Windows 10','Chrome 147.0.0.0','2026-04-16 22:57:41',NULL),(186,'New Record inserted On subjects id 1','1',1,'Insert','43.246.221.204','Windows 10','Chrome 147.0.0.0','2026-04-16 22:58:27',NULL),(187,'New Record inserted On subjects id 2','2',1,'Insert','43.246.221.204','Windows 10','Chrome 147.0.0.0','2026-04-16 22:58:47',NULL),(188,'New Record inserted On subjects id 3','3',1,'Insert','43.246.221.204','Windows 10','Chrome 147.0.0.0','2026-04-16 22:58:59',NULL),(189,'New Record inserted On subjects id 4','4',1,'Insert','43.246.221.204','Windows 10','Chrome 147.0.0.0','2026-04-16 22:59:33',NULL),(190,'New Record inserted On subject groups id 1','1',1,'Insert','43.246.221.204','Windows 10','Chrome 147.0.0.0','2026-04-16 23:00:14',NULL),(191,'Record updated On settings id 1','1',1,'Update','137.59.220.56','Mac OS X','Chrome 146.0.0.0','2026-04-17 09:23:48',NULL),(192,'Record updated On settings id 1','1',1,'Update','43.246.221.204','Windows 10','Chrome 147.0.0.0','2026-04-17 09:57:06',NULL),(193,'Record updated On settings id 1','1',1,'Update','43.246.221.204','Windows 10','Chrome 147.0.0.0','2026-04-17 09:57:08',NULL),(194,'Record updated On settings id 1','1',1,'Update','43.246.221.204','Windows 10','Chrome 147.0.0.0','2026-04-17 09:58:47',NULL),(195,'Record updated On settings id 1','1',1,'Update','137.59.220.223','Mac OS X','Chrome 146.0.0.0','2026-04-17 10:02:27',NULL),(196,'Record updated On settings id 1','1',1,'Update','43.246.221.204','Windows 10','Chrome 147.0.0.0','2026-04-17 10:02:32',NULL),(197,'Record updated On settings id 1','1',1,'Update','43.246.221.204','Windows 10','Chrome 147.0.0.0','2026-04-17 10:03:41',NULL),(198,'Record updated On settings id 1','1',1,'Update','43.246.221.204','Windows 10','Chrome 147.0.0.0','2026-04-17 10:05:28',NULL),(199,'Record updated On settings id 1','1',1,'Update','43.246.221.204','Windows 10','Chrome 147.0.0.0','2026-04-17 10:12:51',NULL),(200,'Record updated On settings id 1','1',1,'Update','43.246.221.204','Windows 10','Chrome 147.0.0.0','2026-04-17 10:12:57',NULL),(201,'Record updated On settings id 1','1',1,'Update','43.246.221.204','Windows 10','Chrome 147.0.0.0','2026-04-17 10:22:12',NULL),(202,'Record updated On settings id 1','1',1,'Update','43.246.221.204','Windows 10','Chrome 147.0.0.0','2026-04-17 10:22:16',NULL),(203,'Record updated On settings id 1','1',1,'Update','43.246.221.204','Windows 10','Chrome 147.0.0.0','2026-04-17 10:22:18',NULL),(204,'Record updated On settings id 1','1',1,'Update','43.246.221.204','Windows 10','Chrome 147.0.0.0','2026-04-17 10:23:20',NULL),(205,'Record updated On settings id 1','1',1,'Update','43.246.221.204','Windows 10','Chrome 147.0.0.0','2026-04-17 10:33:17',NULL),(206,'Record updated On settings id 1','1',1,'Update','43.246.221.204','Windows 10','Chrome 147.0.0.0','2026-04-17 10:33:19',NULL),(207,'Record updated On settings id 1','1',1,'Update','43.246.221.204','Windows 10','Chrome 147.0.0.0','2026-04-17 10:36:01',NULL),(208,'Record updated On settings id 1','1',1,'Update','43.246.221.204','Windows 10','Chrome 147.0.0.0','2026-04-17 16:04:36',NULL),(209,'Record updated On settings id 1','1',1,'Update','202.47.32.103','Windows 10','Chrome 147.0.0.0','2026-04-20 13:22:11',NULL),(210,'New Record inserted On users id 2','2',1,'Insert','202.47.32.103','Windows 10','Chrome 147.0.0.0','2026-04-20 13:22:11',NULL),(211,'Record updated On students id 1','1',1,'Update','202.47.32.103','Windows 10','Chrome 147.0.0.0','2026-04-20 13:22:11',NULL),(212,'Record updated On  users id 1','1',0,'Update','202.47.32.103','Windows 10','Chrome 147.0.0.0','2026-04-21 09:08:29',NULL),(213,'Record updated On  users id 1','1',0,'Update','202.47.32.103','Windows 10','Chrome 147.0.0.0','2026-04-21 09:19:05',NULL),(214,'Record updated On staff id 3','3',1,'Update','111.92.131.190','Windows 10','Chrome 147.0.0.0','2026-04-21 09:19:48',NULL),(215,'Record updated On staff id 3','3',1,'Update','111.92.131.190','Windows 10','Chrome 147.0.0.0','2026-04-21 09:19:48',NULL),(216,'Record updated On staff id 3','3',1,'Update','111.92.131.190','Windows 10','Chrome 147.0.0.0','2026-04-21 09:20:17',NULL),(217,'Record updated On staff id 3','3',1,'Update','111.92.131.190','Windows 10','Chrome 147.0.0.0','2026-04-21 09:20:17',NULL),(218,'Record updated On staff id 5','5',1,'Update','111.92.131.190','Windows 10','Chrome 147.0.0.0','2026-04-21 09:20:59',NULL),(219,'Record updated On staff id 5','5',1,'Update','111.92.131.190','Windows 10','Chrome 147.0.0.0','2026-04-21 09:20:59',NULL),(220,'Record updated On staff id 4','4',1,'Update','111.92.131.190','Windows 10','Chrome 147.0.0.0','2026-04-21 09:21:24',NULL),(221,'Record updated On staff id 4','4',1,'Update','111.92.131.190','Windows 10','Chrome 147.0.0.0','2026-04-21 09:21:24',NULL),(222,'Record updated On staff id 2','2',1,'Update','111.92.131.190','Windows 10','Chrome 147.0.0.0','2026-04-21 09:21:41',NULL),(223,'Record updated On staff id 2','2',1,'Update','111.92.131.190','Windows 10','Chrome 147.0.0.0','2026-04-21 09:21:41',NULL),(224,'New Record inserted On  visitors  id 1','1',1,'Insert','111.92.131.190','Windows 10','Chrome 147.0.0.0','2026-04-21 09:29:58',NULL),(225,'New Record inserted On  visitors  id 2','2',1,'Insert','111.92.131.190','Windows 10','Chrome 147.0.0.0','2026-04-21 09:31:14',NULL),(226,'New Record inserted On  visitors  id 3','3',1,'Insert','111.92.131.190','Windows 10','Chrome 147.0.0.0','2026-04-21 09:32:08',NULL),(227,'New Record inserted On  Phone Call Log id 1','1',1,'Insert','111.92.131.190','Windows 10','Chrome 147.0.0.0','2026-04-21 09:33:50',NULL),(228,'New Record inserted On  Phone Call Log id 2','2',1,'Insert','111.92.131.190','Windows 10','Chrome 147.0.0.0','2026-04-21 09:34:48',NULL),(229,'New Record inserted On  Phone Call Log id 3','3',1,'Insert','111.92.131.190','Windows 10','Chrome 147.0.0.0','2026-04-21 09:35:27',NULL),(230,'New Record inserted On  Admission Enquiry  Postal Dispatch id 1','1',1,'Insert','111.92.131.190','Windows 10','Chrome 147.0.0.0','2026-04-21 09:37:16',NULL),(231,'New Record inserted On  Admission Enquiry  Postal Dispatch id 2','2',1,'Insert','111.92.131.190','Windows 10','Chrome 147.0.0.0','2026-04-21 09:38:16',NULL),(232,'New Record inserted On  Admission Enquiry  Postal Receive id 3','3',1,'Insert','111.92.131.190','Windows 10','Chrome 147.0.0.0','2026-04-21 09:39:28',NULL),(233,'New Record inserted On  Admission Enquiry  Postal Receive id 4','4',1,'Insert','111.92.131.190','Windows 10','Chrome 147.0.0.0','2026-04-21 09:40:16',NULL),(234,'New Record inserted On  Complain id 1','1',1,'Insert','111.92.131.190','Windows 10','Chrome 147.0.0.0','2026-04-21 09:42:03',NULL),(235,'New Record inserted On  Complain id 2','2',1,'Insert','111.92.131.190','Windows 10','Chrome 147.0.0.0','2026-04-21 09:43:07',NULL),(236,'New Record inserted On  Complain id 3','3',1,'Insert','111.92.131.190','Windows 10','Chrome 147.0.0.0','2026-04-21 09:44:26',NULL),(237,'New Record inserted On students id 2','2',1,'Insert','111.92.130.44','Windows 10','Chrome 147.0.0.0','2026-04-21 10:12:13',NULL),(238,'New Record inserted On  student session id 2','2',1,'Insert','111.92.130.44','Windows 10','Chrome 147.0.0.0','2026-04-21 10:12:13',NULL),(239,'New Record inserted On users id 3','3',1,'Insert','111.92.130.44','Windows 10','Chrome 147.0.0.0','2026-04-21 10:12:13',NULL),(240,'New Record inserted On users id 4','4',1,'Insert','111.92.130.44','Windows 10','Chrome 147.0.0.0','2026-04-21 10:12:13',NULL),(241,'Record updated On students id 2','2',1,'Update','111.92.130.44','Windows 10','Chrome 147.0.0.0','2026-04-21 10:12:13',NULL),(242,'New Record inserted On  categories id 1','1',1,'Insert','111.92.130.44','Windows 10','Chrome 147.0.0.0','2026-04-21 10:18:17',NULL),(243,'New Record inserted On  categories id 2','2',1,'Insert','111.92.130.44','Windows 10','Chrome 147.0.0.0','2026-04-21 10:18:25',NULL),(244,'New Record inserted On  categories id 3','3',1,'Insert','111.92.130.44','Windows 10','Chrome 147.0.0.0','2026-04-21 10:18:34',NULL),(245,'New Record inserted On  categories id 4','4',1,'Insert','111.92.130.44','Windows 10','Chrome 147.0.0.0','2026-04-21 10:18:42',NULL),(246,'New Record inserted On subject groups id 3','3',1,'Insert','111.92.130.44','Windows 10','Chrome 147.0.0.0','2026-04-21 10:19:22',NULL),(247,'New Record inserted On sections id 4','4',1,'Insert','111.92.130.44','Windows 10','Chrome 147.0.0.0','2026-04-21 10:19:51',NULL),(248,'New Record inserted On school houses id 1','1',1,'Insert','111.92.130.44','Windows 10','Chrome 147.0.0.0','2026-04-21 10:21:13',NULL),(249,'New Record inserted On school houses id 2','2',1,'Insert','111.92.130.44','Windows 10','Chrome 147.0.0.0','2026-04-21 10:21:16',NULL),(250,'New Record inserted On school houses id 3','3',1,'Insert','111.92.130.44','Windows 10','Chrome 147.0.0.0','2026-04-21 10:21:27',NULL),(251,'New Record inserted On school houses id 4','4',1,'Insert','111.92.130.44','Windows 10','Chrome 147.0.0.0','2026-04-21 10:21:34',NULL),(252,'New Record inserted On transport route id 1','1',1,'Insert','111.92.130.44','Windows 10','Chrome 147.0.0.0','2026-04-21 10:21:59',NULL),(253,'New Record inserted On transport route id 2','2',1,'Insert','111.92.130.44','Windows 10','Chrome 147.0.0.0','2026-04-21 10:22:05',NULL),(254,'New Record inserted On transport route id 3','3',1,'Insert','111.92.130.44','Windows 10','Chrome 147.0.0.0','2026-04-21 10:22:12',NULL),(255,'New Record inserted On transport route id 1','1',1,'Insert','111.92.130.44','Windows 10','Chrome 147.0.0.0','2026-04-21 10:23:40',NULL),(256,'New Record inserted On transport route id 2','2',1,'Insert','111.92.130.44','Windows 10','Chrome 147.0.0.0','2026-04-21 10:24:16',NULL),(257,'New Record inserted On transport route id 3','3',1,'Insert','111.92.130.44','Windows 10','Chrome 147.0.0.0','2026-04-21 10:24:46',NULL),(258,'New Record inserted On hostel id 1','1',1,'Insert','111.92.130.44','Windows 10','Chrome 147.0.0.0','2026-04-21 10:26:56',NULL),(259,'New Record inserted On hostel id 2','2',1,'Insert','111.92.130.44','Windows 10','Chrome 147.0.0.0','2026-04-21 10:29:25',NULL),(260,'New Record inserted On room types id 1','1',1,'Insert','111.92.130.44','Windows 10','Chrome 147.0.0.0','2026-04-21 10:29:58',NULL),(261,'New Record inserted On room types id 2','2',1,'Insert','111.92.130.44','Windows 10','Chrome 147.0.0.0','2026-04-21 10:30:08',NULL),(262,'New Record inserted On room types id 3','3',1,'Insert','111.92.130.44','Windows 10','Chrome 147.0.0.0','2026-04-21 10:30:24',NULL),(263,'Record deleted On room types id 1','1',1,'Delete','111.92.130.44','Windows 10','Chrome 147.0.0.0','2026-04-21 10:30:52',NULL),(264,'Record deleted On room types id 2','2',1,'Delete','111.92.130.44','Windows 10','Chrome 147.0.0.0','2026-04-21 10:30:56',NULL),(265,'Record deleted On room types id 3','3',1,'Delete','111.92.130.44','Windows 10','Chrome 147.0.0.0','2026-04-21 10:31:00',NULL),(266,'New Record inserted On room types id 4','4',1,'Insert','111.92.130.44','Windows 10','Chrome 147.0.0.0','2026-04-21 10:31:29',NULL),(267,'New Record inserted On room types id 5','5',1,'Insert','111.92.130.44','Windows 10','Chrome 147.0.0.0','2026-04-21 10:31:57',NULL),(268,'New Record inserted On room types id 6','6',1,'Insert','111.92.130.44','Windows 10','Chrome 147.0.0.0','2026-04-21 10:32:31',NULL),(269,'New Record inserted On room types id 7','7',1,'Insert','111.92.130.44','Windows 10','Chrome 147.0.0.0','2026-04-21 10:32:55',NULL),(270,'New Record inserted On hostel rooms id 1','1',1,'Insert','111.92.130.44','Windows 10','Chrome 147.0.0.0','2026-04-21 10:34:15',NULL),(271,'New Record inserted On hostel rooms id 2','2',1,'Insert','111.92.130.44','Windows 10','Chrome 147.0.0.0','2026-04-21 10:35:00',NULL),(272,'New Record inserted On hostel rooms id 3','3',1,'Insert','111.92.130.44','Windows 10','Chrome 147.0.0.0','2026-04-21 10:35:45',NULL),(273,'New Record inserted On hostel rooms id 4','4',1,'Insert','111.92.130.44','Windows 10','Chrome 147.0.0.0','2026-04-21 10:36:18',NULL),(274,'New Record inserted On hostel rooms id 5','5',1,'Insert','111.92.130.44','Windows 10','Chrome 147.0.0.0','2026-04-21 10:36:55',NULL),(275,'Record updated On  hostel rooms id 4','4',1,'Update','111.92.130.44','Windows 10','Chrome 147.0.0.0','2026-04-21 10:37:03',NULL),(276,'New Record inserted On hostel rooms id 6','6',1,'Insert','111.92.130.44','Windows 10','Chrome 147.0.0.0','2026-04-21 10:37:41',NULL),(277,'New Record inserted On users id 6','6',1,'Insert','111.92.130.44','Windows 10','Chrome 147.0.0.0','2026-04-21 10:43:04',NULL),(278,'Record updated On students id 3','3',1,'Update','111.92.130.44','Windows 10','Chrome 147.0.0.0','2026-04-21 10:43:04',NULL),(279,'New Record inserted On users id 8','8',1,'Insert','111.92.130.44','Windows 10','Chrome 147.0.0.0','2026-04-21 10:50:20',NULL),(280,'Record updated On students id 4','4',1,'Update','111.92.130.44','Windows 10','Chrome 147.0.0.0','2026-04-21 10:50:20',NULL),(281,'New Record inserted On users id 10','10',1,'Insert','111.92.130.44','Windows 10','Chrome 147.0.0.0','2026-04-21 10:53:00',NULL),(282,'Record updated On students id 5','5',1,'Update','111.92.130.44','Windows 10','Chrome 147.0.0.0','2026-04-21 10:53:00',NULL),(283,'New Record inserted On users id 12','12',1,'Insert','111.92.130.44','Windows 10','Chrome 147.0.0.0','2026-04-21 10:55:59',NULL),(284,'Record updated On students id 6','6',1,'Update','111.92.130.44','Windows 10','Chrome 147.0.0.0','2026-04-21 10:55:59',NULL),(285,'New Record inserted On users id 14','14',1,'Insert','111.92.130.44','Windows 10','Chrome 147.0.0.0','2026-04-21 11:16:49',NULL),(286,'Record updated On students id 7','7',1,'Update','111.92.130.44','Windows 10','Chrome 147.0.0.0','2026-04-21 11:16:49',NULL),(287,'New Record inserted On users id 16','16',1,'Insert','111.92.130.44','Windows 10','Chrome 147.0.0.0','2026-04-21 11:19:12',NULL),(288,'Record updated On students id 8','8',1,'Update','111.92.130.44','Windows 10','Chrome 147.0.0.0','2026-04-21 11:19:12',NULL),(289,'New Record inserted On users id 18','18',1,'Insert','111.92.130.44','Windows 10','Chrome 147.0.0.0','2026-04-21 11:21:24',NULL),(290,'Record updated On students id 9','9',1,'Update','111.92.130.44','Windows 10','Chrome 147.0.0.0','2026-04-21 11:21:24',NULL),(291,'Record updated On  users id 5','5',1,'Update','111.92.130.44','Windows 10','Chrome 147.0.0.0','2026-04-21 11:35:18',NULL),(292,'Record updated On  users id 7','7',1,'Update','111.92.130.44','Windows 10','Chrome 147.0.0.0','2026-04-21 11:40:07',NULL),(293,'Record updated On  users id 8','8',0,'Update','202.47.32.103','Windows 10','Chrome 147.0.0.0','2026-04-21 11:45:01',NULL),(294,'Record updated On Menu id 4','4',1,'Update','111.92.130.44','Windows 10','Chrome 147.0.0.0','2026-04-21 11:46:35',NULL),(295,'New Record inserted On Page List id 5','5',1,'Insert','111.92.130.44','Windows 10','Chrome 147.0.0.0','2026-04-21 11:49:44',NULL),(296,'Record updated On Menu id 4','4',1,'Update','111.92.130.44','Windows 10','Chrome 147.0.0.0','2026-04-21 11:50:14',NULL),(297,'Record updated On  users id 5','5',0,'Update','202.47.32.103','Windows 10','Chrome 147.0.0.0','2026-04-21 11:54:19',NULL),(298,'Record updated On Menu id 4','4',1,'Update','111.92.130.44','Windows 10','Chrome 147.0.0.0','2026-04-21 11:56:24',NULL),(299,'Record updated On Menu id 4','4',1,'Update','111.92.130.44','Windows 10','Chrome 147.0.0.0','2026-04-21 11:57:00',NULL),(300,'Record updated On Menu id 4','4',1,'Update','111.92.130.44','Windows 10','Chrome 147.0.0.0','2026-04-21 11:57:42',NULL),(301,'Record updated On settings id 1','1',1,'Update','111.92.130.44','Windows 10','Chrome 147.0.0.0','2026-04-21 12:02:18',NULL),(302,'Record updated On settings id 1','1',1,'Update','111.92.130.44','Windows 10','Chrome 147.0.0.0','2026-04-21 12:03:04',NULL),(303,'Record updated On Menu id 4','4',1,'Update','111.92.130.44','Windows 10','Chrome 147.0.0.0','2026-04-21 12:03:47',NULL),(304,'Record updated On  users id 5','5',0,'Update','111.92.130.44','Android','Chrome 147.0.0.0','2026-04-21 12:05:37',NULL),(305,'Record updated On  users id 5','5',0,'Update','111.92.130.44','Windows 10','Chrome 147.0.0.0','2026-04-21 12:06:46',NULL),(306,'New Record inserted On disable reason id 1','1',1,'Insert','111.92.130.44','Windows 10','Chrome 147.0.0.0','2026-04-21 12:16:35',NULL),(307,'New Record inserted On disable reason id 2','2',1,'Insert','111.92.130.44','Windows 10','Chrome 147.0.0.0','2026-04-21 12:16:44',NULL),(308,'New Record inserted On disable reason id 3','3',1,'Insert','111.92.130.44','Windows 10','Chrome 147.0.0.0','2026-04-21 12:16:54',NULL),(309,'New Record inserted On disable reason id 4','4',1,'Insert','111.92.130.44','Windows 10','Chrome 147.0.0.0','2026-04-21 12:17:01',NULL),(310,'New Record inserted On lesson id 1','1',1,'Insert','202.47.32.103','Windows 10','Chrome 147.0.0.0','2026-04-21 12:17:10',NULL),(311,'New Record inserted On disable reason id 5','5',1,'Insert','111.92.130.44','Windows 10','Chrome 147.0.0.0','2026-04-21 12:17:11',NULL),(312,'New Record inserted On disable reason id 6','6',1,'Insert','111.92.130.44','Windows 10','Chrome 147.0.0.0','2026-04-21 12:17:18',NULL),(313,'New Record inserted On disable reason id 7','7',1,'Insert','111.92.130.44','Windows 10','Chrome 147.0.0.0','2026-04-21 12:17:25',NULL),(314,'Record updated On  users id 5','5',1,'Update','202.47.32.103','Windows 10','Chrome 147.0.0.0','2026-04-21 12:17:49',NULL),(315,'Record updated On students id 1','1',1,'Update','111.92.130.44','Windows 10','Chrome 147.0.0.0','2026-04-21 12:18:21',NULL),(316,'Record updated On  users id 5','5',0,'Update','202.47.32.103','Windows 10','Chrome 147.0.0.0','2026-04-21 12:18:57',NULL),(317,'Record updated On lesson id 1','1',1,'Update','202.47.32.103','Windows 10','Chrome 147.0.0.0','2026-04-21 12:21:36',NULL),(318,'Record updated On students id 2','2',1,'Update','111.92.131.190','Windows 10','Chrome 147.0.0.0','2026-04-21 12:38:29',NULL),(319,'New Record inserted On  fee type id 1','1',1,'Insert','111.92.131.190','Windows 10','Chrome 147.0.0.0','2026-04-21 12:40:24',NULL),(320,'New Record inserted On  fee type id 2','2',1,'Insert','111.92.131.190','Windows 10','Chrome 147.0.0.0','2026-04-21 12:41:03',NULL),(321,'New Record inserted On  fee type id 3','3',1,'Insert','111.92.131.190','Windows 10','Chrome 147.0.0.0','2026-04-21 12:41:30',NULL),(322,'New Record inserted On  fee type id 4','4',1,'Insert','111.92.131.190','Windows 10','Chrome 147.0.0.0','2026-04-21 12:41:43',NULL),(323,'New Record inserted On  fee type id 5','5',1,'Insert','111.92.131.190','Windows 10','Chrome 147.0.0.0','2026-04-21 12:42:18',NULL),(324,'Record deleted On  fee type id 4','4',1,'Delete','111.92.131.190','Windows 10','Chrome 147.0.0.0','2026-04-21 12:42:23',NULL),(325,'Record updated On  users id 5','5',0,'Update','202.47.32.103','Windows 10','Chrome 147.0.0.0','2026-04-21 12:43:59',NULL),(326,'New Record inserted On class teacher id 1','1',1,'Insert','202.47.32.103','Windows 10','Chrome 147.0.0.0','2026-04-21 12:46:22',NULL),(327,'New Record inserted On class teacher id 2','2',1,'Insert','202.47.32.103','Windows 10','Chrome 147.0.0.0','2026-04-21 12:47:56',NULL),(328,'New Record inserted On class teacher id 3','3',1,'Insert','202.47.32.103','Windows 10','Chrome 147.0.0.0','2026-04-21 12:54:23',NULL),(329,'Record updated On  users id 5','5',0,'Update','202.47.32.103','Windows 10','Chrome 147.0.0.0','2026-04-21 12:57:03',NULL),(330,'New Record inserted On  fee group id 1','1',1,'Insert','111.92.130.44','Windows 10','Chrome 147.0.0.0','2026-04-21 13:02:25',NULL),(331,'New Record inserted On  fee group id 2','2',1,'Insert','111.92.130.44','Windows 10','Chrome 147.0.0.0','2026-04-21 13:02:37',NULL),(332,'New Record inserted On  fee groups feetype id 1','1',1,'Insert','111.92.130.44','Windows 10','Chrome 147.0.0.0','2026-04-21 13:03:52',NULL),(333,'New Record inserted On  fee groups feetype id 2','2',1,'Insert','111.92.130.44','Windows 10','Chrome 147.0.0.0','2026-04-21 13:04:52',NULL),(334,'New Record inserted On  fee groups feetype id 3','3',1,'Insert','111.92.130.44','Windows 10','Chrome 147.0.0.0','2026-04-21 13:05:25',NULL),(335,'New Record inserted On  fee groups feetype id 4','4',1,'Insert','111.92.130.44','Windows 10','Chrome 147.0.0.0','2026-04-21 13:05:57',NULL),(336,'New Record inserted On student fees master id 1','1',1,'Insert','111.92.130.44','Windows 10','Chrome 147.0.0.0','2026-04-21 13:06:42',NULL),(337,'New Record inserted On student fees master id 2','2',1,'Insert','111.92.130.44','Windows 10','Chrome 147.0.0.0','2026-04-21 13:06:42',NULL),(338,'New Record inserted On student fees master id 3','3',1,'Insert','111.92.130.44','Windows 10','Chrome 147.0.0.0','2026-04-21 13:06:42',NULL),(339,'New Record inserted On  fees discounts id 1','1',1,'Insert','111.92.130.44','Windows 10','Chrome 147.0.0.0','2026-04-21 13:08:10',NULL),(340,'New Record inserted On  fees discounts id 2','2',1,'Insert','111.92.130.44','Windows 10','Chrome 147.0.0.0','2026-04-21 13:08:47',NULL),(341,'New Record inserted On  fees discounts id 3','3',1,'Insert','111.92.130.44','Windows 10','Chrome 147.0.0.0','2026-04-21 13:09:18',NULL),(342,'Record updated On  users id 6','6',0,'Update','111.92.130.44','Windows 10','Chrome 147.0.0.0','2026-04-21 13:22:21',NULL),(343,'Record updated On  users id 5','5',0,'Update','111.92.130.44','Windows 10','Chrome 147.0.0.0','2026-04-21 13:24:01',NULL),(344,'New Record inserted On  income head   id 1','1',1,'Insert','111.92.130.44','Windows 10','Chrome 147.0.0.0','2026-04-21 13:30:46',NULL),(345,'New Record inserted On  income head   id 2','2',1,'Insert','111.92.130.44','Windows 10','Chrome 147.0.0.0','2026-04-21 13:31:07',NULL),(346,'New Record inserted On  income head   id 3','3',1,'Insert','111.92.130.44','Windows 10','Chrome 147.0.0.0','2026-04-21 13:31:16',NULL),(347,'New Record inserted On  income head   id 4','4',1,'Insert','111.92.130.44','Windows 10','Chrome 147.0.0.0','2026-04-21 13:31:25',NULL),(348,'New Record inserted On  income head   id 5','5',1,'Insert','111.92.130.44','Windows 10','Chrome 147.0.0.0','2026-04-21 13:31:37',NULL),(349,'New Record inserted On  income head   id 6','6',1,'Insert','111.92.130.44','Windows 10','Chrome 147.0.0.0','2026-04-21 13:31:48',NULL),(350,'New Record inserted On  income head   id 7','7',1,'Insert','111.92.130.44','Windows 10','Chrome 147.0.0.0','2026-04-21 13:31:59',NULL),(351,'New Record inserted On  income head   id 8','8',1,'Insert','111.92.130.44','Windows 10','Chrome 147.0.0.0','2026-04-21 13:32:07',NULL),(352,'New Record inserted On  income head   id 9','9',1,'Insert','111.92.130.44','Windows 10','Chrome 147.0.0.0','2026-04-21 13:32:18',NULL),(353,'New Record inserted On  income head   id 10','10',1,'Insert','111.92.130.44','Windows 10','Chrome 147.0.0.0','2026-04-21 13:32:30',NULL),(354,'New Record inserted On  Income   id 1','1',1,'Insert','111.92.130.44','Windows 10','Chrome 147.0.0.0','2026-04-21 13:33:49',NULL),(355,'Record updated On  users id 5','5',0,'Update','202.47.32.103','Windows 10','Chrome 147.0.0.0','2026-04-21 13:34:00',NULL),(356,'New Record inserted On  Income   id 2','2',1,'Insert','111.92.130.44','Windows 10','Chrome 147.0.0.0','2026-04-21 13:34:36',NULL),(357,'New Record inserted On  Income   id 3','3',1,'Insert','111.92.130.44','Windows 10','Chrome 147.0.0.0','2026-04-21 13:35:11',NULL),(358,'New Record inserted On  Income   id 4','4',1,'Insert','111.92.130.44','Windows 10','Chrome 147.0.0.0','2026-04-21 13:35:49',NULL),(359,'New Record inserted On  Income   id 5','5',1,'Insert','111.92.130.44','Windows 10','Chrome 147.0.0.0','2026-04-21 13:36:22',NULL),(360,'New Record inserted On subjects id 5','5',1,'Insert','111.92.130.44','Windows 10','Chrome 147.0.0.0','2026-04-21 13:39:00',NULL),(361,'New Record inserted On subjects id 6','6',1,'Insert','111.92.130.44','Windows 10','Chrome 147.0.0.0','2026-04-21 13:39:18',NULL),(362,'Record updated On subjects id 3','3',1,'Update','111.92.130.44','Windows 10','Chrome 147.0.0.0','2026-04-21 13:39:27',NULL),(363,'Record deleted On subject groups id 1','1',1,'Delete','111.92.130.44','Windows 10','Chrome 147.0.0.0','2026-04-21 13:41:27',NULL),(364,'New Record inserted On subject groups id 2','2',1,'Insert','111.92.130.44','Windows 10','Chrome 147.0.0.0','2026-04-21 13:44:15',NULL),(365,'New Record inserted On subject groups id 3','3',1,'Insert','111.92.130.44','Windows 10','Chrome 147.0.0.0','2026-04-21 13:45:40',NULL),(366,'New Record inserted On subject groups id 4','4',1,'Insert','111.92.130.44','Windows 10','Chrome 147.0.0.0','2026-04-21 13:47:46',NULL),(367,'New Record inserted On subject groups id 5','5',1,'Insert','111.92.130.44','Windows 10','Chrome 147.0.0.0','2026-04-21 13:48:26',NULL),(368,'New Record inserted On  subject timetable id 1','1',1,'Insert','111.92.130.44','Windows 10','Chrome 147.0.0.0','2026-04-21 13:54:12',NULL),(369,'New Record inserted On  subject timetable id 0','0',1,'Insert','111.92.130.44','Windows 10','Chrome 147.0.0.0','2026-04-21 13:54:12',NULL),(370,'New Record inserted On  subject timetable id -1','-1',1,'Insert','111.92.130.44','Windows 10','Chrome 147.0.0.0','2026-04-21 13:54:12',NULL),(371,'New Record inserted On  subject timetable id -2','-2',1,'Insert','111.92.130.44','Windows 10','Chrome 147.0.0.0','2026-04-21 13:54:12',NULL),(372,'New Record inserted On  subject timetable id -3','-3',1,'Insert','111.92.130.44','Windows 10','Chrome 147.0.0.0','2026-04-21 13:54:12',NULL),(373,'New Record inserted On  subject timetable id -4','-4',1,'Insert','111.92.130.44','Windows 10','Chrome 147.0.0.0','2026-04-21 13:54:12',NULL),(374,'New Record inserted On  subject timetable id 7','7',1,'Insert','111.92.130.44','Windows 10','Chrome 147.0.0.0','2026-04-21 13:57:03',NULL),(375,'New Record inserted On  subject timetable id 6','6',1,'Insert','111.92.130.44','Windows 10','Chrome 147.0.0.0','2026-04-21 13:57:03',NULL),(376,'New Record inserted On  subject timetable id 5','5',1,'Insert','111.92.130.44','Windows 10','Chrome 147.0.0.0','2026-04-21 13:57:03',NULL),(377,'New Record inserted On  subject timetable id 4','4',1,'Insert','111.92.130.44','Windows 10','Chrome 147.0.0.0','2026-04-21 13:57:03',NULL),(378,'New Record inserted On  subject timetable id 3','3',1,'Insert','111.92.130.44','Windows 10','Chrome 147.0.0.0','2026-04-21 13:57:03',NULL),(379,'New Record inserted On  subject timetable id 12','12',1,'Insert','111.92.130.44','Windows 10','Chrome 147.0.0.0','2026-04-21 13:58:38',NULL),(380,'New Record inserted On  subject timetable id 11','11',1,'Insert','111.92.130.44','Windows 10','Chrome 147.0.0.0','2026-04-21 13:58:38',NULL),(381,'New Record inserted On  subject timetable id 10','10',1,'Insert','111.92.130.44','Windows 10','Chrome 147.0.0.0','2026-04-21 13:58:38',NULL),(382,'New Record inserted On  subject timetable id 9','9',1,'Insert','111.92.130.44','Windows 10','Chrome 147.0.0.0','2026-04-21 13:58:38',NULL),(383,'New Record inserted On  subject timetable id 8','8',1,'Insert','111.92.130.44','Windows 10','Chrome 147.0.0.0','2026-04-21 13:58:38',NULL),(384,'New Record inserted On  subject timetable id 7','7',1,'Insert','111.92.130.44','Windows 10','Chrome 147.0.0.0','2026-04-21 13:58:38',NULL),(385,'New Record inserted On  subject timetable id 18','18',1,'Insert','111.92.130.44','Windows 10','Chrome 147.0.0.0','2026-04-21 13:59:19',NULL),(386,'New Record inserted On  subject timetable id 17','17',1,'Insert','111.92.130.44','Windows 10','Chrome 147.0.0.0','2026-04-21 13:59:19',NULL),(387,'New Record inserted On  subject timetable id 16','16',1,'Insert','111.92.130.44','Windows 10','Chrome 147.0.0.0','2026-04-21 13:59:19',NULL),(388,'New Record inserted On  subject timetable id 15','15',1,'Insert','111.92.130.44','Windows 10','Chrome 147.0.0.0','2026-04-21 13:59:19',NULL),(389,'New Record inserted On  subject timetable id 14','14',1,'Insert','111.92.130.44','Windows 10','Chrome 147.0.0.0','2026-04-21 13:59:19',NULL),(390,'New Record inserted On  subject timetable id 13','13',1,'Insert','111.92.130.44','Windows 10','Chrome 147.0.0.0','2026-04-21 13:59:19',NULL),(391,'New Record inserted On  subject timetable id 24','24',1,'Insert','111.92.130.44','Windows 10','Chrome 147.0.0.0','2026-04-21 13:59:46',NULL),(392,'New Record inserted On  subject timetable id 23','23',1,'Insert','111.92.130.44','Windows 10','Chrome 147.0.0.0','2026-04-21 13:59:46',NULL),(393,'New Record inserted On  subject timetable id 22','22',1,'Insert','111.92.130.44','Windows 10','Chrome 147.0.0.0','2026-04-21 13:59:46',NULL),(394,'New Record inserted On  subject timetable id 21','21',1,'Insert','111.92.130.44','Windows 10','Chrome 147.0.0.0','2026-04-21 13:59:46',NULL),(395,'New Record inserted On  subject timetable id 20','20',1,'Insert','111.92.130.44','Windows 10','Chrome 147.0.0.0','2026-04-21 13:59:46',NULL),(396,'New Record inserted On  subject timetable id 29','29',1,'Insert','111.92.130.44','Windows 10','Chrome 147.0.0.0','2026-04-21 14:00:41',NULL),(397,'New Record inserted On  subject timetable id 28','28',1,'Insert','111.92.130.44','Windows 10','Chrome 147.0.0.0','2026-04-21 14:00:41',NULL),(398,'New Record inserted On  subject timetable id 27','27',1,'Insert','111.92.130.44','Windows 10','Chrome 147.0.0.0','2026-04-21 14:00:41',NULL),(399,'New Record inserted On  subject timetable id 26','26',1,'Insert','111.92.130.44','Windows 10','Chrome 147.0.0.0','2026-04-21 14:00:41',NULL),(400,'New Record inserted On  subject timetable id 25','25',1,'Insert','111.92.130.44','Windows 10','Chrome 147.0.0.0','2026-04-21 14:00:41',NULL),(401,'New Record inserted On  subject timetable id 34','34',1,'Insert','111.92.130.44','Windows 10','Chrome 147.0.0.0','2026-04-21 14:01:51',NULL),(402,'New Record inserted On  subject timetable id 33','33',1,'Insert','111.92.130.44','Windows 10','Chrome 147.0.0.0','2026-04-21 14:01:51',NULL),(403,'New Record inserted On  subject timetable id 32','32',1,'Insert','111.92.130.44','Windows 10','Chrome 147.0.0.0','2026-04-21 14:01:51',NULL),(404,'New Record inserted On  subject timetable id 31','31',1,'Insert','111.92.130.44','Windows 10','Chrome 147.0.0.0','2026-04-21 14:01:51',NULL),(405,'New Record inserted On  subject timetable id 30','30',1,'Insert','111.92.130.44','Windows 10','Chrome 147.0.0.0','2026-04-21 14:01:51',NULL),(406,'New Record inserted On  subject timetable id 39','39',1,'Insert','111.92.130.44','Windows 10','Chrome 147.0.0.0','2026-04-21 14:02:43',NULL),(407,'New Record inserted On  subject timetable id 38','38',1,'Insert','111.92.130.44','Windows 10','Chrome 147.0.0.0','2026-04-21 14:02:43',NULL),(408,'New Record inserted On  subject timetable id 37','37',1,'Insert','111.92.130.44','Windows 10','Chrome 147.0.0.0','2026-04-21 14:02:43',NULL),(409,'New Record inserted On  subject timetable id 36','36',1,'Insert','111.92.130.44','Windows 10','Chrome 147.0.0.0','2026-04-21 14:02:43',NULL),(410,'New Record inserted On  subject timetable id 35','35',1,'Insert','111.92.130.44','Windows 10','Chrome 147.0.0.0','2026-04-21 14:02:43',NULL),(411,'New Record inserted On  subject timetable id 34','34',1,'Insert','111.92.130.44','Windows 10','Chrome 147.0.0.0','2026-04-21 14:02:43',NULL),(412,'New Record inserted On  subject timetable id 45','45',1,'Insert','111.92.130.44','Windows 10','Chrome 147.0.0.0','2026-04-21 14:03:11',NULL),(413,'New Record inserted On  subject timetable id 44','44',1,'Insert','111.92.130.44','Windows 10','Chrome 147.0.0.0','2026-04-21 14:03:11',NULL),(414,'New Record inserted On  subject timetable id 43','43',1,'Insert','111.92.130.44','Windows 10','Chrome 147.0.0.0','2026-04-21 14:03:11',NULL),(415,'New Record inserted On  subject timetable id 42','42',1,'Insert','111.92.130.44','Windows 10','Chrome 147.0.0.0','2026-04-21 14:03:11',NULL),(416,'New Record inserted On  subject timetable id 41','41',1,'Insert','111.92.130.44','Windows 10','Chrome 147.0.0.0','2026-04-21 14:03:11',NULL),(417,'New Record inserted On  subject timetable id 50','50',1,'Insert','111.92.130.44','Windows 10','Chrome 147.0.0.0','2026-04-21 14:03:39',NULL),(418,'New Record inserted On  subject timetable id 49','49',1,'Insert','111.92.130.44','Windows 10','Chrome 147.0.0.0','2026-04-21 14:03:39',NULL),(419,'New Record inserted On  subject timetable id 48','48',1,'Insert','111.92.130.44','Windows 10','Chrome 147.0.0.0','2026-04-21 14:03:39',NULL),(420,'New Record inserted On  subject timetable id 47','47',1,'Insert','111.92.130.44','Windows 10','Chrome 147.0.0.0','2026-04-21 14:03:39',NULL),(421,'New Record inserted On  subject timetable id 54','54',1,'Insert','111.92.130.44','Windows 10','Chrome 147.0.0.0','2026-04-21 14:05:41',NULL),(422,'New Record inserted On  subject timetable id 53','53',1,'Insert','111.92.130.44','Windows 10','Chrome 147.0.0.0','2026-04-21 14:05:41',NULL),(423,'New Record inserted On  subject timetable id 52','52',1,'Insert','111.92.130.44','Windows 10','Chrome 147.0.0.0','2026-04-21 14:05:41',NULL),(424,'New Record inserted On  subject timetable id 51','51',1,'Insert','111.92.130.44','Windows 10','Chrome 147.0.0.0','2026-04-21 14:05:41',NULL),(425,'New Record inserted On  subject timetable id 50','50',1,'Insert','111.92.130.44','Windows 10','Chrome 147.0.0.0','2026-04-21 14:05:41',NULL),(426,'New Record inserted On  subject timetable id 49','49',1,'Insert','111.92.130.44','Windows 10','Chrome 147.0.0.0','2026-04-21 14:05:41',NULL),(427,'New Record inserted On  subject timetable id 60','60',1,'Insert','111.92.130.44','Windows 10','Chrome 147.0.0.0','2026-04-21 14:06:14',NULL),(428,'New Record inserted On  subject timetable id 59','59',1,'Insert','111.92.130.44','Windows 10','Chrome 147.0.0.0','2026-04-21 14:06:14',NULL),(429,'New Record inserted On  subject timetable id 58','58',1,'Insert','111.92.130.44','Windows 10','Chrome 147.0.0.0','2026-04-21 14:06:14',NULL),(430,'New Record inserted On  subject timetable id 63','63',1,'Insert','111.92.130.44','Windows 10','Chrome 147.0.0.0','2026-04-21 14:06:38',NULL),(431,'New Record inserted On  subject timetable id 62','62',1,'Insert','111.92.130.44','Windows 10','Chrome 147.0.0.0','2026-04-21 14:06:38',NULL),(432,'New Record inserted On  subject timetable id 65','65',1,'Insert','111.92.130.44','Windows 10','Chrome 147.0.0.0','2026-04-21 14:06:52',NULL),(433,'New Record inserted On  subject timetable id 66','66',1,'Insert','111.92.130.44','Windows 10','Chrome 147.0.0.0','2026-04-21 14:07:44',NULL),(434,'New Record inserted On  subject timetable id 65','65',1,'Insert','111.92.130.44','Windows 10','Chrome 147.0.0.0','2026-04-21 14:07:44',NULL),(435,'New Record inserted On  subject timetable id 64','64',1,'Insert','111.92.130.44','Windows 10','Chrome 147.0.0.0','2026-04-21 14:07:44',NULL),(436,'New Record inserted On class teacher id 4','4',1,'Insert','111.92.130.44','Windows 10','Chrome 147.0.0.0','2026-04-21 14:08:28',NULL),(437,'New Record inserted On class teacher id 5','5',1,'Insert','111.92.130.44','Windows 10','Chrome 147.0.0.0','2026-04-21 14:08:40',NULL),(438,'New Record inserted On class teacher id 6','6',1,'Insert','111.92.130.44','Windows 10','Chrome 147.0.0.0','2026-04-21 14:09:01',NULL),(439,'New Record inserted On class teacher id 7','7',1,'Insert','111.92.130.44','Windows 10','Chrome 147.0.0.0','2026-04-21 14:09:10',NULL),(440,'New Record inserted On class teacher id 8','8',1,'Insert','111.92.130.44','Windows 10','Chrome 147.0.0.0','2026-04-21 14:09:22',NULL),(441,'New Record inserted On class teacher id 9','9',1,'Insert','111.92.130.44','Windows 10','Chrome 147.0.0.0','2026-04-21 14:09:31',NULL),(442,'New Record inserted On class teacher id 10','10',1,'Insert','111.92.130.44','Windows 10','Chrome 147.0.0.0','2026-04-21 14:09:40',NULL),(443,'New Record inserted On class teacher id 11','11',1,'Insert','111.92.130.44','Windows 10','Chrome 147.0.0.0','2026-04-21 14:10:03',NULL),(444,'New Record inserted On lesson id 2','2',1,'Insert','111.92.130.44','Windows 10','Chrome 147.0.0.0','2026-04-21 14:22:09',NULL),(445,'New Record inserted On lesson id 3','3',1,'Insert','111.92.130.44','Windows 10','Chrome 147.0.0.0','2026-04-21 14:23:04',NULL),(446,'New Record inserted On lesson id 4','4',1,'Insert','111.92.130.44','Windows 10','Chrome 147.0.0.0','2026-04-21 14:23:04',NULL),(447,'New Record inserted On lesson id 5','5',1,'Insert','111.92.130.44','Windows 10','Chrome 147.0.0.0','2026-04-21 14:23:04',NULL),(448,'New Record inserted On lesson id 6','6',1,'Insert','111.92.130.44','Windows 10','Chrome 147.0.0.0','2026-04-21 14:23:04',NULL),(449,'New Record inserted On lesson id 7','7',1,'Insert','111.92.130.44','Windows 10','Chrome 147.0.0.0','2026-04-21 14:25:19',NULL),(450,'New Record inserted On lesson id 8','8',1,'Insert','111.92.130.44','Windows 10','Chrome 147.0.0.0','2026-04-21 14:25:19',NULL),(451,'New Record inserted On lesson id 9','9',1,'Insert','111.92.130.44','Windows 10','Chrome 147.0.0.0','2026-04-21 14:25:19',NULL),(452,'New Record inserted On lesson id 10','10',1,'Insert','111.92.130.44','Windows 10','Chrome 147.0.0.0','2026-04-21 14:25:19',NULL),(453,'New Record inserted On lesson id 11','11',1,'Insert','111.92.130.44','Windows 10','Chrome 147.0.0.0','2026-04-21 14:26:24',NULL),(454,'New Record inserted On lesson id 12','12',1,'Insert','111.92.130.44','Windows 10','Chrome 147.0.0.0','2026-04-21 14:26:24',NULL),(455,'New Record inserted On lesson id 13','13',1,'Insert','111.92.130.44','Windows 10','Chrome 147.0.0.0','2026-04-21 14:26:24',NULL),(456,'New Record inserted On lesson id 14','14',1,'Insert','111.92.130.44','Windows 10','Chrome 147.0.0.0','2026-04-21 14:27:16',NULL),(457,'New Record inserted On lesson id 15','15',1,'Insert','111.92.130.44','Windows 10','Chrome 147.0.0.0','2026-04-21 14:27:16',NULL),(458,'New Record inserted On lesson id 16','16',1,'Insert','111.92.130.44','Windows 10','Chrome 147.0.0.0','2026-04-21 14:27:16',NULL),(459,'New Record inserted On topic id 1','1',1,'Insert','111.92.130.44','Windows 10','Chrome 147.0.0.0','2026-04-21 14:29:11',NULL),(460,'New Record inserted On topic id 2','2',1,'Insert','111.92.130.44','Windows 10','Chrome 147.0.0.0','2026-04-21 14:29:11',NULL),(461,'New Record inserted On topic id 3','3',1,'Insert','111.92.130.44','Windows 10','Chrome 147.0.0.0','2026-04-21 14:29:11',NULL),(462,'New Record inserted On topic id 4','4',1,'Insert','111.92.130.44','Windows 10','Chrome 147.0.0.0','2026-04-21 14:30:40',NULL),(463,'New Record inserted On topic id 5','5',1,'Insert','111.92.130.44','Windows 10','Chrome 147.0.0.0','2026-04-21 14:30:40',NULL),(464,'New Record inserted On topic id 6','6',1,'Insert','111.92.130.44','Windows 10','Chrome 147.0.0.0','2026-04-21 14:30:40',NULL),(465,'New Record inserted On topic id 7','7',1,'Insert','111.92.130.44','Windows 10','Chrome 147.0.0.0','2026-04-21 14:31:40',NULL),(466,'New Record inserted On topic id 8','8',1,'Insert','111.92.130.44','Windows 10','Chrome 147.0.0.0','2026-04-21 14:31:40',NULL),(467,'New Record inserted On topic id 9','9',1,'Insert','111.92.130.44','Windows 10','Chrome 147.0.0.0','2026-04-21 14:31:40',NULL),(468,'New Record inserted On topic id 10','10',1,'Insert','111.92.130.44','Windows 10','Chrome 147.0.0.0','2026-04-21 14:31:40',NULL),(469,'New Record inserted On topic id 11','11',1,'Insert','111.92.130.44','Windows 10','Chrome 147.0.0.0','2026-04-21 14:32:36',NULL),(470,'New Record inserted On topic id 12','12',1,'Insert','111.92.130.44','Windows 10','Chrome 147.0.0.0','2026-04-21 14:32:36',NULL),(471,'New Record inserted On topic id 13','13',1,'Insert','111.92.130.44','Windows 10','Chrome 147.0.0.0','2026-04-21 14:32:36',NULL),(472,'New Record inserted On topic id 14','14',1,'Insert','111.92.130.44','Windows 10','Chrome 147.0.0.0','2026-04-21 14:33:10',NULL),(473,'New Record inserted On topic id 15','15',1,'Insert','111.92.130.44','Windows 10','Chrome 147.0.0.0','2026-04-21 14:33:10',NULL),(474,'New Record inserted On topic id 16','16',1,'Insert','111.92.130.44','Windows 10','Chrome 147.0.0.0','2026-04-21 14:33:49',NULL),(475,'New Record inserted On topic id 17','17',1,'Insert','111.92.130.44','Windows 10','Chrome 147.0.0.0','2026-04-21 14:33:49',NULL),(476,'New Record inserted On topic id 18','18',1,'Insert','111.92.130.44','Windows 10','Chrome 147.0.0.0','2026-04-21 14:34:45',NULL),(477,'New Record inserted On topic id 19','19',1,'Insert','111.92.130.44','Windows 10','Chrome 147.0.0.0','2026-04-21 14:34:45',NULL),(478,'New Record inserted On topic id 20','20',1,'Insert','111.92.130.44','Windows 10','Chrome 147.0.0.0','2026-04-21 14:34:45',NULL),(479,'Record updated On  users id 5','5',0,'Update','111.92.130.44','Windows 10','Chrome 147.0.0.0','2026-04-21 15:15:02',NULL),(480,'Record updated On  users id 5','5',0,'Update','111.92.130.44','Windows 10','Chrome 147.0.0.0','2026-04-21 15:43:03',NULL),(481,'New Record inserted On Lesson Plan Forum id 1','1',0,'Insert','111.92.130.44','Windows 10','Chrome 147.0.0.0','2026-04-21 15:44:25',NULL),(482,'New Record inserted On  expense head id 1','1',1,'Insert','111.92.130.44','Windows 10','Chrome 147.0.0.0','2026-04-21 16:17:51',NULL),(483,'New Record inserted On  expense head id 2','2',1,'Insert','111.92.130.44','Windows 10','Chrome 147.0.0.0','2026-04-21 16:18:06',NULL),(484,'New Record inserted On  expense head id 3','3',1,'Insert','111.92.130.44','Windows 10','Chrome 147.0.0.0','2026-04-21 16:18:26',NULL),(485,'New Record inserted On  expense head id 4','4',1,'Insert','111.92.130.44','Windows 10','Chrome 147.0.0.0','2026-04-21 16:18:35',NULL),(486,'New Record inserted On  expense head id 5','5',1,'Insert','111.92.130.44','Windows 10','Chrome 147.0.0.0','2026-04-21 16:18:44',NULL),(487,'New Record inserted On  expense head id 6','6',1,'Insert','111.92.130.44','Windows 10','Chrome 147.0.0.0','2026-04-21 16:18:52',NULL),(488,'New Record inserted On  expense head id 7','7',1,'Insert','111.92.130.44','Windows 10','Chrome 147.0.0.0','2026-04-21 16:19:03',NULL),(489,'New Record inserted On  expense head id 8','8',1,'Insert','111.92.130.44','Windows 10','Chrome 147.0.0.0','2026-04-21 16:19:12',NULL),(490,'New Record inserted On  expense head id 9','9',1,'Insert','111.92.130.44','Windows 10','Chrome 147.0.0.0','2026-04-21 16:19:19',NULL),(491,'New Record inserted On  expenses   id 1','1',1,'Insert','111.92.130.44','Windows 10','Chrome 147.0.0.0','2026-04-21 16:21:48',NULL),(492,'New Record inserted On  expenses   id 2','2',1,'Insert','111.92.130.44','Windows 10','Chrome 147.0.0.0','2026-04-21 16:22:20',NULL),(493,'New Record inserted On  expenses   id 3','3',1,'Insert','111.92.130.44','Windows 10','Chrome 147.0.0.0','2026-04-21 16:22:43',NULL),(494,'New Record inserted On  expenses   id 4','4',1,'Insert','111.92.130.44','Windows 10','Chrome 147.0.0.0','2026-04-21 16:23:09',NULL),(495,'New Record inserted On  expenses   id 5','5',1,'Insert','111.92.130.44','Windows 10','Chrome 147.0.0.0','2026-04-21 16:23:30',NULL),(496,'New Record inserted On  expenses   id 6','6',1,'Insert','111.92.130.44','Windows 10','Chrome 147.0.0.0','2026-04-21 16:24:01',NULL),(497,'New Record inserted On student apply leave id 1','1',1,'Insert','111.92.130.44','Windows 10','Chrome 147.0.0.0','2026-04-21 16:33:29',NULL),(498,'New Record inserted On student apply leave id 2','2',1,'Insert','111.92.130.44','Windows 10','Chrome 147.0.0.0','2026-04-21 16:34:09',NULL),(499,'New Record inserted On student apply leave id 3','3',1,'Insert','111.92.130.44','Windows 10','Chrome 147.0.0.0','2026-04-21 16:34:38',NULL),(500,'New Record inserted On  holiday master  id 1','1',1,'Insert','111.92.130.44','Windows 10','Chrome 147.0.0.0','2026-04-21 16:39:58',NULL),(501,'New Record inserted On  holiday master  id 2','2',1,'Insert','111.92.130.44','Windows 10','Chrome 147.0.0.0','2026-04-21 16:40:35',NULL),(502,'Record updated On  holiday master id 1','1',1,'Update','111.92.130.44','Windows 10','Chrome 147.0.0.0','2026-04-21 16:41:00',NULL),(503,'New Record inserted On  holiday master  id 3','3',1,'Insert','111.92.130.44','Windows 10','Chrome 147.0.0.0','2026-04-21 16:41:39',NULL),(504,'New Record inserted On  holiday master  id 4','4',1,'Insert','111.92.130.44','Windows 10','Chrome 147.0.0.0','2026-04-21 16:42:09',NULL),(505,'Record updated On  holiday master id 4','4',1,'Update','111.92.130.44','Windows 10','Chrome 147.0.0.0','2026-04-21 16:42:19',NULL),(506,'New Record inserted On homework id 1','1',1,'Insert','111.92.130.44','Windows 10','Chrome 147.0.0.0','2026-04-21 16:46:57',NULL),(507,'New Record inserted On homework id 2','2',1,'Insert','111.92.130.44','Windows 10','Chrome 147.0.0.0','2026-04-21 16:47:17',NULL),(508,'New Record inserted On homework id 3','3',1,'Insert','111.92.130.44','Windows 10','Chrome 147.0.0.0','2026-04-21 16:47:36',NULL),(509,'New Record inserted On homework id 4','4',1,'Insert','111.92.130.44','Windows 10','Chrome 147.0.0.0','2026-04-21 16:48:24',NULL),(510,'New Record inserted On homework id 5','5',1,'Insert','111.92.130.44','Windows 10','Chrome 147.0.0.0','2026-04-21 16:48:48',NULL),(511,'New Record inserted On homework id 6','6',1,'Insert','111.92.130.44','Windows 10','Chrome 147.0.0.0','2026-04-21 16:49:07',NULL),(512,'New Record inserted On homework id 7','7',1,'Insert','111.92.130.44','Windows 10','Chrome 147.0.0.0','2026-04-21 16:49:43',NULL),(513,'New Record inserted On homework id 8','8',1,'Insert','111.92.130.44','Windows 10','Chrome 147.0.0.0','2026-04-21 16:50:04',NULL),(514,'New Record inserted On homework id 9','9',1,'Insert','111.92.130.44','Windows 10','Chrome 147.0.0.0','2026-04-21 16:50:26',NULL),(515,'New Record inserted On  content_types id 1','1',1,'Insert','111.92.130.44','Windows 10','Chrome 147.0.0.0','2026-04-21 16:59:02',NULL),(516,'New Record inserted On  content_types id 2','2',1,'Insert','111.92.130.44','Windows 10','Chrome 147.0.0.0','2026-04-21 16:59:13',NULL),(517,'New Record inserted On  content_types id 3','3',1,'Insert','111.92.130.44','Windows 10','Chrome 147.0.0.0','2026-04-21 16:59:24',NULL),(518,'New Record inserted On  content_types id 4','4',1,'Insert','111.92.130.44','Windows 10','Chrome 147.0.0.0','2026-04-21 16:59:30',NULL),(519,'New Record inserted On  content_types id 5','5',1,'Insert','111.92.130.44','Windows 10','Chrome 147.0.0.0','2026-04-21 16:59:36',NULL),(520,'Record updated On  content_types id 4','4',1,'Update','111.92.130.44','Windows 10','Chrome 147.0.0.0','2026-04-21 16:59:53',NULL),(521,'Record updated On settings id 1','1',1,'Update','202.47.32.103','Windows 10','Chrome 147.0.0.0','2026-04-21 17:00:33',NULL),(522,'Record updated On settings id 1','1',1,'Update','202.47.32.103','Windows 10','Chrome 147.0.0.0','2026-04-21 17:00:42',NULL),(523,'Record updated On  content_types id 1','1',1,'Update','111.92.130.44','Windows 10','Chrome 147.0.0.0','2026-04-21 17:00:45',NULL),(524,'Record updated On  content_types id 2','2',1,'Update','111.92.130.44','Windows 10','Chrome 147.0.0.0','2026-04-21 17:01:05',NULL),(525,'Record updated On  content_types id 3','3',1,'Update','111.92.130.44','Windows 10','Chrome 147.0.0.0','2026-04-21 17:01:15',NULL),(526,'Record updated On  content_types id 4','4',1,'Update','111.92.130.44','Windows 10','Chrome 147.0.0.0','2026-04-21 17:01:24',NULL),(527,'Record updated On  content_types id 5','5',1,'Update','111.92.130.44','Windows 10','Chrome 147.0.0.0','2026-04-21 17:01:35',NULL),(528,'Record updated On settings id 1','1',1,'Update','202.47.32.103','Windows 10','Chrome 147.0.0.0','2026-04-21 17:01:39',NULL),(529,'New Record inserted On  content_types id 6','6',1,'Insert','111.92.130.44','Windows 10','Chrome 147.0.0.0','2026-04-21 17:01:44',NULL),(530,'Record updated On settings id 1','1',1,'Update','202.47.32.103','Windows 10','Chrome 147.0.0.0','2026-04-21 17:01:47',NULL),(531,'Record updated On settings id 1','1',1,'Update','202.47.32.103','Windows 10','Chrome 147.0.0.0','2026-04-21 17:01:52',NULL),(532,'New Record inserted On  content_types id 7','7',1,'Insert','111.92.130.44','Windows 10','Chrome 147.0.0.0','2026-04-21 17:01:52',NULL),(533,'Record updated On settings id 1','1',1,'Update','202.47.32.103','Windows 10','Chrome 147.0.0.0','2026-04-21 17:01:57',NULL),(534,'New Record inserted On  content_types id 8','8',1,'Insert','111.92.130.44','Windows 10','Chrome 147.0.0.0','2026-04-21 17:02:05',NULL),(535,'New Record inserted On  content_types id 9','9',1,'Insert','111.92.130.44','Windows 10','Chrome 147.0.0.0','2026-04-21 17:02:28',NULL),(536,'New Record inserted On  upload_contents id 1','1',1,'Insert','111.92.130.44','Windows 10','Chrome 147.0.0.0','2026-04-21 17:03:58',NULL),(537,'New Record inserted On video tutorial id 1','1',1,'Insert','111.92.130.44','Windows 10','Chrome 147.0.0.0','2026-04-21 17:06:57',NULL),(538,'New Record inserted On Video Tutorial class sections id 1','1',1,'Insert','111.92.130.44','Windows 10','Chrome 147.0.0.0','2026-04-21 17:06:57',NULL),(539,'New Record inserted On libarary members id 1','1',1,'Insert','111.92.130.44','Windows 10','Chrome 147.0.0.0','2026-04-21 17:14:59',NULL),(540,'New Record inserted On libarary members id 2','2',1,'Insert','111.92.130.44','Windows 10','Chrome 147.0.0.0','2026-04-21 17:15:06',NULL),(541,'New Record inserted On libarary members id 3','3',1,'Insert','111.92.130.44','Windows 10','Chrome 147.0.0.0','2026-04-21 17:15:17',NULL),(542,'New Record inserted On libarary members id 4','4',1,'Insert','111.92.130.44','Windows 10','Chrome 147.0.0.0','2026-04-21 17:15:23',NULL),(543,'New Record inserted On libarary members id 5','5',1,'Insert','111.92.130.44','Windows 10','Chrome 147.0.0.0','2026-04-21 17:15:29',NULL),(544,'New Record inserted On libarary members id 6','6',1,'Insert','111.92.130.44','Windows 10','Chrome 147.0.0.0','2026-04-21 17:15:35',NULL),(545,'New Record inserted On libarary members id 7','7',1,'Insert','111.92.130.44','Windows 10','Chrome 147.0.0.0','2026-04-21 17:16:03',NULL),(546,'New Record inserted On libarary members id 8','8',1,'Insert','111.92.130.44','Windows 10','Chrome 147.0.0.0','2026-04-21 17:16:14',NULL),(547,'New Record inserted On libarary members id 9','9',1,'Insert','111.92.130.44','Windows 10','Chrome 147.0.0.0','2026-04-21 17:16:18',NULL),(548,'New Record inserted On books id 1','1',1,'Insert','111.92.130.44','Windows 10','Chrome 147.0.0.0','2026-04-21 17:21:06',NULL),(549,'New Record inserted On books id 2','2',1,'Insert','111.92.130.44','Windows 10','Chrome 147.0.0.0','2026-04-21 17:22:18',NULL),(550,'New Record inserted On books id 3','3',1,'Insert','111.92.130.44','Windows 10','Chrome 147.0.0.0','2026-04-21 17:23:01',NULL),(551,'New Record inserted On books id 4','4',1,'Insert','111.92.130.44','Windows 10','Chrome 147.0.0.0','2026-04-21 17:23:40',NULL),(552,'New Record inserted On books id 5','5',1,'Insert','111.92.130.44','Windows 10','Chrome 147.0.0.0','2026-04-21 17:24:24',NULL),(553,'New Record inserted On book issues id 1','1',1,'Insert','111.92.130.44','Windows 10','Chrome 147.0.0.0','2026-04-21 17:24:57',NULL),(554,'New Record inserted On book issues id 2','2',1,'Insert','111.92.130.44','Windows 10','Chrome 147.0.0.0','2026-04-21 17:25:03',NULL),(555,'New Record inserted On book issues id 3','3',1,'Insert','111.92.130.44','Windows 10','Chrome 147.0.0.0','2026-04-21 17:25:23',NULL),(556,'New Record inserted On book issues id 4','4',1,'Insert','111.92.130.44','Windows 10','Chrome 147.0.0.0','2026-04-21 17:25:28',NULL),(557,'New Record inserted On book issues id 5','5',1,'Insert','111.92.130.44','Windows 10','Chrome 147.0.0.0','2026-04-21 17:25:40',NULL),(558,'New Record inserted On book issues id 6','6',1,'Insert','111.92.130.44','Windows 10','Chrome 147.0.0.0','2026-04-21 17:25:45',NULL),(559,'New Record inserted On book issues id 7','7',1,'Insert','111.92.130.44','Windows 10','Chrome 147.0.0.0','2026-04-21 17:25:54',NULL),(560,'New Record inserted On video tutorial id 2','2',1,'Insert','202.47.32.103','Windows 10','Chrome 147.0.0.0','2026-04-22 09:41:17',NULL),(561,'New Record inserted On Video Tutorial class sections id 2','2',1,'Insert','202.47.32.103','Windows 10','Chrome 147.0.0.0','2026-04-22 09:41:17',NULL),(562,'New Record inserted On video tutorial id 3','3',1,'Insert','202.47.32.103','Windows 10','Chrome 147.0.0.0','2026-04-22 09:48:58',NULL),(563,'New Record inserted On Video Tutorial class sections id 3','3',1,'Insert','202.47.32.103','Windows 10','Chrome 147.0.0.0','2026-04-22 09:48:58',NULL),(564,'New Record inserted On video tutorial id 4','4',1,'Insert','202.47.32.103','Windows 10','Chrome 147.0.0.0','2026-04-22 09:50:13',NULL),(565,'New Record inserted On Video Tutorial class sections id 4','4',1,'Insert','202.47.32.103','Windows 10','Chrome 147.0.0.0','2026-04-22 09:50:13',NULL),(566,'New Record inserted On video tutorial id 5','5',1,'Insert','202.47.32.103','Windows 10','Chrome 147.0.0.0','2026-04-22 09:51:47',NULL),(567,'New Record inserted On Video Tutorial class sections id 5','5',1,'Insert','202.47.32.103','Windows 10','Chrome 147.0.0.0','2026-04-22 09:51:47',NULL),(568,'New Record inserted On video tutorial id 6','6',1,'Insert','202.47.32.103','Windows 10','Chrome 147.0.0.0','2026-04-22 10:33:02',NULL),(569,'New Record inserted On Video Tutorial class sections id 6','6',1,'Insert','202.47.32.103','Windows 10','Chrome 147.0.0.0','2026-04-22 10:33:02',NULL),(570,'New Record inserted On Video Tutorial class sections id 7','7',1,'Insert','202.47.32.103','Windows 10','Chrome 147.0.0.0','2026-04-22 10:33:02',NULL),(571,'New Record inserted On Video Tutorial class sections id 8','8',1,'Insert','202.47.32.103','Windows 10','Chrome 147.0.0.0','2026-04-22 10:33:02',NULL),(572,'New Record inserted On  upload_contents id 2','2',1,'Insert','202.47.32.103','Windows 10','Chrome 147.0.0.0','2026-04-22 10:35:24',NULL),(573,'New Record inserted On  upload_contents id 3','3',1,'Insert','202.47.32.103','Windows 10','Chrome 147.0.0.0','2026-04-22 10:35:59',NULL),(574,'Record updated On  video tutorial id 5','5',1,'Update','202.47.32.103','Windows 10','Chrome 147.0.0.0','2026-04-22 10:36:10',NULL),(575,'Record deleted On video tutorial class sections id 5','5',1,'Delete','202.47.32.103','Windows 10','Chrome 147.0.0.0','2026-04-22 10:36:10',NULL),(576,'New Record inserted On Video Tutorial class sections id 9','9',1,'Insert','202.47.32.103','Windows 10','Chrome 147.0.0.0','2026-04-22 10:36:10',NULL),(577,'New Record inserted On Video Tutorial class sections id 10','10',1,'Insert','202.47.32.103','Windows 10','Chrome 147.0.0.0','2026-04-22 10:36:10',NULL),(578,'New Record inserted On Video Tutorial class sections id 11','11',1,'Insert','202.47.32.103','Windows 10','Chrome 147.0.0.0','2026-04-22 10:36:10',NULL),(579,'New Record inserted On  upload_contents id 4','4',1,'Insert','202.47.32.103','Windows 10','Chrome 147.0.0.0','2026-04-22 10:36:33',NULL),(580,'New Record inserted On  upload_contents id 5','5',1,'Insert','202.47.32.103','Windows 10','Chrome 147.0.0.0','2026-04-22 10:37:04',NULL),(581,'Record updated On  video tutorial id 3','3',1,'Update','202.47.32.103','Windows 10','Chrome 147.0.0.0','2026-04-22 10:37:13',NULL),(582,'Record deleted On video tutorial class sections id 3','3',1,'Delete','202.47.32.103','Windows 10','Chrome 147.0.0.0','2026-04-22 10:37:13',NULL),(583,'New Record inserted On Video Tutorial class sections id 12','12',1,'Insert','202.47.32.103','Windows 10','Chrome 147.0.0.0','2026-04-22 10:37:13',NULL),(584,'New Record inserted On Video Tutorial class sections id 13','13',1,'Insert','202.47.32.103','Windows 10','Chrome 147.0.0.0','2026-04-22 10:37:13',NULL),(585,'New Record inserted On Video Tutorial class sections id 14','14',1,'Insert','202.47.32.103','Windows 10','Chrome 147.0.0.0','2026-04-22 10:37:13',NULL),(586,'New Record inserted On  upload_contents id 6','6',1,'Insert','202.47.32.103','Windows 10','Chrome 147.0.0.0','2026-04-22 10:37:40',NULL),(587,'Record updated On  video tutorial id 1','1',1,'Update','202.47.32.103','Windows 10','Chrome 147.0.0.0','2026-04-22 10:37:55',NULL),(588,'Record deleted On video tutorial class sections id 1','1',1,'Delete','202.47.32.103','Windows 10','Chrome 147.0.0.0','2026-04-22 10:37:55',NULL),(589,'New Record inserted On Video Tutorial class sections id 15','15',1,'Insert','202.47.32.103','Windows 10','Chrome 147.0.0.0','2026-04-22 10:37:55',NULL),(590,'Record updated On  users id 5','5',0,'Update','202.47.32.103','Windows 10','Chrome 147.0.0.0','2026-04-22 10:48:16',NULL),(591,'New Record inserted On item category id 1','1',1,'Insert','202.47.32.103','Windows 10','Chrome 147.0.0.0','2026-04-22 10:53:13',NULL),(592,'New Record inserted On item category id 2','2',1,'Insert','202.47.32.103','Windows 10','Chrome 147.0.0.0','2026-04-22 10:53:36',NULL),(593,'New Record inserted On item category id 3','3',1,'Insert','202.47.32.103','Windows 10','Chrome 147.0.0.0','2026-04-22 10:53:54',NULL),(594,'New Record inserted On item category id 4','4',1,'Insert','202.47.32.103','Windows 10','Chrome 147.0.0.0','2026-04-22 10:54:03',NULL),(595,'New Record inserted On item category id 5','5',1,'Insert','202.47.32.103','Windows 10','Chrome 147.0.0.0','2026-04-22 10:54:13',NULL),(596,'New Record inserted On item category id 6','6',1,'Insert','202.47.32.103','Windows 10','Chrome 147.0.0.0','2026-04-22 10:54:33',NULL),(597,'New Record inserted On item category id 7','7',1,'Insert','202.47.32.103','Windows 10','Chrome 147.0.0.0','2026-04-22 10:54:41',NULL),(598,'New Record inserted On item category id 8','8',1,'Insert','202.47.32.103','Windows 10','Chrome 147.0.0.0','2026-04-22 10:54:50',NULL),(599,'New Record inserted On item category id 9','9',1,'Insert','202.47.32.103','Windows 10','Chrome 147.0.0.0','2026-04-22 10:54:58',NULL),(600,'New Record inserted On item store id 1','1',1,'Insert','202.47.32.103','Windows 10','Chrome 147.0.0.0','2026-04-22 10:56:01',NULL),(601,'Record updated On  users id 5','5',0,'Update','202.47.32.103','Windows 10','Chrome 147.0.0.0','2026-04-22 10:58:07',NULL),(602,'New Record inserted On item store id 2','2',1,'Insert','202.47.32.103','Windows 10','Chrome 147.0.0.0','2026-04-22 11:06:34',NULL),(603,'New Record inserted On item store id 3','3',1,'Insert','202.47.32.103','Windows 10','Chrome 147.0.0.0','2026-04-22 11:06:58',NULL),(604,'New Record inserted On item store id 4','4',1,'Insert','202.47.32.103','Windows 10','Chrome 147.0.0.0','2026-04-22 11:07:09',NULL),(605,'New Record inserted On item store id 5','5',1,'Insert','202.47.32.103','Windows 10','Chrome 147.0.0.0','2026-04-22 11:07:27',NULL),(606,'New Record inserted On item store id 6','6',1,'Insert','202.47.32.103','Windows 10','Chrome 147.0.0.0','2026-04-22 11:07:48',NULL),(607,'New Record inserted On item store id 7','7',1,'Insert','202.47.32.103','Windows 10','Chrome 147.0.0.0','2026-04-22 11:08:00',NULL),(608,'New Record inserted On item supplier id 1','1',1,'Insert','202.47.32.103','Windows 10','Chrome 147.0.0.0','2026-04-22 11:10:33',NULL),(609,'New Record inserted On item supplier id 2','2',1,'Insert','202.47.32.103','Windows 10','Chrome 147.0.0.0','2026-04-22 11:11:53',NULL),(610,'New Record inserted On item supplier id 3','3',1,'Insert','202.47.32.103','Windows 10','Chrome 147.0.0.0','2026-04-22 11:12:53',NULL),(611,'New Record inserted On item supplier id 4','4',1,'Insert','202.47.32.103','Windows 10','Chrome 147.0.0.0','2026-04-22 11:13:42',NULL),(612,'New Record inserted On item supplier id 5','5',1,'Insert','202.47.32.103','Windows 10','Chrome 147.0.0.0','2026-04-22 11:14:27',NULL),(613,'New Record inserted On item id 1','1',1,'Insert','202.47.32.103','Windows 10','Chrome 147.0.0.0','2026-04-22 11:16:39',NULL),(614,'New Record inserted On item id 2','2',1,'Insert','202.47.32.103','Windows 10','Chrome 147.0.0.0','2026-04-22 11:16:57',NULL),(615,'New Record inserted On item id 3','3',1,'Insert','202.47.32.103','Windows 10','Chrome 147.0.0.0','2026-04-22 11:17:12',NULL),(616,'New Record inserted On item id 4','4',1,'Insert','202.47.32.103','Windows 10','Chrome 147.0.0.0','2026-04-22 11:17:33',NULL),(617,'New Record inserted On item id 5','5',1,'Insert','202.47.32.103','Windows 10','Chrome 147.0.0.0','2026-04-22 11:17:49',NULL),(618,'New Record inserted On item id 6','6',1,'Insert','202.47.32.103','Windows 10','Chrome 147.0.0.0','2026-04-22 11:18:06',NULL),(619,'New Record inserted On item id 7','7',1,'Insert','202.47.32.103','Windows 10','Chrome 147.0.0.0','2026-04-22 11:18:17',NULL),(620,'New Record inserted On item id 8','8',1,'Insert','202.47.32.103','Windows 10','Chrome 147.0.0.0','2026-04-22 11:18:51',NULL),(621,'New Record inserted On item stock id 1','1',1,'Insert','202.47.32.103','Windows 10','Chrome 147.0.0.0','2026-04-22 11:20:28',NULL),(622,'New Record inserted On item stock id 2','2',1,'Insert','202.47.32.103','Windows 10','Chrome 147.0.0.0','2026-04-22 11:21:17',NULL),(623,'New Record inserted On item stock id 3','3',1,'Insert','202.47.32.103','Windows 10','Chrome 147.0.0.0','2026-04-22 11:21:56',NULL),(624,'New Record inserted On item stock id 4','4',1,'Insert','202.47.32.103','Windows 10','Chrome 147.0.0.0','2026-04-22 11:22:41',NULL),(625,'New Record inserted On item stock id 5','5',1,'Insert','202.47.32.103','Windows 10','Chrome 147.0.0.0','2026-04-22 11:23:11',NULL),(626,'New Record inserted On item issue id 1','1',1,'Insert','202.47.32.103','Windows 10','Chrome 147.0.0.0','2026-04-22 11:25:58',NULL),(627,'New Record inserted On item issue id 2','2',1,'Insert','202.47.32.103','Windows 10','Chrome 147.0.0.0','2026-04-22 11:26:44',NULL),(628,'New Record inserted On item issue id 3','3',1,'Insert','202.47.32.103','Windows 10','Chrome 147.0.0.0','2026-04-22 11:27:31',NULL),(629,'New Record inserted On item stock id 6','6',1,'Insert','202.47.32.103','Windows 10','Chrome 147.0.0.0','2026-04-22 11:29:05',NULL),(630,'New Record inserted On item issue id 4','4',1,'Insert','202.47.32.103','Windows 10','Chrome 147.0.0.0','2026-04-22 11:29:45',NULL),(631,'Record updated On  item issue id   4  ','  4  ',1,'Update','202.47.32.103','Windows 10','Chrome 147.0.0.0','2026-04-22 11:30:03',NULL),(632,'New Record inserted On grades id 1','1',1,'Update','202.47.32.103','Windows 10','Chrome 147.0.0.0','2026-04-22 11:34:02',NULL),(633,'New Record inserted On grades id 2','2',1,'Update','202.47.32.103','Windows 10','Chrome 147.0.0.0','2026-04-22 11:34:39',NULL),(634,'New Record inserted On grades id 3','3',1,'Update','202.47.32.103','Windows 10','Chrome 147.0.0.0','2026-04-22 11:36:40',NULL),(635,'New Record inserted On grades id 4','4',1,'Update','202.47.32.103','Windows 10','Chrome 147.0.0.0','2026-04-22 11:37:22',NULL),(636,'New Record inserted On grades id 5','5',1,'Update','202.47.32.103','Windows 10','Chrome 147.0.0.0','2026-04-22 11:37:57',NULL),(637,'New Record inserted On grades id 6','6',1,'Update','202.47.32.103','Windows 10','Chrome 147.0.0.0','2026-04-22 11:38:28',NULL),(638,'New Record inserted On grades id 7','7',1,'Update','202.47.32.103','Windows 10','Chrome 147.0.0.0','2026-04-22 11:39:07',NULL),(639,'New Record inserted On grades id 8','8',1,'Update','202.47.32.103','Windows 10','Chrome 147.0.0.0','2026-04-22 11:40:01',NULL),(640,'New Record inserted On grades id 9','9',1,'Update','202.47.32.103','Windows 10','Chrome 147.0.0.0','2026-04-22 11:40:33',NULL),(641,'New Record inserted On grades id 10','10',1,'Update','202.47.32.103','Windows 10','Chrome 147.0.0.0','2026-04-22 11:41:00',NULL),(642,'New Record inserted On grades id 11','11',1,'Update','202.47.32.103','Windows 10','Chrome 147.0.0.0','2026-04-22 11:41:26',NULL),(643,'New Record inserted On grades id 12','12',1,'Update','202.47.32.103','Windows 10','Chrome 147.0.0.0','2026-04-22 11:41:49',NULL),(644,'New Record inserted On grades id 13','13',1,'Update','202.47.32.103','Windows 10','Chrome 147.0.0.0','2026-04-22 11:42:34',NULL),(645,'New Record inserted On grades id 14','14',1,'Update','202.47.32.103','Windows 10','Chrome 147.0.0.0','2026-04-22 11:42:59',NULL),(646,'New Record inserted On grades id 15','15',1,'Update','202.47.32.103','Windows 10','Chrome 147.0.0.0','2026-04-22 11:43:24',NULL),(647,'New Record inserted On grades id 16','16',1,'Update','202.47.32.103','Windows 10','Chrome 147.0.0.0','2026-04-22 11:43:52',NULL),(648,'New Record inserted On grades id 17','17',1,'Update','202.47.32.103','Windows 10','Chrome 147.0.0.0','2026-04-22 11:44:16',NULL),(649,'New Record inserted On grades id 18','18',1,'Update','202.47.32.103','Windows 10','Chrome 147.0.0.0','2026-04-22 11:44:40',NULL),(650,'New Record inserted On grades id 19','19',1,'Update','202.47.32.103','Windows 10','Chrome 147.0.0.0','2026-04-22 11:45:08',NULL),(651,'New Record inserted On mark_divisions id 1','1',1,'Update','202.47.32.103','Windows 10','Chrome 147.0.0.0','2026-04-22 11:47:14',NULL),(652,'New Record inserted On mark_divisions id 2','2',1,'Update','202.47.32.103','Windows 10','Chrome 147.0.0.0','2026-04-22 11:47:26',NULL),(653,'New Record inserted On mark_divisions id 3','3',1,'Update','202.47.32.103','Windows 10','Chrome 147.0.0.0','2026-04-22 11:47:44',NULL),(654,'New Record inserted On mark_divisions id 4','4',1,'Update','202.47.32.103','Windows 10','Chrome 147.0.0.0','2026-04-22 11:47:55',NULL),(655,'New Record inserted On exam groups id 1','1',1,'Insert','202.47.32.103','Windows 10','Chrome 147.0.0.0','2026-04-22 11:50:07',NULL),(656,'New Record inserted On exam groups id 2','2',1,'Insert','202.47.32.103','Windows 10','Chrome 147.0.0.0','2026-04-22 11:50:25',NULL),(657,'New Record inserted On exam groups id 3','3',1,'Insert','202.47.32.103','Windows 10','Chrome 147.0.0.0','2026-04-22 11:50:41',NULL),(658,'New Record inserted On exam groups id 4','4',1,'Insert','202.47.32.103','Windows 10','Chrome 147.0.0.0','2026-04-22 11:50:56',NULL),(659,'New Record inserted On exam groups id 5','5',1,'Insert','202.47.32.103','Windows 10','Chrome 147.0.0.0','2026-04-22 11:51:09',NULL),(660,'New Record inserted On exam groups id 6','6',1,'Insert','202.47.32.103','Windows 10','Chrome 147.0.0.0','2026-04-22 11:51:22',NULL),(661,'New Record inserted On exam group exams name id 1','1',1,'Insert','202.47.32.103','Windows 10','Chrome 147.0.0.0','2026-04-22 12:02:44',NULL),(662,'New Record inserted On exam group exams name id 2','2',1,'Insert','202.47.32.103','Windows 10','Chrome 147.0.0.0','2026-04-22 12:03:44',NULL),(663,'Record updated On  exam group exams name id 2','2',1,'Update','202.47.32.103','Windows 10','Chrome 147.0.0.0','2026-04-22 12:04:32',NULL),(664,'Record updated On  exam group exams name id 1','1',1,'Update','202.47.32.103','Windows 10','Chrome 147.0.0.0','2026-04-22 12:05:04',NULL),(665,'New Record inserted On exam group exams name id 3','3',1,'Insert','202.47.32.103','Windows 10','Chrome 147.0.0.0','2026-04-22 12:35:27',NULL),(666,'New Record inserted On exam group exams name id 4','4',1,'Insert','202.47.32.103','Windows 10','Chrome 147.0.0.0','2026-04-22 12:36:04',NULL),(667,'New Record inserted On exam group exams name id 5','5',1,'Insert','202.47.32.103','Windows 10','Chrome 147.0.0.0','2026-04-22 12:36:38',NULL),(668,'New Record inserted On exam group exams name id 6','6',1,'Insert','202.47.32.103','Windows 10','Chrome 147.0.0.0','2026-04-22 12:37:11',NULL),(669,'New Record inserted On admit cards id 2','2',1,'Insert','202.47.32.103','Windows 10','Chrome 147.0.0.0','2026-04-22 12:53:54',NULL),(670,'Record updated On  admit cards id 2','2',1,'Update','202.47.32.103','Windows 10','Chrome 147.0.0.0','2026-04-22 12:54:33',NULL),(671,'New Record inserted On admit cards id 3','3',1,'Insert','202.47.32.103','Windows 10','Chrome 147.0.0.0','2026-04-22 12:56:25',NULL),(672,'New Record inserted On  marksheets id 2','2',1,'Insert','202.47.32.103','Windows 10','Chrome 147.0.0.0','2026-04-22 13:02:54',NULL),(673,'New Record inserted On  marksheets id 3','3',1,'Insert','202.47.32.103','Windows 10','Chrome 147.0.0.0','2026-04-22 13:05:37',NULL),(674,'New Record inserted On  questions id 1','1',1,'Insert','202.47.32.103','Windows 10','Chrome 147.0.0.0','2026-04-22 13:18:23',NULL),(675,'New Record inserted On  questions id 2','2',1,'Insert','202.47.32.103','Windows 10','Chrome 147.0.0.0','2026-04-22 13:19:06',NULL),(676,'New Record inserted On  questions id 3','3',1,'Insert','202.47.32.103','Windows 10','Chrome 147.0.0.0','2026-04-22 13:19:40',NULL),(677,'New Record inserted On  questions id 4','4',1,'Insert','202.47.32.103','Windows 10','Chrome 147.0.0.0','2026-04-22 13:20:15',NULL),(678,'New Record inserted On  questions id 5','5',1,'Insert','202.47.32.103','Windows 10','Chrome 147.0.0.0','2026-04-22 13:21:12',NULL),(679,'New Record inserted On  questions id 6','6',1,'Insert','202.47.32.103','Windows 10','Chrome 147.0.0.0','2026-04-22 13:21:50',NULL),(680,'New Record inserted On  questions id 7','7',1,'Insert','202.47.32.103','Windows 10','Chrome 147.0.0.0','2026-04-22 13:22:33',NULL),(681,'Questions Record imported (15)',NULL,1,'Import','202.47.32.103','Windows 10','Chrome 147.0.0.0','2026-04-22 13:31:58',NULL),(682,'New Record inserted On vehicles id 1','1',1,'Insert','202.47.32.103','Windows 10','Chrome 147.0.0.0','2026-04-22 14:34:54',NULL),(683,'New Record inserted On vehicles id 2','2',1,'Insert','202.47.32.103','Windows 10','Chrome 147.0.0.0','2026-04-22 14:35:48',NULL),(684,'New Record inserted On vehicles id 3','3',1,'Insert','202.47.32.103','Windows 10','Chrome 147.0.0.0','2026-04-22 14:36:33',NULL),(685,'New Record inserted On vehicle routes id 1','1',1,'Insert','202.47.32.103','Windows 10','Chrome 147.0.0.0','2026-04-22 14:37:05',NULL),(686,'New Record inserted On vehicle routes id 2','2',1,'Insert','202.47.32.103','Windows 10','Chrome 147.0.0.0','2026-04-22 14:37:12',NULL),(687,'New Record inserted On vehicle routes id 3','3',1,'Insert','202.47.32.103','Windows 10','Chrome 147.0.0.0','2026-04-22 14:37:17',NULL),(688,'Record deleted On transport route id 08353150','08353150',1,'Delete','202.47.32.103','Windows 10','Chrome 147.0.0.0','2026-04-22 14:40:28',NULL),(689,'New Record inserted On transport route id 1','1',1,'Insert','202.47.32.103','Windows 10','Chrome 147.0.0.0','2026-04-22 14:40:28',NULL),(690,'New Record inserted On transport route id 2','2',1,'Insert','202.47.32.103','Windows 10','Chrome 147.0.0.0','2026-04-22 14:40:28',NULL),(691,'New Record inserted On transport route id 3','3',1,'Insert','202.47.32.103','Windows 10','Chrome 147.0.0.0','2026-04-22 14:40:28',NULL),(692,'Record deleted On transport route id 45468766','45468766',1,'Delete','202.47.32.103','Windows 10','Chrome 147.0.0.0','2026-04-22 14:41:25',NULL),(693,'New Record inserted On transport route id 4','4',1,'Insert','202.47.32.103','Windows 10','Chrome 147.0.0.0','2026-04-22 14:41:25',NULL),(694,'New Record inserted On transport route id 5','5',1,'Insert','202.47.32.103','Windows 10','Chrome 147.0.0.0','2026-04-22 14:41:25',NULL),(695,'New Record inserted On transport route id 6','6',1,'Insert','202.47.32.103','Windows 10','Chrome 147.0.0.0','2026-04-22 14:42:23',NULL),(696,'New Record inserted On transport route id 7','7',1,'Insert','202.47.32.103','Windows 10','Chrome 147.0.0.0','2026-04-22 14:42:23',NULL),(697,'New Record inserted On transport route id 8','8',1,'Insert','202.47.32.103','Windows 10','Chrome 147.0.0.0','2026-04-22 14:42:23',NULL),(698,'Record deleted On questions id 22','22',1,'Delete','202.47.32.103','Windows 10','Chrome 147.0.0.0','2026-04-22 14:51:10',NULL),(699,'Questions Record imported (15)',NULL,1,'Import','202.47.32.103','Windows 10','Chrome 147.0.0.0','2026-04-22 14:52:37',NULL),(700,'Questions Record imported (15)',NULL,1,'Import','202.47.32.103','Windows 10','Chrome 147.0.0.0','2026-04-22 14:59:05',NULL),(701,'Record updated On  questions id 52','52',1,'Update','202.47.32.103','Windows 10','Chrome 147.0.0.0','2026-04-22 15:01:34',NULL),(702,'Record updated On  questions id 51','51',1,'Update','202.47.32.103','Windows 10','Chrome 147.0.0.0','2026-04-22 15:02:10',NULL),(703,'Questions Record imported (15)',NULL,1,'Import','202.47.32.103','Windows 10','Chrome 147.0.0.0','2026-04-22 15:06:14',NULL),(704,'Questions Record imported (5)',NULL,1,'Import','202.47.32.103','Windows 10','Chrome 147.0.0.0','2026-04-22 15:08:48',NULL),(705,'Questions Record imported (5)',NULL,1,'Import','202.47.32.103','Windows 10','Chrome 147.0.0.0','2026-04-22 15:09:32',NULL),(706,'Questions Record imported (5)',NULL,1,'Import','202.47.32.103','Windows 10','Chrome 147.0.0.0','2026-04-22 15:10:04',NULL),(707,'Questions Record imported (5)',NULL,1,'Import','202.47.32.103','Windows 10','Chrome 147.0.0.0','2026-04-22 15:11:26',NULL),(708,'Questions Record imported (5)',NULL,1,'Import','202.47.32.103','Windows 10','Chrome 147.0.0.0','2026-04-22 15:12:05',NULL),(709,'Questions Record imported (5)',NULL,1,'Import','202.47.32.103','Windows 10','Chrome 147.0.0.0','2026-04-22 15:12:42',NULL),(710,'Questions Record imported (5)',NULL,1,'Import','202.47.32.103','Windows 10','Chrome 147.0.0.0','2026-04-22 15:14:50',NULL),(711,'Questions Record imported (8)',NULL,1,'Import','202.47.32.103','Windows 10','Chrome 147.0.0.0','2026-04-22 15:20:31',NULL),(712,'Questions Record imported (2)',NULL,1,'Import','202.47.32.103','Windows 10','Chrome 147.0.0.0','2026-04-22 15:22:16',NULL),(713,'Questions Record imported (2)',NULL,1,'Import','202.47.32.103','Windows 10','Chrome 147.0.0.0','2026-04-22 15:23:02',NULL),(714,'Questions Record imported (2)',NULL,1,'Import','202.47.32.103','Windows 10','Chrome 147.0.0.0','2026-04-22 15:24:08',NULL),(715,'Questions Record imported (2)',NULL,1,'Import','202.47.32.103','Windows 10','Chrome 147.0.0.0','2026-04-22 15:24:59',NULL),(716,'Questions Record imported (2)',NULL,1,'Import','202.47.32.103','Windows 10','Chrome 147.0.0.0','2026-04-22 15:25:48',NULL),(717,'Questions Record imported (8)',NULL,1,'Import','202.47.32.103','Windows 10','Chrome 147.0.0.0','2026-04-22 15:36:50',NULL),(718,'Questions Record imported (5)',NULL,1,'Import','202.47.32.103','Windows 10','Chrome 147.0.0.0','2026-04-22 15:42:37',NULL),(719,'Record updated On  questions id 133','133',1,'Update','202.47.32.103','Windows 10','Chrome 147.0.0.0','2026-04-22 15:43:01',NULL),(720,'Record updated On  questions id 132','132',1,'Update','202.47.32.103','Windows 10','Chrome 147.0.0.0','2026-04-22 15:43:18',NULL),(721,'Record updated On  questions id 131','131',1,'Update','202.47.32.103','Windows 10','Chrome 147.0.0.0','2026-04-22 15:43:48',NULL),(722,'Record updated On  questions id 130','130',1,'Update','202.47.32.103','Windows 10','Chrome 147.0.0.0','2026-04-22 15:44:02',NULL),(723,'Record updated On  questions id 129','129',1,'Update','202.47.32.103','Windows 10','Chrome 147.0.0.0','2026-04-22 15:44:15',NULL),(724,'Questions Record imported (9)',NULL,1,'Import','202.47.32.103','Windows 10','Chrome 147.0.0.0','2026-04-22 15:49:17',NULL),(725,'Questions Record imported (10)',NULL,1,'Import','202.47.32.103','Windows 10','Chrome 147.0.0.0','2026-04-22 15:51:29',NULL),(726,'Questions Record imported (10)',NULL,1,'Import','202.47.32.103','Windows 10','Chrome 147.0.0.0','2026-04-22 15:53:09',NULL),(727,'Questions Record imported (10)',NULL,1,'Import','202.47.32.103','Windows 10','Chrome 147.0.0.0','2026-04-22 15:54:16',NULL),(728,'Questions Record imported (10)',NULL,1,'Import','202.47.32.103','Windows 10','Chrome 147.0.0.0','2026-04-22 16:00:06',NULL),(729,'Questions Record imported (10)',NULL,1,'Import','202.47.32.103','Windows 10','Chrome 147.0.0.0','2026-04-22 16:00:24',NULL),(730,'New Record inserted On  online exam id 1','1',1,'Insert','202.47.32.103','Windows 10','Chrome 147.0.0.0','2026-04-22 16:03:33',NULL),(731,'New Record inserted On  onlineexam questions id 1','1',1,'Insert','202.47.32.103','Windows 10','Chrome 147.0.0.0','2026-04-22 16:04:17',NULL),(732,'New Record inserted On  onlineexam questions id 2','2',1,'Insert','202.47.32.103','Windows 10','Chrome 147.0.0.0','2026-04-22 16:04:18',NULL),(733,'New Record inserted On  onlineexam questions id 3','3',1,'Insert','202.47.32.103','Windows 10','Chrome 147.0.0.0','2026-04-22 16:04:18',NULL),(734,'New Record inserted On  onlineexam questions id 4','4',1,'Insert','202.47.32.103','Windows 10','Chrome 147.0.0.0','2026-04-22 16:04:28',NULL),(735,'New Record inserted On  onlineexam questions id 5','5',1,'Insert','202.47.32.103','Windows 10','Chrome 147.0.0.0','2026-04-22 16:04:29',NULL),(736,'New Record inserted On  onlineexam questions id 6','6',1,'Insert','202.47.32.103','Windows 10','Chrome 147.0.0.0','2026-04-22 16:04:30',NULL),(737,'New Record inserted On  onlineexam questions id 7','7',1,'Insert','202.47.32.103','Windows 10','Chrome 147.0.0.0','2026-04-22 16:04:31',NULL),(738,'New Record inserted On  onlineexam questions id 8','8',1,'Insert','202.47.32.103','Windows 10','Chrome 147.0.0.0','2026-04-22 16:05:17',NULL),(739,'New Record inserted On  onlineexam questions id 9','9',1,'Insert','202.47.32.103','Windows 10','Chrome 147.0.0.0','2026-04-22 16:05:18',NULL),(740,'New Record inserted On  onlineexam questions id 10','10',1,'Insert','202.47.32.103','Windows 10','Chrome 147.0.0.0','2026-04-22 16:05:23',NULL),(741,'New Record inserted On  onlineexam questions id 11','11',1,'Insert','202.47.32.103','Windows 10','Chrome 147.0.0.0','2026-04-22 16:05:24',NULL),(742,'New Record inserted On  onlineexam questions id 12','12',1,'Insert','202.47.32.103','Windows 10','Chrome 147.0.0.0','2026-04-22 16:05:25',NULL),(743,'New Record inserted On  onlineexam questions id 13','13',1,'Insert','202.47.32.103','Windows 10','Chrome 147.0.0.0','2026-04-22 16:05:26',NULL),(744,'New Record inserted On  onlineexam questions id 14','14',1,'Insert','202.47.32.103','Windows 10','Chrome 147.0.0.0','2026-04-22 16:05:27',NULL),(745,'New Record inserted On  onlineexam questions id 15','15',1,'Insert','202.47.32.103','Windows 10','Chrome 147.0.0.0','2026-04-22 16:05:28',NULL),(746,'New Record inserted On  onlineexam questions id 16','16',1,'Insert','202.47.32.103','Windows 10','Chrome 147.0.0.0','2026-04-22 16:05:30',NULL),(747,'New Record inserted On  onlineexam questions id 17','17',1,'Insert','202.47.32.103','Windows 10','Chrome 147.0.0.0','2026-04-22 16:05:32',NULL),(748,'New Record inserted On  onlineexam questions id 18','18',1,'Insert','202.47.32.103','Windows 10','Chrome 147.0.0.0','2026-04-22 16:05:33',NULL),(749,'New Record inserted On  onlineexam questions id 19','19',1,'Insert','202.47.32.103','Windows 10','Chrome 147.0.0.0','2026-04-22 16:05:34',NULL),(750,'Record updated On  users id 5','5',0,'Update','202.47.32.103','Windows 10','Chrome 147.0.0.0','2026-04-22 16:07:55',NULL),(751,'Record updated On  online exam id 1','1',1,'Update','202.47.32.103','Windows 10','Chrome 147.0.0.0','2026-04-22 16:11:28',NULL),(752,'Record updated On  online exam id 1','1',1,'Update','202.47.32.103','Windows 10','Chrome 147.0.0.0','2026-04-22 16:11:33',NULL),(753,'Record updated On  online exam id 1','1',1,'Update','202.47.32.103','Windows 10','Chrome 147.0.0.0','2026-04-22 16:14:08',NULL),(754,'Record updated On  online exam id 1','1',1,'Update','202.47.32.103','Windows 10','Chrome 147.0.0.0','2026-04-22 16:16:40',NULL),(755,'New Record inserted On  online exam id 2','2',1,'Insert','202.47.32.103','Windows 10','Chrome 147.0.0.0','2026-04-22 16:40:05',NULL),(756,'New Record inserted On  onlineexam questions id 20','20',1,'Insert','202.47.32.103','Windows 10','Chrome 147.0.0.0','2026-04-22 16:40:17',NULL),(757,'New Record inserted On  onlineexam questions id 21','21',1,'Insert','202.47.32.103','Windows 10','Chrome 147.0.0.0','2026-04-22 16:40:19',NULL),(758,'New Record inserted On  onlineexam questions id 22','22',1,'Insert','202.47.32.103','Windows 10','Chrome 147.0.0.0','2026-04-22 16:40:20',NULL),(759,'New Record inserted On  onlineexam questions id 23','23',1,'Insert','202.47.32.103','Windows 10','Chrome 147.0.0.0','2026-04-22 16:40:21',NULL),(760,'New Record inserted On  onlineexam questions id 24','24',1,'Insert','202.47.32.103','Windows 10','Chrome 147.0.0.0','2026-04-22 16:40:24',NULL),(761,'New Record inserted On  onlineexam questions id 25','25',1,'Insert','202.47.32.103','Windows 10','Chrome 147.0.0.0','2026-04-22 16:40:25',NULL),(762,'New Record inserted On  onlineexam questions id 26','26',1,'Insert','202.47.32.103','Windows 10','Chrome 147.0.0.0','2026-04-22 16:40:26',NULL),(763,'New Record inserted On  onlineexam questions id 27','27',1,'Insert','202.47.32.103','Windows 10','Chrome 147.0.0.0','2026-04-22 16:40:28',NULL),(764,'New Record inserted On  onlineexam questions id 28','28',1,'Insert','202.47.32.103','Windows 10','Chrome 147.0.0.0','2026-04-22 16:40:29',NULL),(765,'New Record inserted On  onlineexam questions id 29','29',1,'Insert','202.47.32.103','Windows 10','Chrome 147.0.0.0','2026-04-22 16:40:30',NULL),(766,'New Record inserted On  onlineexam questions id 30','30',1,'Insert','202.47.32.103','Windows 10','Chrome 147.0.0.0','2026-04-22 16:40:33',NULL),(767,'New Record inserted On  onlineexam questions id 31','31',1,'Insert','202.47.32.103','Windows 10','Chrome 147.0.0.0','2026-04-22 16:40:36',NULL),(768,'New Record inserted On  onlineexam questions id 32','32',1,'Insert','202.47.32.103','Windows 10','Chrome 147.0.0.0','2026-04-22 16:40:38',NULL),(769,'New Record inserted On  onlineexam questions id 33','33',1,'Insert','202.47.32.103','Windows 10','Chrome 147.0.0.0','2026-04-22 16:40:39',NULL),(770,'New Record inserted On  onlineexam questions id 34','34',1,'Insert','202.47.32.103','Windows 10','Chrome 147.0.0.0','2026-04-22 16:40:40',NULL),(771,'New Record inserted On  onlineexam questions id 35','35',1,'Insert','202.47.32.103','Windows 10','Chrome 147.0.0.0','2026-04-22 16:40:42',NULL),(772,'New Record inserted On  onlineexam questions id 36','36',1,'Insert','202.47.32.103','Windows 10','Chrome 147.0.0.0','2026-04-22 16:40:47',NULL),(773,'New Record inserted On  onlineexam questions id 37','37',1,'Insert','202.47.32.103','Windows 10','Chrome 147.0.0.0','2026-04-22 16:40:48',NULL),(774,'New Record inserted On  online exam id 3','3',1,'Insert','202.47.32.103','Windows 10','Chrome 147.0.0.0','2026-04-22 16:46:49',NULL),(775,'New Record inserted On  onlineexam questions id 38','38',1,'Insert','202.47.32.103','Windows 10','Chrome 147.0.0.0','2026-04-22 16:47:24',NULL),(776,'New Record inserted On  onlineexam questions id 39','39',1,'Insert','202.47.32.103','Windows 10','Chrome 147.0.0.0','2026-04-22 16:47:25',NULL),(777,'New Record inserted On  onlineexam questions id 40','40',1,'Insert','202.47.32.103','Windows 10','Chrome 147.0.0.0','2026-04-22 16:47:25',NULL),(778,'New Record inserted On  onlineexam questions id 41','41',1,'Insert','202.47.32.103','Windows 10','Chrome 147.0.0.0','2026-04-22 16:47:26',NULL),(779,'New Record inserted On  onlineexam questions id 42','42',1,'Insert','202.47.32.103','Windows 10','Chrome 147.0.0.0','2026-04-22 16:47:27',NULL),(780,'New Record inserted On  onlineexam questions id 43','43',1,'Insert','202.47.32.103','Windows 10','Chrome 147.0.0.0','2026-04-22 16:47:28',NULL),(781,'New Record inserted On  onlineexam questions id 44','44',1,'Insert','202.47.32.103','Windows 10','Chrome 147.0.0.0','2026-04-22 16:47:29',NULL),(782,'New Record inserted On  onlineexam questions id 45','45',1,'Insert','202.47.32.103','Windows 10','Chrome 147.0.0.0','2026-04-22 16:47:30',NULL),(783,'Record updated On  online exam id 3','3',1,'Update','202.47.32.103','Windows 10','Chrome 147.0.0.0','2026-04-22 16:48:27',NULL),(784,'Record updated On  online exam id 3','3',1,'Update','202.47.32.103','Windows 10','Chrome 147.0.0.0','2026-04-22 16:48:27',NULL),(785,'New Record inserted On course category id 1','1',1,'Insert','202.47.32.103','Windows 10','Chrome 147.0.0.0','2026-04-22 16:54:55',NULL),(786,'New Record inserted On course category id 2','2',1,'Insert','202.47.32.103','Windows 10','Chrome 147.0.0.0','2026-04-22 16:55:03',NULL),(787,'New Record inserted On course category id 3','3',1,'Insert','202.47.32.103','Windows 10','Chrome 147.0.0.0','2026-04-22 16:55:08',NULL),(788,'New Record inserted On course category id 4','4',1,'Insert','202.47.32.103','Windows 10','Chrome 147.0.0.0','2026-04-22 16:55:13',NULL),(789,'New Record inserted On course category id 5','5',1,'Insert','202.47.32.103','Windows 10','Chrome 147.0.0.0','2026-04-22 16:55:19',NULL),(790,'New Record inserted On online courses id 1','1',1,'Insert','202.47.32.103','Windows 10','Chrome 147.0.0.0','2026-04-22 17:04:01',NULL),(791,'New Record inserted On online course class sections id 1','1',1,'Insert','202.47.32.103','Windows 10','Chrome 147.0.0.0','2026-04-22 17:04:01',NULL),(792,'New Record inserted On online course class sections id 2','2',1,'Insert','202.47.32.103','Windows 10','Chrome 147.0.0.0','2026-04-22 17:04:01',NULL),(793,'New Record inserted On online course class sections id 3','3',1,'Insert','202.47.32.103','Windows 10','Chrome 147.0.0.0','2026-04-22 17:04:01',NULL),(794,'Record updated On online c1ourses id 1','1',1,'Update','202.47.32.103','Windows 10','Chrome 147.0.0.0','2026-04-22 17:04:01',NULL),(795,'New Record inserted On online course section id 1','1',1,'Insert','202.47.32.103','Windows 10','Chrome 147.0.0.0','2026-04-22 17:05:40',NULL),(796,'Record updated On online c1ourses id 1','1',1,'Update','202.47.32.103','Windows 10','Chrome 147.0.0.0','2026-04-22 17:05:40',NULL),(797,'New Record inserted On online course section id 2','2',1,'Insert','202.47.32.103','Windows 10','Chrome 147.0.0.0','2026-04-22 17:05:59',NULL),(798,'Record updated On online c1ourses id 1','1',1,'Update','202.47.32.103','Windows 10','Chrome 147.0.0.0','2026-04-22 17:05:59',NULL),(799,'New Record inserted On online course section id 3','3',1,'Insert','202.47.32.103','Windows 10','Chrome 147.0.0.0','2026-04-22 17:06:10',NULL),(800,'Record updated On online c1ourses id 1','1',1,'Update','202.47.32.103','Windows 10','Chrome 147.0.0.0','2026-04-22 17:06:10',NULL),(801,'New Record inserted On online course lesson id 1','1',1,'Insert','202.47.32.103','Windows 10','Chrome 147.0.0.0','2026-04-22 17:08:21',NULL),(802,'New Record inserted On lesson quiz id 1','1',1,'Insert','202.47.32.103','Windows 10','Chrome 147.0.0.0','2026-04-22 17:08:21',NULL),(803,'Record updated On online c1ourses id 1','1',1,'Update','202.47.32.103','Windows 10','Chrome 147.0.0.0','2026-04-22 17:08:21',NULL),(804,'Record updated On  online course lesson id 1','1',1,'Update','202.47.32.103','Windows 10','Chrome 147.0.0.0','2026-04-22 17:08:21',NULL),(805,'Record updated On  online course lesson id 1','1',1,'Update','202.47.32.103','Windows 10','Chrome 147.0.0.0','2026-04-22 17:08:21',NULL),(806,'New Record inserted On online course lesson id 2','2',1,'Insert','202.47.32.103','Windows 10','Chrome 147.0.0.0','2026-04-22 17:09:47',NULL),(807,'New Record inserted On lesson quiz id 2','2',1,'Insert','202.47.32.103','Windows 10','Chrome 147.0.0.0','2026-04-22 17:09:47',NULL),(808,'Record updated On online c1ourses id 1','1',1,'Update','202.47.32.103','Windows 10','Chrome 147.0.0.0','2026-04-22 17:09:47',NULL),(809,'Record updated On  online course lesson id 2','2',1,'Update','202.47.32.103','Windows 10','Chrome 147.0.0.0','2026-04-22 17:09:47',NULL),(810,'Record updated On  online course lesson id 2','2',1,'Update','202.47.32.103','Windows 10','Chrome 147.0.0.0','2026-04-22 17:09:47',NULL),(811,'New Record inserted On online course lesson id 3','3',1,'Insert','202.47.32.103','Windows 10','Chrome 147.0.0.0','2026-04-22 17:10:42',NULL),(812,'New Record inserted On lesson quiz id 3','3',1,'Insert','202.47.32.103','Windows 10','Chrome 147.0.0.0','2026-04-22 17:10:42',NULL),(813,'Record updated On online c1ourses id 1','1',1,'Update','202.47.32.103','Windows 10','Chrome 147.0.0.0','2026-04-22 17:10:42',NULL),(814,'Record updated On  online course lesson id 3','3',1,'Update','202.47.32.103','Windows 10','Chrome 147.0.0.0','2026-04-22 17:10:42',NULL),(815,'Record updated On  online course lesson id 3','3',1,'Update','202.47.32.103','Windows 10','Chrome 147.0.0.0','2026-04-22 17:10:43',NULL),(816,'Record updated On online c1ourses id 1','1',1,'Update','202.47.32.103','Windows 10','Chrome 147.0.0.0','2026-04-22 17:10:52',NULL),(817,'Record updated On  users id 5','5',0,'Update','202.47.32.103','Windows 10','Chrome 147.0.0.0','2026-04-22 17:12:35',NULL),(818,'Record updated On online c1ourses id 1','1',0,'Update','202.47.32.103','Windows 10','Chrome 147.0.0.0','2026-04-22 17:13:45',NULL),(819,'New Record inserted On online_course_tag id 1','1',1,'Insert','202.47.32.103','Windows 10','Chrome 147.0.0.0','2026-04-22 17:17:19',NULL),(820,'New Record inserted On online_course_tag id 2','2',1,'Insert','202.47.32.103','Windows 10','Chrome 147.0.0.0','2026-04-22 17:17:36',NULL),(821,'New Record inserted On online_course_tag id 3','3',1,'Insert','202.47.32.103','Windows 10','Chrome 147.0.0.0','2026-04-22 17:17:42',NULL),(822,'New Record inserted On online_course_tag id 4','4',1,'Insert','202.47.32.103','Windows 10','Chrome 147.0.0.0','2026-04-22 17:17:50',NULL),(823,'New Record inserted On online courses id 2','2',1,'Insert','111.92.132.200','Windows 10','Chrome 147.0.0.0','2026-04-23 09:24:51',NULL),(824,'New Record inserted On online course class sections id 4','4',1,'Insert','111.92.132.200','Windows 10','Chrome 147.0.0.0','2026-04-23 09:24:51',NULL),(825,'New Record inserted On online course class sections id 5','5',1,'Insert','111.92.132.200','Windows 10','Chrome 147.0.0.0','2026-04-23 09:24:51',NULL),(826,'New Record inserted On online course class sections id 6','6',1,'Insert','111.92.132.200','Windows 10','Chrome 147.0.0.0','2026-04-23 09:24:51',NULL),(827,'Record updated On online c1ourses id 2','2',1,'Update','111.92.132.200','Windows 10','Chrome 147.0.0.0','2026-04-23 09:24:51',NULL),(828,'New Record inserted On online course section id 4','4',1,'Insert','111.92.132.200','Windows 10','Chrome 147.0.0.0','2026-04-23 09:25:17',NULL),(829,'Record updated On online c1ourses id 2','2',1,'Update','111.92.132.200','Windows 10','Chrome 147.0.0.0','2026-04-23 09:25:17',NULL),(830,'New Record inserted On online course section id 5','5',1,'Insert','111.92.132.200','Windows 10','Chrome 147.0.0.0','2026-04-23 09:25:29',NULL),(831,'Record updated On online c1ourses id 2','2',1,'Update','111.92.132.200','Windows 10','Chrome 147.0.0.0','2026-04-23 09:25:29',NULL),(832,'New Record inserted On online course section id 6','6',1,'Insert','111.92.132.200','Windows 10','Chrome 147.0.0.0','2026-04-23 09:25:39',NULL),(833,'Record updated On online c1ourses id 2','2',1,'Update','111.92.132.200','Windows 10','Chrome 147.0.0.0','2026-04-23 09:25:39',NULL),(834,'New Record inserted On online course lesson id 4','4',1,'Insert','111.92.132.200','Windows 10','Chrome 147.0.0.0','2026-04-23 09:29:19',NULL),(835,'New Record inserted On lesson quiz id 4','4',1,'Insert','111.92.132.200','Windows 10','Chrome 147.0.0.0','2026-04-23 09:29:19',NULL),(836,'Record updated On online c1ourses id 2','2',1,'Update','111.92.132.200','Windows 10','Chrome 147.0.0.0','2026-04-23 09:29:19',NULL),(837,'Record updated On  online course lesson id 4','4',1,'Update','111.92.132.200','Windows 10','Chrome 147.0.0.0','2026-04-23 09:29:19',NULL),(838,'Record updated On  online course lesson id 4','4',1,'Update','111.92.132.200','Windows 10','Chrome 147.0.0.0','2026-04-23 09:29:19',NULL),(839,'New Record inserted On online course lesson id 5','5',1,'Insert','111.92.132.200','Windows 10','Chrome 147.0.0.0','2026-04-23 09:31:15',NULL),(840,'New Record inserted On lesson quiz id 5','5',1,'Insert','111.92.132.200','Windows 10','Chrome 147.0.0.0','2026-04-23 09:31:15',NULL),(841,'Record updated On online c1ourses id 2','2',1,'Update','111.92.132.200','Windows 10','Chrome 147.0.0.0','2026-04-23 09:31:15',NULL),(842,'Record updated On  online course lesson id 5','5',1,'Update','111.92.132.200','Windows 10','Chrome 147.0.0.0','2026-04-23 09:31:15',NULL),(843,'Record updated On  online course lesson id 5','5',1,'Update','111.92.132.200','Windows 10','Chrome 147.0.0.0','2026-04-23 09:31:15',NULL),(844,'New Record inserted On online course lesson id 6','6',1,'Insert','111.92.132.200','Windows 10','Chrome 147.0.0.0','2026-04-23 09:31:15',NULL),(845,'New Record inserted On lesson quiz id 6','6',1,'Insert','111.92.132.200','Windows 10','Chrome 147.0.0.0','2026-04-23 09:31:16',NULL),(846,'Record updated On online c1ourses id 2','2',1,'Update','111.92.132.200','Windows 10','Chrome 147.0.0.0','2026-04-23 09:31:16',NULL),(847,'Record updated On  online course lesson id 6','6',1,'Update','111.92.132.200','Windows 10','Chrome 147.0.0.0','2026-04-23 09:31:16',NULL),(848,'Record updated On  online course lesson id 6','6',1,'Update','111.92.132.200','Windows 10','Chrome 147.0.0.0','2026-04-23 09:31:16',NULL),(849,'New Record inserted On online course lesson id 7','7',1,'Insert','111.92.132.200','Windows 10','Chrome 147.0.0.0','2026-04-23 09:32:28',NULL),(850,'New Record inserted On lesson quiz id 7','7',1,'Insert','111.92.132.200','Windows 10','Chrome 147.0.0.0','2026-04-23 09:32:28',NULL),(851,'Record updated On online c1ourses id 2','2',1,'Update','111.92.132.200','Windows 10','Chrome 147.0.0.0','2026-04-23 09:32:28',NULL),(852,'Record updated On  online course lesson id 7','7',1,'Update','111.92.132.200','Windows 10','Chrome 147.0.0.0','2026-04-23 09:32:29',NULL),(853,'Record updated On  online course lesson id 7','7',1,'Update','111.92.132.200','Windows 10','Chrome 147.0.0.0','2026-04-23 09:32:29',NULL),(854,'Record deleted On online course lesson quiz id 6','6',1,'Delete','111.92.132.200','Windows 10','Chrome 147.0.0.0','2026-04-23 09:32:46',NULL),(855,'Record deleted On online course lesson id 6','6',1,'Delete','111.92.132.200','Windows 10','Chrome 147.0.0.0','2026-04-23 09:32:46',NULL),(856,'New Record inserted On online course lesson id 8','8',1,'Insert','111.92.132.200','Windows 10','Chrome 147.0.0.0','2026-04-23 09:33:40',NULL),(857,'New Record inserted On lesson quiz id 8','8',1,'Insert','111.92.132.200','Windows 10','Chrome 147.0.0.0','2026-04-23 09:33:40',NULL),(858,'Record updated On online c1ourses id 2','2',1,'Update','111.92.132.200','Windows 10','Chrome 147.0.0.0','2026-04-23 09:33:40',NULL),(859,'Record updated On  online course lesson id 8','8',1,'Update','111.92.132.200','Windows 10','Chrome 147.0.0.0','2026-04-23 09:33:40',NULL),(860,'Record updated On  online course lesson id 8','8',1,'Update','111.92.132.200','Windows 10','Chrome 147.0.0.0','2026-04-23 09:33:40',NULL),(861,'Record updated On online c1ourses id 2','2',1,'Update','111.92.132.200','Windows 10','Chrome 147.0.0.0','2026-04-23 09:33:47',NULL),(862,'New Record inserted On online courses id 3','3',1,'Insert','111.92.132.200','Windows 10','Chrome 147.0.0.0','2026-04-23 09:49:15',NULL),(863,'New Record inserted On online course class sections id 7','7',1,'Insert','111.92.132.200','Windows 10','Chrome 147.0.0.0','2026-04-23 09:49:15',NULL),(864,'New Record inserted On online course class sections id 8','8',1,'Insert','111.92.132.200','Windows 10','Chrome 147.0.0.0','2026-04-23 09:49:15',NULL),(865,'New Record inserted On online course class sections id 9','9',1,'Insert','111.92.132.200','Windows 10','Chrome 147.0.0.0','2026-04-23 09:49:15',NULL),(866,'Record updated On online c1ourses id 3','3',1,'Update','111.92.132.200','Windows 10','Chrome 147.0.0.0','2026-04-23 09:49:15',NULL),(867,'New Record inserted On online course section id 7','7',1,'Insert','111.92.132.200','Windows 10','Chrome 147.0.0.0','2026-04-23 09:50:17',NULL),(868,'Record updated On online c1ourses id 3','3',1,'Update','111.92.132.200','Windows 10','Chrome 147.0.0.0','2026-04-23 09:50:17',NULL),(869,'New Record inserted On online course section id 8','8',1,'Insert','111.92.132.200','Windows 10','Chrome 147.0.0.0','2026-04-23 09:50:28',NULL),(870,'Record updated On online c1ourses id 3','3',1,'Update','111.92.132.200','Windows 10','Chrome 147.0.0.0','2026-04-23 09:50:28',NULL),(871,'New Record inserted On online course section id 9','9',1,'Insert','111.92.132.200','Windows 10','Chrome 147.0.0.0','2026-04-23 09:50:43',NULL),(872,'Record updated On online c1ourses id 3','3',1,'Update','111.92.132.200','Windows 10','Chrome 147.0.0.0','2026-04-23 09:50:43',NULL),(873,'New Record inserted On online course lesson id 9','9',1,'Insert','111.92.132.200','Windows 10','Chrome 147.0.0.0','2026-04-23 09:52:24',NULL),(874,'New Record inserted On lesson quiz id 9','9',1,'Insert','111.92.132.200','Windows 10','Chrome 147.0.0.0','2026-04-23 09:52:24',NULL),(875,'Record updated On online c1ourses id 3','3',1,'Update','111.92.132.200','Windows 10','Chrome 147.0.0.0','2026-04-23 09:52:24',NULL),(876,'Record updated On  online course lesson id 9','9',1,'Update','111.92.132.200','Windows 10','Chrome 147.0.0.0','2026-04-23 09:52:24',NULL),(877,'Record updated On  online course lesson id 9','9',1,'Update','111.92.132.200','Windows 10','Chrome 147.0.0.0','2026-04-23 09:52:24',NULL),(878,'New Record inserted On online course lesson id 10','10',1,'Insert','111.92.132.200','Windows 10','Chrome 147.0.0.0','2026-04-23 09:53:36',NULL),(879,'New Record inserted On lesson quiz id 10','10',1,'Insert','111.92.132.200','Windows 10','Chrome 147.0.0.0','2026-04-23 09:53:36',NULL),(880,'Record updated On online c1ourses id 3','3',1,'Update','111.92.132.200','Windows 10','Chrome 147.0.0.0','2026-04-23 09:53:36',NULL),(881,'Record updated On  online course lesson id 10','10',1,'Update','111.92.132.200','Windows 10','Chrome 147.0.0.0','2026-04-23 09:53:36',NULL),(882,'Record updated On  online course lesson id 10','10',1,'Update','111.92.132.200','Windows 10','Chrome 147.0.0.0','2026-04-23 09:53:36',NULL),(883,'Record updated On online c1ourses id 3','3',1,'Update','111.92.132.200','Windows 10','Chrome 147.0.0.0','2026-04-23 09:54:39',NULL),(884,'Record updated On  online course lesson id 9','9',1,'Update','111.92.132.200','Windows 10','Chrome 147.0.0.0','2026-04-23 09:54:39',NULL),(885,'Record updated On  online course lesson id 9','9',1,'Update','111.92.132.200','Windows 10','Chrome 147.0.0.0','2026-04-23 09:54:39',NULL),(886,'Record updated On  online course lesson id 9','9',1,'Update','111.92.132.200','Windows 10','Chrome 147.0.0.0','2026-04-23 09:54:39',NULL),(887,'New Record inserted On online course lesson id 11','11',1,'Insert','111.92.132.200','Windows 10','Chrome 147.0.0.0','2026-04-23 09:56:19',NULL),(888,'New Record inserted On lesson quiz id 11','11',1,'Insert','111.92.132.200','Windows 10','Chrome 147.0.0.0','2026-04-23 09:56:19',NULL),(889,'Record updated On online c1ourses id 3','3',1,'Update','111.92.132.200','Windows 10','Chrome 147.0.0.0','2026-04-23 09:56:19',NULL),(890,'Record updated On  online course lesson id 11','11',1,'Update','111.92.132.200','Windows 10','Chrome 147.0.0.0','2026-04-23 09:56:19',NULL),(891,'Record updated On  online course lesson id 11','11',1,'Update','111.92.132.200','Windows 10','Chrome 147.0.0.0','2026-04-23 09:56:19',NULL),(892,'Record updated On online c1ourses id 3','3',1,'Update','111.92.132.200','Windows 10','Chrome 147.0.0.0','2026-04-23 09:56:33',NULL),(893,'Record updated On online c1ourses id 1','1',1,'Update','111.92.132.200','Windows 10','Chrome 147.0.0.0','2026-04-23 09:58:10',NULL),(894,'Record updated On  online course lesson id 1','1',1,'Update','111.92.132.200','Windows 10','Chrome 147.0.0.0','2026-04-23 09:58:10',NULL),(895,'Record updated On  online course lesson id 1','1',1,'Update','111.92.132.200','Windows 10','Chrome 147.0.0.0','2026-04-23 09:58:10',NULL),(896,'Record updated On  online course lesson id 1','1',1,'Update','111.92.132.200','Windows 10','Chrome 147.0.0.0','2026-04-23 09:58:10',NULL),(897,'Record updated On online c1ourses id 1','1',1,'Update','111.92.132.200','Windows 10','Chrome 147.0.0.0','2026-04-23 09:58:40',NULL),(898,'Record updated On  online course lesson id 2','2',1,'Update','111.92.132.200','Windows 10','Chrome 147.0.0.0','2026-04-23 09:58:40',NULL),(899,'Record updated On  online course lesson id 2','2',1,'Update','111.92.132.200','Windows 10','Chrome 147.0.0.0','2026-04-23 09:58:40',NULL),(900,'Record updated On  online course lesson id 2','2',1,'Update','111.92.132.200','Windows 10','Chrome 147.0.0.0','2026-04-23 09:58:40',NULL),(901,'Record updated On online c1ourses id 1','1',1,'Update','111.92.132.200','Windows 10','Chrome 147.0.0.0','2026-04-23 10:00:13',NULL),(902,'Record updated On  online course lesson id 3','3',1,'Update','111.92.132.200','Windows 10','Chrome 147.0.0.0','2026-04-23 10:00:13',NULL),(903,'Record updated On  online course lesson id 3','3',1,'Update','111.92.132.200','Windows 10','Chrome 147.0.0.0','2026-04-23 10:00:13',NULL),(904,'Record updated On  online course lesson id 3','3',1,'Update','111.92.132.200','Windows 10','Chrome 147.0.0.0','2026-04-23 10:00:13',NULL),(905,'New Record inserted On online courses id 4','4',1,'Insert','111.92.132.200','Windows 10','Chrome 147.0.0.0','2026-04-23 10:03:42',NULL),(906,'New Record inserted On online course class sections id 10','10',1,'Insert','111.92.132.200','Windows 10','Chrome 147.0.0.0','2026-04-23 10:03:42',NULL),(907,'New Record inserted On online course class sections id 11','11',1,'Insert','111.92.132.200','Windows 10','Chrome 147.0.0.0','2026-04-23 10:03:42',NULL),(908,'New Record inserted On online course class sections id 12','12',1,'Insert','111.92.132.200','Windows 10','Chrome 147.0.0.0','2026-04-23 10:03:42',NULL),(909,'Record updated On online c1ourses id 4','4',1,'Update','111.92.132.200','Windows 10','Chrome 147.0.0.0','2026-04-23 10:03:42',NULL),(910,'New Record inserted On online course section id 10','10',1,'Insert','111.92.132.200','Windows 10','Chrome 147.0.0.0','2026-04-23 10:04:02',NULL),(911,'Record updated On online c1ourses id 4','4',1,'Update','111.92.132.200','Windows 10','Chrome 147.0.0.0','2026-04-23 10:04:02',NULL),(912,'New Record inserted On online course section id 11','11',1,'Insert','111.92.132.200','Windows 10','Chrome 147.0.0.0','2026-04-23 10:04:12',NULL),(913,'Record updated On online c1ourses id 4','4',1,'Update','111.92.132.200','Windows 10','Chrome 147.0.0.0','2026-04-23 10:04:12',NULL),(914,'New Record inserted On online course section id 12','12',1,'Insert','111.92.132.200','Windows 10','Chrome 147.0.0.0','2026-04-23 10:04:24',NULL),(915,'Record updated On online c1ourses id 4','4',1,'Update','111.92.132.200','Windows 10','Chrome 147.0.0.0','2026-04-23 10:04:24',NULL),(916,'New Record inserted On online course lesson id 12','12',1,'Insert','111.92.132.200','Windows 10','Chrome 147.0.0.0','2026-04-23 10:06:48',NULL),(917,'New Record inserted On lesson quiz id 12','12',1,'Insert','111.92.132.200','Windows 10','Chrome 147.0.0.0','2026-04-23 10:06:48',NULL),(918,'Record updated On online c1ourses id 4','4',1,'Update','111.92.132.200','Windows 10','Chrome 147.0.0.0','2026-04-23 10:06:48',NULL),(919,'Record updated On  online course lesson id 12','12',1,'Update','111.92.132.200','Windows 10','Chrome 147.0.0.0','2026-04-23 10:06:48',NULL),(920,'Record updated On  online course lesson id 12','12',1,'Update','111.92.132.200','Windows 10','Chrome 147.0.0.0','2026-04-23 10:06:48',NULL),(921,'New Record inserted On online course lesson id 13','13',1,'Insert','111.92.132.200','Windows 10','Chrome 147.0.0.0','2026-04-23 10:11:19',NULL),(922,'New Record inserted On lesson quiz id 13','13',1,'Insert','111.92.132.200','Windows 10','Chrome 147.0.0.0','2026-04-23 10:11:19',NULL),(923,'Record updated On online c1ourses id 4','4',1,'Update','111.92.132.200','Windows 10','Chrome 147.0.0.0','2026-04-23 10:11:19',NULL),(924,'Record updated On  online course lesson id 13','13',1,'Update','111.92.132.200','Windows 10','Chrome 147.0.0.0','2026-04-23 10:11:20',NULL),(925,'Record updated On  online course lesson id 13','13',1,'Update','111.92.132.200','Windows 10','Chrome 147.0.0.0','2026-04-23 10:11:20',NULL),(926,'New Record inserted On online course lesson id 14','14',1,'Insert','111.92.132.200','Windows 10','Chrome 147.0.0.0','2026-04-23 10:13:28',NULL),(927,'New Record inserted On lesson quiz id 14','14',1,'Insert','111.92.132.200','Windows 10','Chrome 147.0.0.0','2026-04-23 10:13:28',NULL),(928,'Record updated On online c1ourses id 4','4',1,'Update','111.92.132.200','Windows 10','Chrome 147.0.0.0','2026-04-23 10:13:28',NULL),(929,'Record updated On  online course lesson id 14','14',1,'Update','111.92.132.200','Windows 10','Chrome 147.0.0.0','2026-04-23 10:13:28',NULL),(930,'Record updated On  online course lesson id 14','14',1,'Update','111.92.132.200','Windows 10','Chrome 147.0.0.0','2026-04-23 10:13:28',NULL),(931,'Record updated On online c1ourses id 4','4',1,'Update','111.92.132.200','Windows 10','Chrome 147.0.0.0','2026-04-23 10:13:36',NULL),(932,'New Record inserted On online courses id 5','5',1,'Insert','111.92.132.200','Windows 10','Chrome 147.0.0.0','2026-04-23 10:27:54',NULL),(933,'New Record inserted On online course class sections id 13','13',1,'Insert','111.92.132.200','Windows 10','Chrome 147.0.0.0','2026-04-23 10:27:54',NULL),(934,'New Record inserted On online course class sections id 14','14',1,'Insert','111.92.132.200','Windows 10','Chrome 147.0.0.0','2026-04-23 10:27:54',NULL),(935,'New Record inserted On online course class sections id 15','15',1,'Insert','111.92.132.200','Windows 10','Chrome 147.0.0.0','2026-04-23 10:27:54',NULL),(936,'Record updated On online c1ourses id 5','5',1,'Update','111.92.132.200','Windows 10','Chrome 147.0.0.0','2026-04-23 10:27:54',NULL),(937,'New Record inserted On online course section id 13','13',1,'Insert','111.92.132.200','Windows 10','Chrome 147.0.0.0','2026-04-23 10:28:16',NULL),(938,'Record updated On online c1ourses id 5','5',1,'Update','111.92.132.200','Windows 10','Chrome 147.0.0.0','2026-04-23 10:28:16',NULL),(939,'New Record inserted On online course section id 14','14',1,'Insert','111.92.132.200','Windows 10','Chrome 147.0.0.0','2026-04-23 10:28:28',NULL),(940,'Record updated On online c1ourses id 5','5',1,'Update','111.92.132.200','Windows 10','Chrome 147.0.0.0','2026-04-23 10:28:28',NULL),(941,'New Record inserted On online course section id 15','15',1,'Insert','111.92.132.200','Windows 10','Chrome 147.0.0.0','2026-04-23 10:28:38',NULL),(942,'Record updated On online c1ourses id 5','5',1,'Update','111.92.132.200','Windows 10','Chrome 147.0.0.0','2026-04-23 10:28:38',NULL),(943,'New Record inserted On online course lesson id 15','15',1,'Insert','111.92.132.200','Windows 10','Chrome 147.0.0.0','2026-04-23 10:30:30',NULL),(944,'New Record inserted On lesson quiz id 15','15',1,'Insert','111.92.132.200','Windows 10','Chrome 147.0.0.0','2026-04-23 10:30:30',NULL),(945,'Record updated On online c1ourses id 5','5',1,'Update','111.92.132.200','Windows 10','Chrome 147.0.0.0','2026-04-23 10:30:30',NULL),(946,'Record updated On  online course lesson id 15','15',1,'Update','111.92.132.200','Windows 10','Chrome 147.0.0.0','2026-04-23 10:30:30',NULL),(947,'Record updated On  online course lesson id 15','15',1,'Update','111.92.132.200','Windows 10','Chrome 147.0.0.0','2026-04-23 10:30:30',NULL),(948,'New Record inserted On online course lesson id 16','16',1,'Insert','111.92.132.200','Windows 10','Chrome 147.0.0.0','2026-04-23 10:34:38',NULL),(949,'New Record inserted On lesson quiz id 16','16',1,'Insert','111.92.132.200','Windows 10','Chrome 147.0.0.0','2026-04-23 10:34:38',NULL),(950,'Record updated On online c1ourses id 5','5',1,'Update','111.92.132.200','Windows 10','Chrome 147.0.0.0','2026-04-23 10:34:38',NULL),(951,'Record updated On  online course lesson id 16','16',1,'Update','111.92.132.200','Windows 10','Chrome 147.0.0.0','2026-04-23 10:34:38',NULL),(952,'Record updated On  online course lesson id 16','16',1,'Update','111.92.132.200','Windows 10','Chrome 147.0.0.0','2026-04-23 10:34:38',NULL),(953,'New Record inserted On online course lesson id 17','17',1,'Insert','111.92.132.200','Windows 10','Chrome 147.0.0.0','2026-04-23 10:36:49',NULL),(954,'New Record inserted On lesson quiz id 17','17',1,'Insert','111.92.132.200','Windows 10','Chrome 147.0.0.0','2026-04-23 10:36:49',NULL),(955,'Record updated On online c1ourses id 5','5',1,'Update','111.92.132.200','Windows 10','Chrome 147.0.0.0','2026-04-23 10:36:49',NULL),(956,'Record updated On  online course lesson id 17','17',1,'Update','111.92.132.200','Windows 10','Chrome 147.0.0.0','2026-04-23 10:36:49',NULL),(957,'Record updated On  online course lesson id 17','17',1,'Update','111.92.132.200','Windows 10','Chrome 147.0.0.0','2026-04-23 10:36:49',NULL),(958,'Record updated On online c1ourses id 5','5',1,'Update','111.92.132.200','Windows 10','Chrome 147.0.0.0','2026-04-23 10:36:52',NULL),(959,'New Record inserted On online_course_tag id 5','5',1,'Insert','111.92.132.200','Windows 10','Chrome 147.0.0.0','2026-04-23 10:41:11',NULL),(960,'New Record inserted On  online_course_exam_question id 51','51',1,'Insert','111.92.132.200','Windows 10','Chrome 147.0.0.0','2026-04-23 10:42:31',NULL),(961,'New Record inserted On  online_course_exam_question id 52','52',1,'Insert','111.92.132.200','Windows 10','Chrome 147.0.0.0','2026-04-23 10:44:00',NULL),(962,'New Record inserted On  online_course_exam_question id 53','53',1,'Insert','111.92.132.200','Windows 10','Chrome 147.0.0.0','2026-04-23 10:44:57',NULL),(963,'New Record inserted On  online_course_exam_question id 54','54',1,'Insert','111.92.132.200','Windows 10','Chrome 147.0.0.0','2026-04-23 10:45:39',NULL),(964,'New Record inserted On  online_course_exam_question id 55','55',1,'Insert','111.92.132.200','Windows 10','Chrome 147.0.0.0','2026-04-23 10:46:22',NULL),(965,'New Record inserted On  online_course_exam_question id 56','56',1,'Insert','111.92.132.200','Windows 10','Chrome 147.0.0.0','2026-04-23 10:46:46',NULL),(966,'New Record inserted On  online_course_exam_question id 57','57',1,'Insert','111.92.132.200','Windows 10','Chrome 147.0.0.0','2026-04-23 10:47:09',NULL),(967,'New Record inserted On  online_course_exam_question id 58','58',1,'Insert','111.92.132.200','Windows 10','Chrome 147.0.0.0','2026-04-23 10:48:28',NULL),(968,'New Record inserted On  online_course_exam_question id 59','59',1,'Insert','111.92.132.200','Windows 10','Chrome 147.0.0.0','2026-04-23 10:49:42',NULL),(969,'Questions Record imported (19)',NULL,1,'Import','111.92.132.200','Windows 10','Chrome 147.0.0.0','2026-04-23 10:54:54',NULL),(970,'Record updated On  online_course_exam_question id 105','105',1,'Update','111.92.132.200','Windows 10','Chrome 147.0.0.0','2026-04-23 10:55:44',NULL),(971,'Record updated On  online_course_exam_question id 104','104',1,'Update','111.92.132.200','Windows 10','Chrome 147.0.0.0','2026-04-23 10:55:59',NULL),(972,'Record updated On  online_course_exam_question id 103','103',1,'Update','111.92.132.200','Windows 10','Chrome 147.0.0.0','2026-04-23 10:56:19',NULL),(973,'Record updated On  online_course_exam_question id 102','102',1,'Update','111.92.132.200','Windows 10','Chrome 147.0.0.0','2026-04-23 10:56:33',NULL),(974,'Record updated On  online_course_exam_question id 97','97',1,'Update','111.92.132.200','Windows 10','Chrome 147.0.0.0','2026-04-23 10:57:01',NULL),(975,'Record updated On  online_course_exam_question id 96','96',1,'Update','111.92.132.200','Windows 10','Chrome 147.0.0.0','2026-04-23 10:57:15',NULL),(976,'Record updated On  online_course_exam_question id 94','94',1,'Update','111.92.132.200','Windows 10','Chrome 147.0.0.0','2026-04-23 10:57:35',NULL),(977,'Record updated On  online_course_exam_question id 93','93',1,'Update','111.92.132.200','Windows 10','Chrome 147.0.0.0','2026-04-23 10:57:49',NULL),(978,'Record updated On  online_course_exam_question id 92','92',1,'Update','111.92.132.200','Windows 10','Chrome 147.0.0.0','2026-04-23 10:58:12',NULL),(979,'Record updated On  online_course_exam_question id 91','91',1,'Update','111.92.132.200','Windows 10','Chrome 147.0.0.0','2026-04-23 10:58:23',NULL),(980,'Record updated On  online_course_exam_question id 95','95',1,'Update','111.92.132.200','Windows 10','Chrome 147.0.0.0','2026-04-23 10:58:49',NULL),(981,'Record updated On  online_course_exam_question id 88','88',1,'Update','111.92.132.200','Windows 10','Chrome 147.0.0.0','2026-04-23 10:59:13',NULL),(982,'Record updated On  online_course_exam_question id 89','89',1,'Update','111.92.132.200','Windows 10','Chrome 147.0.0.0','2026-04-23 10:59:33',NULL),(983,'Record updated On  online_course_exam_question id 90','90',1,'Update','111.92.132.200','Windows 10','Chrome 147.0.0.0','2026-04-23 10:59:48',NULL),(984,'Questions Record imported (5)',NULL,1,'Import','111.92.132.200','Windows 10','Chrome 147.0.0.0','2026-04-23 11:02:20',NULL),(985,'Record updated On  online_course_exam_question id 110','110',1,'Update','111.92.132.200','Windows 10','Chrome 147.0.0.0','2026-04-23 11:02:41',NULL),(986,'Record updated On  online_course_exam_question id 109','109',1,'Update','111.92.132.200','Windows 10','Chrome 147.0.0.0','2026-04-23 11:03:06',NULL),(987,'Record updated On  online_course_exam_question id 108','108',1,'Update','111.92.132.200','Windows 10','Chrome 147.0.0.0','2026-04-23 11:03:21',NULL),(988,'Record updated On  online_course_exam_question id 107','107',1,'Update','111.92.132.200','Windows 10','Chrome 147.0.0.0','2026-04-23 11:03:50',NULL),(989,'Questions Record imported (5)',NULL,1,'Import','111.92.132.200','Windows 10','Chrome 147.0.0.0','2026-04-23 11:11:07',NULL),(990,'Record updated On  online_course_exam_question id 137','137',1,'Update','111.92.132.200','Windows 10','Chrome 147.0.0.0','2026-04-23 11:11:29',NULL),(991,'Record updated On  online_course_exam_question id 136','136',1,'Update','111.92.132.200','Windows 10','Chrome 147.0.0.0','2026-04-23 11:11:39',NULL),(992,'Questions Record imported (10)',NULL,1,'Import','111.92.132.200','Windows 10','Chrome 147.0.0.0','2026-04-23 11:13:02',NULL),(993,'New Record inserted On course quiz id 1','1',1,'Insert','111.92.132.200','Windows 10','Chrome 147.0.0.0','2026-04-23 11:14:31',NULL),(994,'New Record inserted On lesson quiz id 18','18',1,'Insert','111.92.132.200','Windows 10','Chrome 147.0.0.0','2026-04-23 11:14:31',NULL),(995,'Record updated On online c1ourses id 5','5',1,'Update','111.92.132.200','Windows 10','Chrome 147.0.0.0','2026-04-23 11:14:31',NULL),(996,'New Record inserted On course quiz question 1','1',1,'Insert','111.92.132.200','Windows 10','Chrome 147.0.0.0','2026-04-23 11:18:59',NULL),(997,'New Record inserted On course quiz question 2','2',1,'Insert','111.92.132.200','Windows 10','Chrome 147.0.0.0','2026-04-23 11:18:59',NULL),(998,'New Record inserted On course quiz question 3','3',1,'Insert','111.92.132.200','Windows 10','Chrome 147.0.0.0','2026-04-23 11:18:59',NULL),(999,'Record updated On online c1ourses id 5','5',1,'Update','111.92.132.200','Windows 10','Chrome 147.0.0.0','2026-04-23 11:18:59',NULL),(1000,'New Record inserted On  online course exam id 1','1',1,'Insert','111.92.132.200','Windows 10','Chrome 147.0.0.0','2026-04-23 11:22:05',NULL),(1001,'New Record inserted On lesson quiz id 19','19',1,'Insert','111.92.132.200','Windows 10','Chrome 147.0.0.0','2026-04-23 11:22:05',NULL),(1002,'New Record inserted On  onlineexam questions id 1','1',1,'Insert','111.92.132.200','Windows 10','Chrome 147.0.0.0','2026-04-23 11:22:29',NULL),(1003,'New Record inserted On  onlineexam questions id 2','2',1,'Insert','111.92.132.200','Windows 10','Chrome 147.0.0.0','2026-04-23 11:22:30',NULL),(1004,'New Record inserted On  onlineexam questions id 3','3',1,'Insert','111.92.132.200','Windows 10','Chrome 147.0.0.0','2026-04-23 11:22:32',NULL),(1005,'New Record inserted On  onlineexam questions id 4','4',1,'Insert','111.92.132.200','Windows 10','Chrome 147.0.0.0','2026-04-23 11:22:33',NULL),(1006,'New Record inserted On  onlineexam questions id 5','5',1,'Insert','111.92.132.200','Windows 10','Chrome 147.0.0.0','2026-04-23 11:22:34',NULL),(1007,'New Record inserted On  onlineexam questions id 6','6',1,'Insert','111.92.132.200','Windows 10','Chrome 147.0.0.0','2026-04-23 11:22:35',NULL),(1008,'New Record inserted On  onlineexam questions id 7','7',1,'Insert','111.92.132.200','Windows 10','Chrome 147.0.0.0','2026-04-23 11:22:38',NULL),(1009,'New Record inserted On  onlineexam questions id 8','8',1,'Insert','111.92.132.200','Windows 10','Chrome 147.0.0.0','2026-04-23 11:22:39',NULL),(1010,'New Record inserted On  onlineexam questions id 9','9',1,'Insert','111.92.132.200','Windows 10','Chrome 147.0.0.0','2026-04-23 11:22:41',NULL),(1011,'New Record inserted On  onlineexam questions id 10','10',1,'Insert','111.92.132.200','Windows 10','Chrome 147.0.0.0','2026-04-23 11:22:42',NULL),(1012,'New Record inserted On  onlineexam questions id 11','11',1,'Insert','111.92.132.200','Windows 10','Chrome 147.0.0.0','2026-04-23 11:22:44',NULL),(1013,'New Record inserted On  onlineexam questions id 12','12',1,'Insert','111.92.132.200','Windows 10','Chrome 147.0.0.0','2026-04-23 11:22:45',NULL),(1014,'New Record inserted On  onlineexam questions id 13','13',1,'Insert','111.92.132.200','Windows 10','Chrome 147.0.0.0','2026-04-23 11:22:47',NULL),(1015,'New Record inserted On  onlineexam questions id 14','14',1,'Insert','111.92.132.200','Windows 10','Chrome 147.0.0.0','2026-04-23 11:22:48',NULL),(1016,'New Record inserted On  onlineexam questions id 15','15',1,'Insert','111.92.132.200','Windows 10','Chrome 147.0.0.0','2026-04-23 11:22:49',NULL),(1017,'New Record inserted On  onlineexam questions id 16','16',1,'Insert','111.92.132.200','Windows 10','Chrome 147.0.0.0','2026-04-23 11:22:51',NULL),(1018,'New Record inserted On  onlineexam questions id 17','17',1,'Insert','111.92.132.200','Windows 10','Chrome 147.0.0.0','2026-04-23 11:22:52',NULL),(1019,'New Record inserted On  online course exam id 2','2',1,'Insert','111.92.132.200','Windows 10','Chrome 147.0.0.0','2026-04-23 11:24:18',NULL),(1020,'New Record inserted On lesson quiz id 20','20',1,'Insert','111.92.132.200','Windows 10','Chrome 147.0.0.0','2026-04-23 11:24:18',NULL),(1021,'New Record inserted On  onlineexam questions id 18','18',1,'Insert','111.92.132.200','Windows 10','Chrome 147.0.0.0','2026-04-23 11:24:30',NULL),(1022,'New Record inserted On  onlineexam questions id 19','19',1,'Insert','111.92.132.200','Windows 10','Chrome 147.0.0.0','2026-04-23 11:24:32',NULL),(1023,'New Record inserted On  onlineexam questions id 20','20',1,'Insert','111.92.132.200','Windows 10','Chrome 147.0.0.0','2026-04-23 11:24:32',NULL),(1024,'New Record inserted On  onlineexam questions id 21','21',1,'Insert','111.92.132.200','Windows 10','Chrome 147.0.0.0','2026-04-23 11:24:33',NULL),(1025,'New Record inserted On  onlineexam questions id 22','22',1,'Insert','111.92.132.200','Windows 10','Chrome 147.0.0.0','2026-04-23 11:24:34',NULL),(1026,'New Record inserted On  onlineexam questions id 23','23',1,'Insert','111.92.132.200','Windows 10','Chrome 147.0.0.0','2026-04-23 11:24:35',NULL),(1027,'New Record inserted On  onlineexam questions id 24','24',1,'Insert','111.92.132.200','Windows 10','Chrome 147.0.0.0','2026-04-23 11:24:37',NULL),(1028,'New Record inserted On  onlineexam questions id 25','25',1,'Insert','111.92.132.200','Windows 10','Chrome 147.0.0.0','2026-04-23 11:24:38',NULL),(1029,'New Record inserted On  onlineexam questions id 26','26',1,'Insert','111.92.132.200','Windows 10','Chrome 147.0.0.0','2026-04-23 11:24:40',NULL),(1030,'New Record inserted On  onlineexam questions id 27','27',1,'Insert','111.92.132.200','Windows 10','Chrome 147.0.0.0','2026-04-23 11:24:43',NULL),(1031,'New Record inserted On  onlineexam questions id 28','28',1,'Insert','111.92.132.200','Windows 10','Chrome 147.0.0.0','2026-04-23 11:24:44',NULL),(1032,'New Record inserted On  onlineexam questions id 29','29',1,'Insert','111.92.132.200','Windows 10','Chrome 147.0.0.0','2026-04-23 11:24:45',NULL),(1033,'New Record inserted On  onlineexam questions id 30','30',1,'Insert','111.92.132.200','Windows 10','Chrome 147.0.0.0','2026-04-23 11:24:46',NULL),(1034,'New Record inserted On  onlineexam questions id 31','31',1,'Insert','111.92.132.200','Windows 10','Chrome 147.0.0.0','2026-04-23 11:24:48',NULL),(1035,'New Record inserted On  onlineexam questions id 32','32',1,'Insert','111.92.132.200','Windows 10','Chrome 147.0.0.0','2026-04-23 11:24:50',NULL),(1036,'New Record inserted On  onlineexam questions id 33','33',1,'Insert','111.92.132.200','Windows 10','Chrome 147.0.0.0','2026-04-23 11:24:51',NULL),(1037,'New Record inserted On  onlineexam questions id 34','34',1,'Insert','111.92.132.200','Windows 10','Chrome 147.0.0.0','2026-04-23 11:24:52',NULL),(1038,'New Record inserted On  online course exam id 3','3',1,'Insert','111.92.132.200','Windows 10','Chrome 147.0.0.0','2026-04-23 11:27:03',NULL),(1039,'New Record inserted On lesson quiz id 21','21',1,'Insert','111.92.132.200','Windows 10','Chrome 147.0.0.0','2026-04-23 11:27:03',NULL),(1040,'New Record inserted On  onlineexam questions id 35','35',1,'Insert','111.92.132.200','Windows 10','Chrome 147.0.0.0','2026-04-23 11:27:14',NULL),(1041,'New Record inserted On  onlineexam questions id 36','36',1,'Insert','111.92.132.200','Windows 10','Chrome 147.0.0.0','2026-04-23 11:27:15',NULL),(1042,'New Record inserted On  onlineexam questions id 37','37',1,'Insert','111.92.132.200','Windows 10','Chrome 147.0.0.0','2026-04-23 11:27:16',NULL),(1043,'New Record inserted On  onlineexam questions id 38','38',1,'Insert','111.92.132.200','Windows 10','Chrome 147.0.0.0','2026-04-23 11:27:17',NULL),(1044,'New Record inserted On  onlineexam questions id 39','39',1,'Insert','111.92.132.200','Windows 10','Chrome 147.0.0.0','2026-04-23 11:27:18',NULL),(1045,'New Record inserted On  onlineexam questions id 40','40',1,'Insert','111.92.132.200','Windows 10','Chrome 147.0.0.0','2026-04-23 11:27:19',NULL),(1046,'New Record inserted On  onlineexam questions id 41','41',1,'Insert','111.92.132.200','Windows 10','Chrome 147.0.0.0','2026-04-23 11:27:21',NULL),(1047,'New Record inserted On  onlineexam questions id 42','42',1,'Insert','111.92.132.200','Windows 10','Chrome 147.0.0.0','2026-04-23 11:27:22',NULL),(1048,'New Record inserted On  onlineexam questions id 43','43',1,'Insert','111.92.132.200','Windows 10','Chrome 147.0.0.0','2026-04-23 11:27:25',NULL),(1049,'New Record inserted On online_course_assignment id 1','1',1,'Insert','111.92.132.200','Windows 10','Chrome 147.0.0.0','2026-04-23 11:29:17',NULL),(1050,'New Record inserted On lesson quiz id 22','22',1,'Insert','111.92.132.200','Windows 10','Chrome 147.0.0.0','2026-04-23 11:29:17',NULL),(1051,'New Record inserted On  online course exam id 4','4',1,'Insert','111.92.132.200','Windows 10','Chrome 147.0.0.0','2026-04-23 11:30:08',NULL),(1052,'New Record inserted On lesson quiz id 23','23',1,'Insert','111.92.132.200','Windows 10','Chrome 147.0.0.0','2026-04-23 11:30:08',NULL),(1053,'New Record inserted On  onlineexam questions id 44','44',1,'Insert','111.92.132.200','Windows 10','Chrome 147.0.0.0','2026-04-23 11:30:24',NULL),(1054,'New Record inserted On  onlineexam questions id 45','45',1,'Insert','111.92.132.200','Windows 10','Chrome 147.0.0.0','2026-04-23 11:30:25',NULL),(1055,'New Record inserted On  onlineexam questions id 46','46',1,'Insert','111.92.132.200','Windows 10','Chrome 147.0.0.0','2026-04-23 11:30:26',NULL),(1056,'New Record inserted On  onlineexam questions id 47','47',1,'Insert','111.92.132.200','Windows 10','Chrome 147.0.0.0','2026-04-23 11:30:32',NULL),(1057,'New Record inserted On  onlineexam questions id 48','48',1,'Insert','111.92.132.200','Windows 10','Chrome 147.0.0.0','2026-04-23 11:30:33',NULL),(1058,'New Record inserted On  onlineexam questions id 49','49',1,'Insert','111.92.132.200','Windows 10','Chrome 147.0.0.0','2026-04-23 11:30:34',NULL),(1059,'New Record inserted On  onlineexam questions id 50','50',1,'Insert','111.92.132.200','Windows 10','Chrome 147.0.0.0','2026-04-23 11:30:35',NULL),(1060,'New Record inserted On  onlineexam questions id 51','51',1,'Insert','111.92.132.200','Windows 10','Chrome 147.0.0.0','2026-04-23 11:30:36',NULL),(1061,'New Record inserted On  onlineexam questions id 52','52',1,'Insert','111.92.132.200','Windows 10','Chrome 147.0.0.0','2026-04-23 11:30:37',NULL),(1062,'New Record inserted On online_course_assignment id 2','2',1,'Insert','111.92.132.200','Windows 10','Chrome 147.0.0.0','2026-04-23 11:32:27',NULL),(1063,'New Record inserted On lesson quiz id 24','24',1,'Insert','111.92.132.200','Windows 10','Chrome 147.0.0.0','2026-04-23 11:32:27',NULL),(1064,'New Record inserted On  online course exam id 5','5',1,'Insert','111.92.132.200','Windows 10','Chrome 147.0.0.0','2026-04-23 11:33:30',NULL),(1065,'New Record inserted On lesson quiz id 25','25',1,'Insert','111.92.132.200','Windows 10','Chrome 147.0.0.0','2026-04-23 11:33:30',NULL),(1066,'New Record inserted On  onlineexam questions id 53','53',1,'Insert','111.92.132.200','Windows 10','Chrome 147.0.0.0','2026-04-23 11:33:42',NULL),(1067,'New Record inserted On  onlineexam questions id 54','54',1,'Insert','111.92.132.200','Windows 10','Chrome 147.0.0.0','2026-04-23 11:33:43',NULL),(1068,'New Record inserted On  onlineexam questions id 55','55',1,'Insert','111.92.132.200','Windows 10','Chrome 147.0.0.0','2026-04-23 11:33:45',NULL),(1069,'New Record inserted On  onlineexam questions id 56','56',1,'Insert','111.92.132.200','Windows 10','Chrome 147.0.0.0','2026-04-23 11:33:46',NULL),(1070,'New Record inserted On  onlineexam questions id 57','57',1,'Insert','111.92.132.200','Windows 10','Chrome 147.0.0.0','2026-04-23 11:33:47',NULL),(1071,'New Record inserted On  onlineexam questions id 58','58',1,'Insert','111.92.132.200','Windows 10','Chrome 147.0.0.0','2026-04-23 11:33:48',NULL),(1072,'New Record inserted On  onlineexam questions id 59','59',1,'Insert','111.92.132.200','Windows 10','Chrome 147.0.0.0','2026-04-23 11:33:50',NULL),(1073,'New Record inserted On  onlineexam questions id 60','60',1,'Insert','111.92.132.200','Windows 10','Chrome 147.0.0.0','2026-04-23 11:33:57',NULL),(1074,'New Record inserted On  onlineexam questions id 61','61',1,'Insert','111.92.132.200','Windows 10','Chrome 147.0.0.0','2026-04-23 11:33:58',NULL),(1075,'New Record inserted On  onlineexam questions id 62','62',1,'Insert','111.92.132.200','Windows 10','Chrome 147.0.0.0','2026-04-23 11:34:00',NULL),(1076,'New Record inserted On online_course_assignment id 3','3',1,'Insert','111.92.132.200','Windows 10','Chrome 147.0.0.0','2026-04-23 11:36:02',NULL),(1077,'New Record inserted On lesson quiz id 26','26',1,'Insert','111.92.132.200','Windows 10','Chrome 147.0.0.0','2026-04-23 11:36:02',NULL),(1078,'New Record inserted On  online course exam id 6','6',1,'Insert','111.92.132.200','Windows 10','Chrome 147.0.0.0','2026-04-23 11:37:27',NULL),(1079,'New Record inserted On lesson quiz id 27','27',1,'Insert','111.92.132.200','Windows 10','Chrome 147.0.0.0','2026-04-23 11:37:27',NULL),(1080,'New Record inserted On  onlineexam questions id 63','63',1,'Insert','111.92.132.200','Windows 10','Chrome 147.0.0.0','2026-04-23 11:37:41',NULL),(1081,'New Record inserted On  onlineexam questions id 64','64',1,'Insert','111.92.132.200','Windows 10','Chrome 147.0.0.0','2026-04-23 11:37:43',NULL),(1082,'New Record inserted On  onlineexam questions id 65','65',1,'Insert','111.92.132.200','Windows 10','Chrome 147.0.0.0','2026-04-23 11:37:43',NULL),(1083,'New Record inserted On  onlineexam questions id 66','66',1,'Insert','111.92.132.200','Windows 10','Chrome 147.0.0.0','2026-04-23 11:37:44',NULL),(1084,'New Record inserted On  onlineexam questions id 67','67',1,'Insert','111.92.132.200','Windows 10','Chrome 147.0.0.0','2026-04-23 11:37:45',NULL),(1085,'New Record inserted On  onlineexam questions id 68','68',1,'Insert','111.92.132.200','Windows 10','Chrome 147.0.0.0','2026-04-23 11:37:46',NULL),(1086,'New Record inserted On  onlineexam questions id 69','69',1,'Insert','111.92.132.200','Windows 10','Chrome 147.0.0.0','2026-04-23 11:37:48',NULL),(1087,'New Record inserted On  onlineexam questions id 70','70',1,'Insert','111.92.132.200','Windows 10','Chrome 147.0.0.0','2026-04-23 11:37:49',NULL),(1088,'New Record inserted On  onlineexam questions id 71','71',1,'Insert','111.92.132.200','Windows 10','Chrome 147.0.0.0','2026-04-23 11:37:50',NULL),(1089,'New Record inserted On  onlineexam questions id 72','72',1,'Insert','111.92.132.200','Windows 10','Chrome 147.0.0.0','2026-04-23 11:37:51',NULL),(1090,'New Record inserted On  onlineexam questions id 73','73',1,'Insert','111.92.132.200','Windows 10','Chrome 147.0.0.0','2026-04-23 11:37:53',NULL),(1091,'New Record inserted On  onlineexam questions id 74','74',1,'Insert','111.92.132.200','Windows 10','Chrome 147.0.0.0','2026-04-23 11:37:54',NULL),(1092,'New Record inserted On  onlineexam questions id 75','75',1,'Insert','111.92.132.200','Windows 10','Chrome 147.0.0.0','2026-04-23 11:37:55',NULL),(1093,'New Record inserted On  onlineexam questions id 76','76',1,'Insert','111.92.132.200','Windows 10','Chrome 147.0.0.0','2026-04-23 11:37:56',NULL),(1094,'Record updated On settings id 1','1',1,'Update','137.59.220.223','Mac OS X','Chrome 147.0.0.0','2026-04-23 11:39:26',NULL),(1095,'New Record inserted On online_course_assignment id 4','4',1,'Insert','111.92.132.200','Windows 10','Chrome 147.0.0.0','2026-04-23 11:39:34',NULL),(1096,'New Record inserted On lesson quiz id 28','28',1,'Insert','111.92.132.200','Windows 10','Chrome 147.0.0.0','2026-04-23 11:39:34',NULL),(1097,'New Record inserted On  online course exam id 7','7',1,'Insert','111.92.132.200','Windows 10','Chrome 147.0.0.0','2026-04-23 11:41:26',NULL),(1098,'New Record inserted On lesson quiz id 29','29',1,'Insert','111.92.132.200','Windows 10','Chrome 147.0.0.0','2026-04-23 11:41:26',NULL),(1099,'New Record inserted On  onlineexam questions id 77','77',1,'Insert','111.92.132.200','Windows 10','Chrome 147.0.0.0','2026-04-23 11:41:43',NULL),(1100,'New Record inserted On  onlineexam questions id 78','78',1,'Insert','111.92.132.200','Windows 10','Chrome 147.0.0.0','2026-04-23 11:41:44',NULL),(1101,'New Record inserted On  onlineexam questions id 79','79',1,'Insert','111.92.132.200','Windows 10','Chrome 147.0.0.0','2026-04-23 11:41:45',NULL),(1102,'New Record inserted On  onlineexam questions id 80','80',1,'Insert','111.92.132.200','Windows 10','Chrome 147.0.0.0','2026-04-23 11:41:46',NULL),(1103,'New Record inserted On  onlineexam questions id 81','81',1,'Insert','111.92.132.200','Windows 10','Chrome 147.0.0.0','2026-04-23 11:41:47',NULL),(1104,'New Record inserted On  onlineexam questions id 82','82',1,'Insert','111.92.132.200','Windows 10','Chrome 147.0.0.0','2026-04-23 11:41:48',NULL),(1105,'New Record inserted On  onlineexam questions id 83','83',1,'Insert','111.92.132.200','Windows 10','Chrome 147.0.0.0','2026-04-23 11:41:49',NULL),(1106,'New Record inserted On  onlineexam questions id 84','84',1,'Insert','111.92.132.200','Windows 10','Chrome 147.0.0.0','2026-04-23 11:41:50',NULL),(1107,'New Record inserted On  onlineexam questions id 85','85',1,'Insert','111.92.132.200','Windows 10','Chrome 147.0.0.0','2026-04-23 11:41:54',NULL),(1108,'New Record inserted On  onlineexam questions id 86','86',1,'Insert','111.92.132.200','Windows 10','Chrome 147.0.0.0','2026-04-23 11:41:56',NULL),(1109,'New Record inserted On  onlineexam questions id 87','87',1,'Insert','111.92.132.200','Windows 10','Chrome 147.0.0.0','2026-04-23 11:41:57',NULL),(1110,'New Record inserted On  onlineexam questions id 88','88',1,'Insert','111.92.132.200','Windows 10','Chrome 147.0.0.0','2026-04-23 11:41:58',NULL),(1111,'New Record inserted On  onlineexam questions id 89','89',1,'Insert','111.92.132.200','Windows 10','Chrome 147.0.0.0','2026-04-23 11:41:59',NULL),(1112,'New Record inserted On  onlineexam questions id 90','90',1,'Insert','111.92.132.200','Windows 10','Chrome 147.0.0.0','2026-04-23 11:42:00',NULL),(1113,'New Record inserted On  onlineexam questions id 91','91',1,'Insert','111.92.132.200','Windows 10','Chrome 147.0.0.0','2026-04-23 11:42:01',NULL),(1114,'New Record inserted On  onlineexam questions id 92','92',1,'Insert','111.92.132.200','Windows 10','Chrome 147.0.0.0','2026-04-23 11:42:03',NULL),(1115,'New Record inserted On  onlineexam questions id 93','93',1,'Insert','111.92.132.200','Windows 10','Chrome 147.0.0.0','2026-04-23 11:42:04',NULL),(1116,'New Record inserted On  onlineexam questions id 94','94',1,'Insert','111.92.132.200','Windows 10','Chrome 147.0.0.0','2026-04-23 11:42:05',NULL),(1117,'Record updated On settings id 1','1',1,'Update','137.59.220.223','Mac OS X','Chrome 147.0.0.0','2026-04-23 11:42:30',NULL),(1118,'New Record inserted On online_course_assignment id 5','5',1,'Insert','111.92.132.200','Windows 10','Chrome 147.0.0.0','2026-04-23 11:42:54',NULL),(1119,'New Record inserted On lesson quiz id 30','30',1,'Insert','111.92.132.200','Windows 10','Chrome 147.0.0.0','2026-04-23 11:42:54',NULL),(1120,'Record updated On settings id 1','1',1,'Update','137.59.220.223','Mac OS X','Chrome 147.0.0.0','2026-04-23 11:43:02',NULL),(1121,'New Record inserted On  online course exam id 8','8',1,'Insert','111.92.132.200','Windows 10','Chrome 147.0.0.0','2026-04-23 11:43:46',NULL),(1122,'New Record inserted On lesson quiz id 31','31',1,'Insert','111.92.132.200','Windows 10','Chrome 147.0.0.0','2026-04-23 11:43:46',NULL),(1123,'New Record inserted On  onlineexam questions id 95','95',1,'Insert','111.92.132.200','Windows 10','Chrome 147.0.0.0','2026-04-23 11:43:55',NULL),(1124,'New Record inserted On  onlineexam questions id 96','96',1,'Insert','111.92.132.200','Windows 10','Chrome 147.0.0.0','2026-04-23 11:43:57',NULL),(1125,'New Record inserted On  onlineexam questions id 97','97',1,'Insert','111.92.132.200','Windows 10','Chrome 147.0.0.0','2026-04-23 11:43:58',NULL),(1126,'New Record inserted On  onlineexam questions id 98','98',1,'Insert','111.92.132.200','Windows 10','Chrome 147.0.0.0','2026-04-23 11:43:59',NULL),(1127,'New Record inserted On  onlineexam questions id 99','99',1,'Insert','111.92.132.200','Windows 10','Chrome 147.0.0.0','2026-04-23 11:44:00',NULL),(1128,'New Record inserted On  onlineexam questions id 100','100',1,'Insert','111.92.132.200','Windows 10','Chrome 147.0.0.0','2026-04-23 11:44:03',NULL),(1129,'New Record inserted On  onlineexam questions id 101','101',1,'Insert','111.92.132.200','Windows 10','Chrome 147.0.0.0','2026-04-23 11:44:04',NULL),(1130,'New Record inserted On  onlineexam questions id 102','102',1,'Insert','111.92.132.200','Windows 10','Chrome 147.0.0.0','2026-04-23 11:44:05',NULL),(1131,'New Record inserted On  onlineexam questions id 103','103',1,'Insert','111.92.132.200','Windows 10','Chrome 147.0.0.0','2026-04-23 11:44:06',NULL),(1132,'New Record inserted On  onlineexam questions id 104','104',1,'Insert','111.92.132.200','Windows 10','Chrome 147.0.0.0','2026-04-23 11:44:07',NULL),(1133,'New Record inserted On  onlineexam questions id 105','105',1,'Insert','111.92.132.200','Windows 10','Chrome 147.0.0.0','2026-04-23 11:44:08',NULL),(1134,'New Record inserted On  onlineexam questions id 106','106',1,'Insert','111.92.132.200','Windows 10','Chrome 147.0.0.0','2026-04-23 11:44:09',NULL),(1135,'Record updated On settings id 1','1',1,'Update','137.59.220.223','Mac OS X','Chrome 147.0.0.0','2026-04-23 11:44:10',NULL),(1136,'Record deleted On  onlineexam questions id 104','104',1,'Delete','111.92.132.200','Windows 10','Chrome 147.0.0.0','2026-04-23 11:44:15',NULL),(1137,'Record deleted On  onlineexam questions id 105','105',1,'Delete','111.92.132.200','Windows 10','Chrome 147.0.0.0','2026-04-23 11:44:16',NULL),(1138,'Record deleted On  onlineexam questions id 106','106',1,'Delete','111.92.132.200','Windows 10','Chrome 147.0.0.0','2026-04-23 11:44:17',NULL),(1139,'Record updated On settings id 1','1',1,'Update','137.59.220.223','Mac OS X','Chrome 147.0.0.0','2026-04-23 11:45:38',NULL),(1140,'New Record inserted On homework id 10','10',1,'Insert','111.92.132.200','Windows 10','Chrome 147.0.0.0','2026-04-23 11:48:04',NULL),(1141,'New Record inserted On homework id 11','11',1,'Insert','111.92.132.200','Windows 10','Chrome 147.0.0.0','2026-04-23 11:48:31',NULL),(1142,'New Record inserted On homework id 12','12',1,'Insert','111.92.132.200','Windows 10','Chrome 147.0.0.0','2026-04-23 11:50:56',NULL),(1143,'New Record inserted On homework id 13','13',1,'Insert','111.92.132.200','Windows 10','Chrome 147.0.0.0','2026-04-23 11:53:10',NULL),(1144,'New Record inserted On homework id 14','14',1,'Insert','111.92.132.200','Windows 10','Chrome 147.0.0.0','2026-04-23 11:53:23',NULL),(1145,'New Record inserted On homework id 15','15',1,'Insert','111.92.132.200','Windows 10','Chrome 147.0.0.0','2026-04-23 11:57:25',NULL),(1146,'New Record inserted On homework id 16','16',1,'Insert','111.92.132.200','Windows 10','Chrome 147.0.0.0','2026-04-23 12:01:14',NULL),(1147,'New Record inserted On homework id 17','17',1,'Insert','111.92.132.200','Windows 10','Chrome 147.0.0.0','2026-04-23 12:02:31',NULL),(1148,'New Record inserted On homework id 18','18',1,'Insert','111.92.132.200','Windows 10','Chrome 147.0.0.0','2026-04-23 12:05:17',NULL),(1149,'New Record inserted On homework id 19','19',1,'Insert','111.92.132.200','Windows 10','Chrome 147.0.0.0','2026-04-23 12:05:53',NULL),(1150,'New Record inserted On homework id 20','20',1,'Insert','111.92.132.200','Windows 10','Chrome 147.0.0.0','2026-04-23 12:08:24',NULL),(1151,'New Record inserted On homework id 21','21',1,'Insert','111.92.132.200','Windows 10','Chrome 147.0.0.0','2026-04-23 12:09:04',NULL),(1152,'New Record inserted On homework id 22','22',1,'Insert','111.92.132.200','Windows 10','Chrome 147.0.0.0','2026-04-23 12:09:44',NULL),(1153,'New Record inserted On homework id 23','23',1,'Insert','111.92.132.200','Windows 10','Chrome 147.0.0.0','2026-04-23 12:11:02',NULL),(1154,'New Record inserted On homework id 24','24',1,'Insert','111.92.132.200','Windows 10','Chrome 147.0.0.0','2026-04-23 12:11:24',NULL),(1155,'New Record inserted On homework id 25','25',1,'Insert','111.92.132.200','Windows 10','Chrome 147.0.0.0','2026-04-23 12:11:43',NULL),(1156,'Record deleted On sections id 4','4',1,'Delete','111.92.132.200','Windows 10','Chrome 147.0.0.0','2026-04-23 12:34:00',NULL),(1157,'Record deleted On classes id 3','3',1,'Delete','111.92.132.200','Windows 10','Chrome 147.0.0.0','2026-04-23 12:36:54',NULL),(1158,'Record updated On staff id 8','8',1,'Update','111.92.132.200','Windows 10','Chrome 147.0.0.0','2026-04-23 12:44:41',NULL),(1159,'Record updated On staff id 1','1',1,'Update','111.92.132.200','Windows 10','Chrome 147.0.0.0','2026-04-23 12:51:13',NULL),(1160,'Record updated On staff id 1','1',1,'Update','111.92.132.200','Windows 10','Chrome 147.0.0.0','2026-04-23 12:51:13',NULL),(1161,'New Record inserted On event id 1','1',1,'Insert','111.92.132.200','Windows 10','Chrome 147.0.0.0','2026-04-23 12:53:34',NULL),(1162,'New Record inserted On event id 3','3',1,'Insert','111.92.132.200','Windows 10','Chrome 147.0.0.0','2026-04-23 12:57:06',NULL),(1163,'New Record inserted On Alumni Event id 1','1',1,'Insert','111.92.132.200','Windows 10','Chrome 147.0.0.0','2026-04-23 13:05:51',NULL),(1164,'Record updated On Daily Assignment id 3','3',1,'Update','111.92.132.200','Windows 10','Chrome 147.0.0.0','2026-04-23 13:25:50',NULL),(1165,'Record updated On  online exam id 2','2',1,'Update','111.92.132.200','Windows 10','Chrome 147.0.0.0','2026-04-23 13:30:32',NULL),(1166,'Record updated On  online exam id 2','2',1,'Update','111.92.132.200','Windows 10','Chrome 147.0.0.0','2026-04-23 13:31:08',NULL),(1167,'Record updated On  online exam id 2','2',1,'Update','111.92.132.200','Windows 10','Chrome 147.0.0.0','2026-04-23 13:31:08',NULL),(1168,'Record updated On  users id 5','5',0,'Update','111.92.132.200','Windows 10','Chrome 147.0.0.0','2026-04-23 13:49:27',NULL),(1169,'Record updated On online c1ourses id 5','5',0,'Update','111.92.132.200','Windows 10','Chrome 147.0.0.0','2026-04-23 13:50:06',NULL),(1170,'Record updated On online c1ourses id 5','5',0,'Update','111.92.132.200','Windows 10','Chrome 147.0.0.0','2026-04-23 13:51:51',NULL),(1171,'New Record inserted On course quiz answer id 1','1',0,'Insert','111.92.132.200','Windows 10','Chrome 147.0.0.0','2026-04-23 13:53:31',NULL),(1172,'Record updated On  course quiz answer id 1','1',0,'Update','111.92.132.200','Windows 10','Chrome 147.0.0.0','2026-04-23 13:53:32',NULL),(1173,'Record updated On  course quiz answer id 1','1',0,'Update','111.92.132.200','Windows 10','Chrome 147.0.0.0','2026-04-23 13:53:32',NULL),(1174,'New Record inserted On course quiz answer id 2','2',0,'Insert','111.92.132.200','Windows 10','Chrome 147.0.0.0','2026-04-23 13:53:38',NULL),(1175,'New Record inserted On course quiz answer id 3','3',0,'Insert','111.92.132.200','Windows 10','Chrome 147.0.0.0','2026-04-23 13:53:48',NULL),(1176,'New Record inserted On student quiz status id1','1',0,'Insert','111.92.132.200','Windows 10','Chrome 147.0.0.0','2026-04-23 13:53:48',NULL),(1177,'Record updated On student quiz status id 1','1',0,'Update','111.92.132.200','Windows 10','Chrome 147.0.0.0','2026-04-23 13:53:48',NULL);
/*!40000 ALTER TABLE `logs` ENABLE KEYS */;
UNLOCK TABLES;

--
-- Table structure for table `mark_divisions`
--

DROP TABLE IF EXISTS `mark_divisions`;
/*!40101 SET @saved_cs_client     = @@character_set_client */;
/*!50503 SET character_set_client = utf8mb4 */;
CREATE TABLE `mark_divisions` (
  `id` int NOT NULL AUTO_INCREMENT,
  `name` varchar(200) DEFAULT NULL,
  `percentage_from` decimal(10,2) DEFAULT NULL,
  `percentage_to` decimal(10,2) DEFAULT NULL,
  `is_active` int DEFAULT '1',
  `created_at` timestamp NOT NULL DEFAULT CURRENT_TIMESTAMP,
  `updated_at` timestamp NOT NULL DEFAULT CURRENT_TIMESTAMP ON UPDATE CURRENT_TIMESTAMP,
  PRIMARY KEY (`id`)
) ENGINE=InnoDB AUTO_INCREMENT=5 DEFAULT CHARSET=utf8mb3;
/*!40101 SET character_set_client = @saved_cs_client */;

--
-- Dumping data for table `mark_divisions`
--

LOCK TABLES `mark_divisions` WRITE;
/*!40000 ALTER TABLE `mark_divisions` DISABLE KEYS */;
INSERT INTO `mark_divisions` VALUES (1,'First Division',60.00,100.00,1,'2026-04-22 08:47:14','2026-04-22 08:47:14'),(2,'Second Division',50.00,59.00,1,'2026-04-22 08:47:26','2026-04-22 08:47:26'),(3,'Third Division',40.00,49.00,1,'2026-04-22 08:47:44','2026-04-22 08:47:44'),(4,'Fail',0.00,39.00,1,'2026-04-22 08:47:55','2026-04-22 08:47:55');
/*!40000 ALTER TABLE `mark_divisions` ENABLE KEYS */;
UNLOCK TABLES;

--
-- Table structure for table `messages`
--

DROP TABLE IF EXISTS `messages`;
/*!40101 SET @saved_cs_client     = @@character_set_client */;
/*!50503 SET character_set_client = utf8mb4 */;
CREATE TABLE `messages` (
  `id` int NOT NULL AUTO_INCREMENT,
  `title` varchar(200) DEFAULT NULL,
  `template_id` varchar(100) DEFAULT NULL,
  `email_template_id` int DEFAULT NULL,
  `sms_template_id` int DEFAULT NULL,
  `send_through` varchar(20) DEFAULT NULL,
  `message` text,
  `send_mail` varchar(10) DEFAULT '0',
  `send_sms` varchar(10) DEFAULT '0',
  `is_group` varchar(10) DEFAULT '0',
  `is_individual` varchar(10) DEFAULT '0',
  `is_class` int NOT NULL DEFAULT '0',
  `is_schedule` int NOT NULL,
  `sent` int DEFAULT NULL,
  `schedule_date_time` datetime DEFAULT NULL,
  `group_list` text,
  `user_list` text,
  `send_to` varchar(255) DEFAULT NULL,
  `schedule_class` int DEFAULT NULL,
  `schedule_section` varchar(255) DEFAULT NULL,
  `created_at` timestamp NOT NULL DEFAULT CURRENT_TIMESTAMP,
  `updated_at` timestamp NOT NULL DEFAULT CURRENT_TIMESTAMP ON UPDATE CURRENT_TIMESTAMP,
  PRIMARY KEY (`id`)
) ENGINE=InnoDB DEFAULT CHARSET=utf8mb3;
/*!40101 SET character_set_client = @saved_cs_client */;

--
-- Dumping data for table `messages`
--

LOCK TABLES `messages` WRITE;
/*!40000 ALTER TABLE `messages` DISABLE KEYS */;
/*!40000 ALTER TABLE `messages` ENABLE KEYS */;
UNLOCK TABLES;

--
-- Table structure for table `migrations`
--

DROP TABLE IF EXISTS `migrations`;
/*!40101 SET @saved_cs_client     = @@character_set_client */;
/*!50503 SET character_set_client = utf8mb4 */;
CREATE TABLE `migrations` (
  `version` bigint NOT NULL
) ENGINE=InnoDB DEFAULT CHARSET=utf8mb3;
/*!40101 SET character_set_client = @saved_cs_client */;

--
-- Dumping data for table `migrations`
--

LOCK TABLES `migrations` WRITE;
/*!40000 ALTER TABLE `migrations` DISABLE KEYS */;
/*!40000 ALTER TABLE `migrations` ENABLE KEYS */;
UNLOCK TABLES;

--
-- Table structure for table `notification_roles`
--

DROP TABLE IF EXISTS `notification_roles`;
/*!40101 SET @saved_cs_client     = @@character_set_client */;
/*!50503 SET character_set_client = utf8mb4 */;
CREATE TABLE `notification_roles` (
  `id` int NOT NULL AUTO_INCREMENT,
  `send_notification_id` int DEFAULT NULL,
  `role_id` int DEFAULT NULL,
  `is_active` int DEFAULT '0',
  `created_at` timestamp NOT NULL DEFAULT CURRENT_TIMESTAMP,
  `updated_at` timestamp NOT NULL DEFAULT CURRENT_TIMESTAMP ON UPDATE CURRENT_TIMESTAMP,
  PRIMARY KEY (`id`),
  KEY `send_notification_id` (`send_notification_id`),
  KEY `role_id` (`role_id`),
  CONSTRAINT `notification_roles_ibfk_1` FOREIGN KEY (`send_notification_id`) REFERENCES `send_notification` (`id`) ON DELETE CASCADE,
  CONSTRAINT `notification_roles_ibfk_2` FOREIGN KEY (`role_id`) REFERENCES `roles` (`id`) ON DELETE CASCADE
) ENGINE=InnoDB DEFAULT CHARSET=utf8mb3;
/*!40101 SET character_set_client = @saved_cs_client */;

--
-- Dumping data for table `notification_roles`
--

LOCK TABLES `notification_roles` WRITE;
/*!40000 ALTER TABLE `notification_roles` DISABLE KEYS */;
/*!40000 ALTER TABLE `notification_roles` ENABLE KEYS */;
UNLOCK TABLES;

--
-- Table structure for table `notification_setting`
--

DROP TABLE IF EXISTS `notification_setting`;
/*!40101 SET @saved_cs_client     = @@character_set_client */;
/*!50503 SET character_set_client = utf8mb4 */;
CREATE TABLE `notification_setting` (
  `id` int NOT NULL AUTO_INCREMENT,
  `type` varchar(100) DEFAULT NULL,
  `is_mail` varchar(10) DEFAULT '0',
  `is_whatsapp` int DEFAULT '0',
  `is_sms` varchar(10) DEFAULT '0',
  `is_notification` int NOT NULL DEFAULT '0',
  `display_notification` int NOT NULL DEFAULT '0',
  `display_sms` int NOT NULL DEFAULT '1',
  `display_whatsapp` int NOT NULL DEFAULT '1',
  `is_student_recipient` int DEFAULT NULL,
  `is_guardian_recipient` int DEFAULT NULL,
  `is_staff_recipient` int DEFAULT NULL,
  `display_student_recipient` int DEFAULT NULL,
  `display_guardian_recipient` int DEFAULT NULL,
  `display_staff_recipient` int DEFAULT NULL,
  `subject` varchar(255) NOT NULL,
  `template_id` varchar(100) NOT NULL,
  `whatsapp_template_id` varchar(255) NOT NULL,
  `template` longtext NOT NULL,
  `variables` text NOT NULL,
  `notification_order` int DEFAULT NULL,
  `created_at` timestamp NOT NULL DEFAULT CURRENT_TIMESTAMP,
  `updated_at` timestamp NOT NULL DEFAULT CURRENT_TIMESTAMP ON UPDATE CURRENT_TIMESTAMP,
  PRIMARY KEY (`id`)
) ENGINE=InnoDB AUTO_INCREMENT=31 DEFAULT CHARSET=utf8mb3;
/*!40101 SET character_set_client = @saved_cs_client */;

--
-- Dumping data for table `notification_setting`
--

LOCK TABLES `notification_setting` WRITE;
/*!40000 ALTER TABLE `notification_setting` DISABLE KEYS */;
INSERT INTO `notification_setting` VALUES (1,'student_admission','1',0,'0',0,0,1,1,1,1,0,1,1,NULL,'Student Admission','','','Dear {{student_name}} your admission is confirm in Class: {{class}} Section:  {{section}} for Session: {{current_session_name}} for more \r\ndetail\r\n contact\r\n System\r\n Admin\r\n {{class}} {{section}} {{admission_no}} {{roll_no}} {{admission_date}} {{mobileno}} {{email}} {{dob}} {{guardian_name}} {{guardian_relation}} {{guardian_phone}} {{father_name}} {{father_phone}} {{blood_group}} {{mother_name}} {{gender}} {{guardian_email}}','{{student_name}} {{class}}  {{section}}  {{admission_no}}  {{roll_no}}  {{admission_date}}   {{mobileno}}  {{email}}  {{dob}}  {{guardian_name}}  {{guardian_relation}}  {{guardian_phone}}  {{father_name}}  {{father_phone}}  {{blood_group}}  {{mother_name}}  {{gender}} {{guardian_email}} {{current_session_name}} ',NULL,'2022-12-28 09:52:24','2025-02-13 10:21:49'),(2,'exam_result','1',0,'0',1,1,1,1,1,1,0,1,1,NULL,'Exam Result','','','Dear {{student_name}} - {{exam_roll_no}}, your {{exam}} result has been published.\r\nThanks','{{student_name}} {{exam_roll_no}} {{exam}} {{exam_marksheet_url}} ',NULL,'2022-12-28 09:52:24','2026-04-16 08:36:59'),(3,'fee_submission','1',0,'0',1,1,1,1,1,1,0,1,1,NULL,'Fee Submission','','','Dear parents, we have received Fees Amount {{fee_amount}} for  {{student_name}}  by Your School Name \r\n{{class}} {{section}} {{fine_type}} {{fine_percentage}} {{fine_amount}} {{fee_group_name}} {{type}} {{code}} {{email}} {{contact_no}} {{invoice_id}} {{sub_invoice_id}} {{due_date}} {{amount}} {{fee_amount}}','{{student_name}} {{class}} {{section}} {{fine_type}} {{fine_percentage}} {{fine_amount}} {{fee_group_name}} {{type}} {{code}} {{email}} {{contact_no}} {{invoice_id}} {{sub_invoice_id}} {{due_date}} {{amount}} {{fee_amount}} {{fee_receipt_url}}',NULL,'2022-12-28 09:52:24','2026-04-16 08:36:59'),(4,'student_absent_attendence','1',0,'0',1,1,1,1,1,1,0,1,1,NULL,'Absent Attendence','','','Absent Notice :{{student_name}}  was absent on date {{date}} in period {{subject_name}} {{subject_code}} {{subject_type}} from Your School Name','{{student_name}} {{mobileno}} {{email}} {{father_name}} {{father_phone}} {{father_occupation}} {{mother_name}} {{mother_phone}} {{guardian_name}} {{guardian_phone}} {{guardian_occupation}} {{guardian_email}} {{date}} {{current_session_name}} {{time_from}} {{time_to}} {{subject_name}} {{subject_code}} {{subject_type}}  ',NULL,'2022-12-28 09:52:24','2026-04-16 08:36:59'),(6,'homework','1',0,'0',1,1,1,1,1,1,0,1,1,NULL,'Homework','','','New Homework has been created for \r\n{{student_name}} at\r\n\r\n\r\n\r\n{{homework_date}} for the class {{class}} {{section}} {{subject}}. kindly submit your\r\n\r\n\r\n homework before {{submit_date}} .Thank you','{{homework_date}} {{submit_date}} {{class}} {{section}} {{subject}} {{student_name}} {{admission_no}} ',NULL,'2022-12-28 09:52:24','2026-04-16 08:36:59'),(7,'fees_reminder','1',0,'0',1,1,1,1,1,1,0,1,1,NULL,'Fees Reminder','','','Dear parents, please pay fee amount Rs.{{due_amount}} of {{fee_type}} before {{due_date}} for {{student_name}}  from smart school (ignore if you already paid)','{{fee_type}}{{fee_code}}{{due_date}}{{student_name}}{{school_name}}{{fee_amount}}{{due_amount}}{{deposit_amount}} ',NULL,'2022-12-28 09:52:24','2026-04-16 08:36:59'),(8,'forgot_password','1',0,'0',0,0,0,0,1,1,1,1,1,1,'Forgot Password','','','Dear  {{name}} , \r\n    Recently a request was submitted to reset password for your account. If you didn\'t make the request, just ignore this email. Otherwise you can reset your password using this link <a href=\'{{resetPassLink}}\'>Click here to reset your password</a>,\r\nif you\'re having trouble clicking the password reset button, copy and paste the URL below into your web browser. your username {{username}}\r\n{{resetPassLink}}\r\n Regards,\r\n {{school_name}}','{{school_name}}{{name}}{{username}}{{resetPassLink}} ',NULL,'2022-12-28 09:52:24','2026-04-13 11:46:35'),(9,'online_examination_publish_exam','1',0,'0',1,1,1,1,1,1,0,1,1,NULL,'Online Examination Publish Exam','','','A new exam {{exam_title}} has been created for  duration: {{time_duration}} min, which will be available from:  {{exam_from}} to  {{exam_to}}.','{{exam_title}} {{exam_from}} {{exam_to}} {{time_duration}} {{attempt}} {{passing_percentage}}',NULL,'2022-12-28 09:52:24','2026-04-16 08:36:59'),(10,'online_examination_publish_result','1',0,'0',1,1,1,1,1,1,0,1,1,NULL,'Online Examination Publish Result','','','Exam {{exam_title}} result has been declared which was conducted between  {{exam_from}} to   {{exam_to}}, for more details, please check your student portal.','{{exam_title}} {{exam_from}} {{exam_to}} {{time_duration}} {{attempt}} {{passing_percentage}}',NULL,'2022-12-28 09:52:24','2026-04-16 08:36:59'),(11,'online_admission_form_submission','1',0,'0',1,1,1,1,1,1,0,1,1,NULL,'Online Admission Form Submission','','','Dear {{firstname}}  {{lastname}} your online admission form is Submitted successfully  on date {{date}}. Your Reference number is {{reference_no}}. Please remember your reference number for further process.',' {{firstname}} {{lastname}} {{date}} {{reference_no}}',NULL,'2022-12-28 09:52:24','2026-04-16 08:36:59'),(12,'online_admission_fees_submission','1',0,'0',1,1,1,1,1,1,0,1,1,NULL,'Online Admission Fees Submission','','','Dear {{firstname}}  {{lastname}} your online admission form is Submitted successfully and the payment of {{paid_amount}} has recieved successfully on date {{date}}. Your Reference number is {{reference_no}}. Please remember your reference number for further process.',' {{firstname}} {{lastname}} {{date}} {{paid_amount}} {{reference_no}}',NULL,'2022-12-28 09:52:24','2026-04-16 08:36:59'),(13,'student_login_credential','1',0,'0',0,0,1,1,1,1,0,1,1,NULL,'Student Login Credential','','','Hello {{display_name}} your login details for Url: {{url}} Username: {{username}}  Password: {{password}} admission No: {{admission_no}}','{{url}} {{display_name}} {{username}} {{password}} {{admission_no}}',NULL,'2022-08-06 05:34:41','2025-02-26 06:30:11'),(14,'staff_login_credential','1',0,'0',0,0,1,1,0,0,1,NULL,NULL,1,'Staff Login Credential','','','Hello {{first_name}} {{last_name}} your login details for Url: {{url}} Username: {{username}}  Password: {{password}} Employee ID: {{employee_id}}','{{url}} {{first_name}} {{last_name}} {{username}} {{password}} {{employee_id}}',NULL,'2021-12-23 11:59:13','2025-02-26 06:30:14'),(15,'fee_processing','1',0,'0',1,1,1,1,1,1,0,1,1,NULL,'Fee processing','','','Dear parents, we have received Fees Amount {{fee_amount}} for  {{student_name}}  by Your School Name \r\n{{class}} {{section}} {{email}} {{contact_no}}\r\n\r\n{{student_name}} {{class}} {{section}} {{email}} {{contact_no}} transaction_id :{{transaction_id}} {{fee_amount}}','{{student_name}} {{class}} {{section}} {{email}} {{contact_no}} {{transaction_id}} {{fee_amount}}',NULL,'2021-12-22 10:15:42','2026-04-16 08:36:59'),(16,'online_admission_fees_processing','1',0,'0',1,1,1,1,1,1,0,1,1,NULL,'Online Admission Fees Processing','','','Dear {{firstname}}  {{lastname}} your online admission form is Submitted successfully and the payment of {{paid_amount}} has processing on date {{date}}. Your Reference number is {{reference_no}} and your transaction id {{transaction_id}}. Please remember your reference number for further process.',' {{firstname}} {{lastname}} {{date}} {{paid_amount}} {{reference_no}} {{transaction_id}}',NULL,'2022-08-06 11:09:47','2026-04-16 08:36:59'),(17,'student_apply_leave','1',0,'0',0,0,1,1,0,1,1,NULL,1,1,'Student Apply Leave ( {{student_name}} - {{admission_no}} )','','','My Name is {{student_name}} Class {{class}} section {{section}}. I have to apply leave on {{apply_date}}and from {{from_date}} to {{to_date}}. {{message}} please provide.','{{message}} {{apply_date}} {{from_date}} {{to_date}} {{student_name}} {{class}} {{section}}',NULL,'2022-03-12 11:58:37','2025-02-26 06:30:24'),(18,'email_pdf_exam_marksheet','1',0,'0',0,0,0,0,1,1,0,1,1,NULL,'Email PDF Exam Marksheet ( {{student_name}} - {{admission_no}} )','','','Dear {{student_name}} ({{admission_no}}) {{class}} Section {{section}}. We have mailed you the marksheet of Exam {{exam}} Roll no.{{roll_no}}','{{student_name}} {{class}}  {{section}}  {{admission_no}}  {{roll_no}} {{exam}} {{admit_card_roll_no}} ',NULL,'2022-03-12 12:24:42','2026-04-13 11:46:35'),(19,'homework_evaluation','1',0,'0',1,1,1,1,1,1,0,1,1,NULL,'Homework Evaluation','','','Homework Evaluation\r\nHomework Assign Date:  {{homework_date}}  \r\nLast Submit Date: {{submit_date}}\r\nStudent Name: {{student_name}} .\r\nAdmission No {{admission_no}}\r\n{{class}}\r\nsection: {{section}}\r\nsubject : {{subject}} \r\nMarks: {{marks}}/{{max_marks}}\r\nDate:{{evaluation_date}}\r\nThank you','{{homework_date}} {{submit_date}} {{class}} {{section}} {{subject}} {{student_name}} {{admission_no}} {{max_marks}} {{marks}} {{evaluation_date}}',120,'2025-01-15 08:00:34','2026-04-16 08:36:59'),(20,'student_present_attendence','1',0,'0',1,1,1,1,1,1,0,1,1,NULL,'Present Attendence','','','Present Notice :{{student_name}} {{admission_no}} was present on date {{date}} in in_time {{in_time}} period subject-{{subject_name}}, subject_code - {{subject_code}}, subject_type-{{subject_type}}, period_time_from-  {{period_time_from}}, period_time_to-  {{period_time_to}}, mobile no - {{mobileno}}, email -  {{email}}, father name -  {{father_name}}, father phone - {{father_phone}}, father occupation -  {{father_occupation}}, mother name -  {{mother_name}}, mother phone - {{mother_phone}}, guardian name -  {{guardian_name}}, guardian phone -  {{guardian_phone}}, guardian occupation - {{guardian_occupation}}, guardian email - {{guardian_email}}','{{student_name}} {{mobileno}} {{email}} {{father_name}} {{father_phone}} {{father_occupation}} {{mother_name}} {{mother_phone}} {{guardian_name}} {{guardian_phone}} {{guardian_occupation}} {{guardian_email}} {{date}} {{in_time}}  ({{admission_no}}) {{period_time_from}} {{period_time_to}} {{subject_name}} {{subject_code}} {{subject_type}}',15,'2025-01-13 05:55:46','2026-04-16 08:36:59'),(21,'staff_present_attendence','1',0,'0',1,1,1,1,0,0,1,NULL,NULL,1,'staff Present Attendence','','','Present Notice: Staff Name {{staff_name}} ({{employee_id}}) is Present on Date : {{date}} at Time : {{in_time}}\r\n<br>\r\nstaff contact no:{{contact_no}}\r\n<br>\r\nstaff mail id : {{email}}','{{date}} {{in_time}} {{staff_name}} {{employee_id}} {{contact_no}} {{email}}\n',190,'2025-02-07 11:43:28','2026-04-16 08:36:59'),(22,'staff_absent_attendence','1',0,'0',1,1,1,1,0,0,1,NULL,NULL,1,'staff Absent Attendence','','','Absent Notice: Staff Name {{staff_name}} ({{employee_id}}) is Absent on Date : {{date}} \r\n<br>\r\nstaff contact no:{{contact_no}}\r\n<br>\r\nstaff mail id : {{email}}','{{date}} {{staff_name}} {{employee_id}} {{contact_no}} {{email}}\n',200,'2025-02-07 11:43:28','2026-04-16 08:36:59'),(27,'online_course_publish','1',0,'1',0,1,1,1,1,NULL,NULL,1,1,NULL,'Online Course Publish','','','Dear student, a new online course {{title}} and price {{price}} with discount {{discount}}% for {{class}} {{section}} is {{paid_free}} now available and assign to {{assign_teacher}}.','{{title}} {{class}} {{section}} {{price}} {{discount}} {{paid_free}} {{assign_teacher}}\r\n ',NULL,'2022-11-15 06:09:13','2026-04-22 09:44:29'),(28,'online_course_purchase','1',0,'1',0,1,1,1,1,NULL,NULL,1,1,NULL,'Online Course Purchase','','','Thanks for purchasing course {{title}} amount {{price}} purchase date {{purchase_date}} class {{class}} section {{section}} and assign for {{assign_teacher}}  discount {{discount}}%','{{title}} {{class}} {{section}} {{price}} {{discount}}  \r\n{{purchase_date}}',NULL,'2022-11-19 10:09:29','2026-04-22 09:44:29'),(29,'online_course_purchase_for_guest_user','1',0,'1',0,0,1,0,1,NULL,NULL,1,NULL,NULL,'Online Course Purchase For Guest','','','Thanks for purchasing course {{title}} discount {{discount}} amount {{price}} purchase date {{purchase_date}}','{{title}} {{price}} {{discount}} {{purchase_date}}',NULL,'2022-07-15 05:53:52','2026-04-22 09:44:37'),(30,'online_course_guest_user_sign_up','1',0,'0',0,0,0,0,1,NULL,NULL,1,NULL,NULL,'Online Course Guest User Sign Up','','','Dear {{guest_user_name}} you have successfully sign up with Email: {{email}} Url {{url}}','{{guest_user_name}} {{email}} {{url}}',NULL,'2022-07-15 05:56:31','2026-04-22 09:44:37');
/*!40000 ALTER TABLE `notification_setting` ENABLE KEYS */;
UNLOCK TABLES;

--
-- Table structure for table `offline_fees_payments`
--

DROP TABLE IF EXISTS `offline_fees_payments`;
/*!40101 SET @saved_cs_client     = @@character_set_client */;
/*!50503 SET character_set_client = utf8mb4 */;
CREATE TABLE `offline_fees_payments` (
  `id` int NOT NULL AUTO_INCREMENT,
  `invoice_id` varchar(50) DEFAULT NULL,
  `student_session_id` int DEFAULT NULL,
  `student_fees_master_id` int DEFAULT NULL,
  `fee_groups_feetype_id` int DEFAULT NULL,
  `student_transport_fee_id` int DEFAULT NULL,
  `payment_date` date DEFAULT NULL,
  `bank_from` varchar(200) DEFAULT NULL,
  `bank_account_transferred` varchar(200) DEFAULT NULL,
  `reference` varchar(200) DEFAULT NULL,
  `amount` decimal(10,2) DEFAULT NULL,
  `submit_date` datetime DEFAULT NULL,
  `approve_date` datetime DEFAULT NULL,
  `attachment` text,
  `reply` text,
  `approved_by` int DEFAULT NULL,
  `is_active` varchar(1) DEFAULT '0',
  `created_at` timestamp NOT NULL DEFAULT CURRENT_TIMESTAMP,
  `updated_at` timestamp NOT NULL DEFAULT CURRENT_TIMESTAMP ON UPDATE CURRENT_TIMESTAMP,
  PRIMARY KEY (`id`),
  KEY `student_fees_master_id` (`student_fees_master_id`),
  KEY `fee_groups_feetype_id` (`fee_groups_feetype_id`),
  KEY `student_transport_fee_id` (`student_transport_fee_id`),
  KEY `offline_fees_payments_ibfk_4` (`approved_by`),
  KEY `student_session_id` (`student_session_id`),
  CONSTRAINT `offline_fees_payments_ibfk_1` FOREIGN KEY (`student_fees_master_id`) REFERENCES `student_fees_master` (`id`) ON DELETE CASCADE,
  CONSTRAINT `offline_fees_payments_ibfk_2` FOREIGN KEY (`fee_groups_feetype_id`) REFERENCES `fee_groups_feetype` (`id`) ON DELETE CASCADE,
  CONSTRAINT `offline_fees_payments_ibfk_3` FOREIGN KEY (`student_transport_fee_id`) REFERENCES `student_transport_fees` (`id`) ON DELETE CASCADE,
  CONSTRAINT `offline_fees_payments_ibfk_4` FOREIGN KEY (`approved_by`) REFERENCES `staff` (`id`) ON DELETE CASCADE,
  CONSTRAINT `offline_fees_payments_ibfk_5` FOREIGN KEY (`student_session_id`) REFERENCES `student_session` (`id`) ON DELETE CASCADE
) ENGINE=InnoDB AUTO_INCREMENT=2 DEFAULT CHARSET=utf8mb3;
/*!40101 SET character_set_client = @saved_cs_client */;

--
-- Dumping data for table `offline_fees_payments`
--

LOCK TABLES `offline_fees_payments` WRITE;
/*!40000 ALTER TABLE `offline_fees_payments` DISABLE KEYS */;
INSERT INTO `offline_fees_payments` VALUES (1,NULL,3,NULL,NULL,NULL,'2026-04-22','Offline','month','h',100.00,'2026-04-22 11:08:11',NULL,'1776845291-150556465369e881eb5e055!scaled_616b2ca2-46cf-4ae3-a681-86dc4b1fd2866997325435394592630.jpg',NULL,NULL,'0','2026-04-22 08:08:11','2026-04-22 08:08:11');
/*!40000 ALTER TABLE `offline_fees_payments` ENABLE KEYS */;
UNLOCK TABLES;

--
-- Table structure for table `online_admission_custom_field_value`
--

DROP TABLE IF EXISTS `online_admission_custom_field_value`;
/*!40101 SET @saved_cs_client     = @@character_set_client */;
/*!50503 SET character_set_client = utf8mb4 */;
CREATE TABLE `online_admission_custom_field_value` (
  `id` int NOT NULL AUTO_INCREMENT,
  `belong_table_id` int DEFAULT NULL,
  `custom_field_id` int DEFAULT NULL,
  `field_value` longtext NOT NULL,
  `created_at` timestamp NOT NULL DEFAULT CURRENT_TIMESTAMP,
  `updated_at` timestamp NOT NULL DEFAULT CURRENT_TIMESTAMP ON UPDATE CURRENT_TIMESTAMP,
  PRIMARY KEY (`id`),
  KEY `custom_field_id` (`custom_field_id`),
  KEY `idx_belong_table_id` (`belong_table_id`),
  KEY `idx_field_value` (`field_value`(200)),
  CONSTRAINT `online_admission_custom_field_value_ibfk_1` FOREIGN KEY (`custom_field_id`) REFERENCES `custom_fields` (`id`) ON DELETE CASCADE
) ENGINE=InnoDB DEFAULT CHARSET=utf8mb3;
/*!40101 SET character_set_client = @saved_cs_client */;

--
-- Dumping data for table `online_admission_custom_field_value`
--

LOCK TABLES `online_admission_custom_field_value` WRITE;
/*!40000 ALTER TABLE `online_admission_custom_field_value` DISABLE KEYS */;
/*!40000 ALTER TABLE `online_admission_custom_field_value` ENABLE KEYS */;
UNLOCK TABLES;

--
-- Table structure for table `online_admission_fields`
--

DROP TABLE IF EXISTS `online_admission_fields`;
/*!40101 SET @saved_cs_client     = @@character_set_client */;
/*!50503 SET character_set_client = utf8mb4 */;
CREATE TABLE `online_admission_fields` (
  `id` int NOT NULL AUTO_INCREMENT,
  `name` varchar(250) DEFAULT NULL,
  `status` int DEFAULT NULL,
  `created_at` timestamp NOT NULL DEFAULT CURRENT_TIMESTAMP,
  `updated_at` timestamp NOT NULL DEFAULT CURRENT_TIMESTAMP ON UPDATE CURRENT_TIMESTAMP,
  PRIMARY KEY (`id`)
) ENGINE=InnoDB AUTO_INCREMENT=43 DEFAULT CHARSET=utf8mb3;
/*!40101 SET character_set_client = @saved_cs_client */;

--
-- Dumping data for table `online_admission_fields`
--

LOCK TABLES `online_admission_fields` WRITE;
/*!40000 ALTER TABLE `online_admission_fields` DISABLE KEYS */;
INSERT INTO `online_admission_fields` VALUES (1,'middlename',0,'2021-05-28 10:29:23','2025-12-27 07:45:40'),(2,'lastname',1,'2021-06-02 04:49:19','2025-12-27 07:45:40'),(3,'category',0,'2021-06-02 04:48:35','2025-12-27 07:45:40'),(4,'religion',1,'2021-06-02 04:48:35','2026-04-16 10:21:33'),(5,'cast',0,'2021-06-02 04:48:35','2025-12-27 07:45:40'),(6,'mobile_no',1,'2021-06-02 04:50:24','2025-12-27 07:45:40'),(7,'admission_date',0,'2021-06-02 04:48:35','2025-12-27 07:45:40'),(8,'student_photo',1,'2021-06-02 04:48:35','2026-04-16 10:21:46'),(9,'is_student_house',1,'2021-05-29 13:22:53','2026-04-16 10:21:42'),(10,'is_blood_group',1,'2021-06-02 04:48:35','2026-04-16 10:21:40'),(11,'student_height',0,'2021-06-02 04:48:35','2025-12-27 07:45:40'),(12,'student_weight',0,'2021-06-02 04:48:35','2025-12-27 07:45:40'),(13,'father_name',1,'2021-06-02 04:48:35','2026-04-16 10:21:50'),(14,'father_phone',1,'2021-06-02 04:48:35','2026-04-16 10:21:52'),(15,'father_occupation',1,'2021-06-02 04:48:35','2026-04-16 10:21:54'),(16,'father_pic',0,'2021-06-02 04:48:35','2025-12-27 07:45:40'),(17,'mother_name',0,'2021-06-02 04:48:35','2025-12-27 07:45:40'),(18,'mother_phone',0,'2021-06-02 04:48:35','2025-12-27 07:45:40'),(19,'mother_occupation',0,'2021-06-02 04:48:35','2025-12-27 07:45:40'),(20,'mother_pic',0,'2021-06-02 04:48:35','2025-12-27 07:45:40'),(21,'guardian_name',1,'2021-06-02 04:50:54','2025-12-27 07:45:40'),(22,'guardian_phone',1,'2021-06-02 04:50:54','2025-12-27 07:45:40'),(23,'if_guardian_is',1,'2021-06-02 04:50:54','2025-12-27 07:45:40'),(24,'guardian_relation',1,'2021-06-02 04:50:54','2025-12-27 07:45:40'),(25,'guardian_email',1,'2021-06-02 04:51:35','2025-12-27 07:45:40'),(26,'guardian_occupation',1,'2021-06-02 04:51:26','2025-12-27 07:45:40'),(27,'guardian_address',1,'2021-06-02 04:51:31','2025-12-27 07:45:40'),(28,'bank_account_no',0,'2021-06-02 04:48:35','2025-12-27 07:45:40'),(29,'bank_name',0,'2021-06-02 04:48:35','2025-12-27 07:45:40'),(30,'ifsc_code',0,'2021-06-02 04:48:35','2025-12-27 07:45:40'),(31,'national_identification_no',0,'2021-06-02 04:48:35','2025-12-27 07:45:40'),(32,'local_identification_no',0,'2021-06-02 04:48:35','2025-12-27 07:45:40'),(33,'rte',0,'2021-06-02 04:48:35','2025-12-27 07:45:40'),(34,'previous_school_details',0,'2021-06-02 04:48:35','2025-12-27 07:45:40'),(35,'guardian_photo',1,'2021-06-02 04:51:29','2025-12-27 07:45:40'),(36,'student_note',0,'2021-06-02 04:55:08','2025-12-27 07:45:40'),(37,'measurement_date',0,'2021-06-02 04:48:35','2025-12-27 07:45:40'),(38,'student_email',1,'2021-06-02 04:49:38','2025-12-27 07:45:40'),(39,'current_address',0,'2021-06-02 04:48:35','2025-12-27 07:45:40'),(40,'permanent_address',0,'2021-06-02 04:48:35','2025-12-27 07:45:40'),(41,'upload_documents',1,'2022-09-20 08:00:32','2025-12-27 07:45:40'),(42,'Iqama Number',1,'2026-04-16 10:22:03','2026-04-16 10:22:03');
/*!40000 ALTER TABLE `online_admission_fields` ENABLE KEYS */;
UNLOCK TABLES;

--
-- Table structure for table `online_admission_payment`
--

DROP TABLE IF EXISTS `online_admission_payment`;
/*!40101 SET @saved_cs_client     = @@character_set_client */;
/*!50503 SET character_set_client = utf8mb4 */;
CREATE TABLE `online_admission_payment` (
  `id` int NOT NULL AUTO_INCREMENT,
  `online_admission_id` int NOT NULL,
  `paid_amount` decimal(10,2) NOT NULL,
  `payment_mode` varchar(50) NOT NULL,
  `payment_type` varchar(100) NOT NULL,
  `transaction_id` varchar(100) NOT NULL,
  `note` varchar(100) NOT NULL,
  `date` datetime NOT NULL,
  `processing_charge_type` varchar(255) DEFAULT NULL,
  `processing_charge_value` decimal(10,2) DEFAULT NULL,
  `created_at` timestamp NOT NULL DEFAULT CURRENT_TIMESTAMP,
  `updated_at` timestamp NOT NULL DEFAULT CURRENT_TIMESTAMP ON UPDATE CURRENT_TIMESTAMP,
  PRIMARY KEY (`id`),
  KEY `online_admission_id` (`online_admission_id`),
  CONSTRAINT `online_admission_payment_ibfk_1` FOREIGN KEY (`online_admission_id`) REFERENCES `online_admissions` (`id`) ON DELETE CASCADE
) ENGINE=InnoDB DEFAULT CHARSET=utf8mb3;
/*!40101 SET character_set_client = @saved_cs_client */;

--
-- Dumping data for table `online_admission_payment`
--

LOCK TABLES `online_admission_payment` WRITE;
/*!40000 ALTER TABLE `online_admission_payment` DISABLE KEYS */;
/*!40000 ALTER TABLE `online_admission_payment` ENABLE KEYS */;
UNLOCK TABLES;

--
-- Table structure for table `online_admissions`
--

DROP TABLE IF EXISTS `online_admissions`;
/*!40101 SET @saved_cs_client     = @@character_set_client */;
/*!50503 SET character_set_client = utf8mb4 */;
CREATE TABLE `online_admissions` (
  `id` int NOT NULL AUTO_INCREMENT,
  `admission_no` varchar(100) DEFAULT NULL,
  `roll_no` varchar(100) DEFAULT NULL,
  `reference_no` varchar(50) NOT NULL,
  `admission_date` date DEFAULT NULL,
  `firstname` varchar(100) DEFAULT NULL,
  `middlename` varchar(255) NOT NULL,
  `lastname` varchar(100) DEFAULT NULL,
  `rte` varchar(20) NOT NULL DEFAULT 'No',
  `image` text,
  `mobileno` varchar(100) DEFAULT NULL,
  `email` varchar(100) DEFAULT NULL,
  `state` varchar(100) DEFAULT NULL,
  `city` varchar(100) DEFAULT NULL,
  `pincode` varchar(100) DEFAULT NULL,
  `religion` varchar(100) DEFAULT NULL,
  `cast` varchar(50) NOT NULL,
  `dob` date DEFAULT NULL,
  `gender` varchar(100) DEFAULT NULL,
  `current_address` text,
  `permanent_address` text,
  `category_id` int DEFAULT NULL,
  `class_section_id` int DEFAULT NULL,
  `route_id` int NOT NULL,
  `school_house_id` int DEFAULT NULL,
  `blood_group` varchar(200) NOT NULL,
  `vehroute_id` int NOT NULL,
  `hostel_room_id` int DEFAULT NULL,
  `adhar_no` varchar(100) DEFAULT NULL,
  `samagra_id` varchar(100) DEFAULT NULL,
  `bank_account_no` varchar(100) DEFAULT NULL,
  `bank_name` varchar(100) DEFAULT NULL,
  `ifsc_code` varchar(100) DEFAULT NULL,
  `guardian_is` varchar(100) NOT NULL,
  `father_name` varchar(100) DEFAULT NULL,
  `father_phone` varchar(100) DEFAULT NULL,
  `father_occupation` varchar(100) DEFAULT NULL,
  `mother_name` varchar(100) DEFAULT NULL,
  `mother_phone` varchar(100) DEFAULT NULL,
  `mother_occupation` varchar(100) DEFAULT NULL,
  `guardian_name` varchar(100) DEFAULT NULL,
  `guardian_relation` varchar(100) DEFAULT NULL,
  `guardian_phone` varchar(100) DEFAULT NULL,
  `guardian_occupation` varchar(150) NOT NULL,
  `guardian_address` text,
  `guardian_email` varchar(100) NOT NULL,
  `father_pic` text NOT NULL,
  `mother_pic` text NOT NULL,
  `guardian_pic` text NOT NULL,
  `is_enroll` int DEFAULT '0',
  `previous_school` text,
  `height` varchar(100) NOT NULL,
  `weight` varchar(100) NOT NULL,
  `note` text NOT NULL,
  `form_status` int NOT NULL,
  `paid_status` int NOT NULL,
  `measurement_date` date DEFAULT NULL,
  `app_key` text,
  `document` text,
  `submit_date` date DEFAULT NULL,
  `disable_at` date DEFAULT NULL,
  `created_at` timestamp NOT NULL DEFAULT CURRENT_TIMESTAMP,
  `updated_at` timestamp NOT NULL DEFAULT CURRENT_TIMESTAMP ON UPDATE CURRENT_TIMESTAMP,
  PRIMARY KEY (`id`),
  KEY `class_section_id` (`class_section_id`),
  KEY `category_id` (`category_id`),
  KEY `hostel_room_id` (`hostel_room_id`),
  KEY `school_house_id` (`school_house_id`),
  KEY `idx_reference_no` (`reference_no`),
  KEY `idx_mobileno` (`mobileno`),
  CONSTRAINT `online_admissions_ibfk_1` FOREIGN KEY (`class_section_id`) REFERENCES `class_sections` (`id`) ON DELETE CASCADE,
  CONSTRAINT `online_admissions_ibfk_2` FOREIGN KEY (`category_id`) REFERENCES `categories` (`id`) ON DELETE CASCADE,
  CONSTRAINT `online_admissions_ibfk_3` FOREIGN KEY (`hostel_room_id`) REFERENCES `hostel_rooms` (`id`) ON DELETE CASCADE,
  CONSTRAINT `online_admissions_ibfk_4` FOREIGN KEY (`school_house_id`) REFERENCES `school_houses` (`id`) ON DELETE CASCADE
) ENGINE=InnoDB DEFAULT CHARSET=utf8mb3;
/*!40101 SET character_set_client = @saved_cs_client */;

--
-- Dumping data for table `online_admissions`
--

LOCK TABLES `online_admissions` WRITE;
/*!40000 ALTER TABLE `online_admissions` DISABLE KEYS */;
/*!40000 ALTER TABLE `online_admissions` ENABLE KEYS */;
UNLOCK TABLES;

--
-- Table structure for table `online_course_assignment`
--

DROP TABLE IF EXISTS `online_course_assignment`;
/*!40101 SET @saved_cs_client     = @@character_set_client */;
/*!50503 SET character_set_client = utf8mb4 */;
CREATE TABLE `online_course_assignment` (
  `id` int NOT NULL AUTO_INCREMENT,
  `course_section_id` int NOT NULL,
  `assignment_title` varchar(255) DEFAULT NULL,
  `assignment_date` date DEFAULT NULL,
  `submit_date` date DEFAULT NULL,
  `evaluation_date` date DEFAULT NULL,
  `marks` float(10,2) DEFAULT NULL,
  `description` text,
  `document` varchar(255) DEFAULT NULL,
  `created_by` int NOT NULL,
  `evaluated_by` int NOT NULL,
  `created_at` timestamp NOT NULL DEFAULT CURRENT_TIMESTAMP ON UPDATE CURRENT_TIMESTAMP,
  PRIMARY KEY (`id`)
) ENGINE=InnoDB AUTO_INCREMENT=6 DEFAULT CHARSET=utf8mb3;
/*!40101 SET character_set_client = @saved_cs_client */;

--
-- Dumping data for table `online_course_assignment`
--

LOCK TABLES `online_course_assignment` WRITE;
/*!40000 ALTER TABLE `online_course_assignment` DISABLE KEYS */;
INSERT INTO `online_course_assignment` VALUES (1,11,'English Assignment – Grade 2','2026-04-22','2026-04-30',NULL,50.00,'<p>\r\n\r\n<p>This assignment is designed for Grade 2 students to practice basic English skills including grammar, vocabulary, sentence formation, and identification of nouns. Students should read each question carefully and answer in simple and clear sentences.</p>\r\n\r\n\r\n<br></p>','1776932957-144245775869e9d85d4ea1f!english_grade2_assignment.pdf',1,0,'2026-04-23 00:00:00'),(2,7,'English Assignment – Grade 1','2026-04-21','2026-04-30',NULL,100.00,'<p>\r\n\r\n<p>This assignment is designed for Grade 1 students to practice basic English skills such as alphabet recognition, simple words, and sentence formation. Students should complete all questions neatly.</p>\r\n\r\n\r\n<br></p>','1776933147-26899476269e9d91b1701d!english_grade1_assignment.pdf',1,0,'2026-04-23 00:00:00'),(3,4,'Math Assignment – Grade 2','2026-04-21','2026-04-30',NULL,100.00,'<p>\r\n\r\n<p>This assignment is designed for Grade 2 students to practice basic math skills including addition, subtraction, multiplication, number sequencing, and simple word problems. Students should solve all questions carefully.</p>\r\n\r\n\r\n<br></p>','1776933362-90641750969e9d9f27b7bb!math_grade2_assignment.pdf',1,0,'2026-04-23 00:00:00'),(4,6,'Math Assignment','2026-04-23','2026-04-23',NULL,20.00,'<p>\r\n\r\n<p>This Grade 2 Math assignment evaluates students on addition, subtraction, multiplication, number order, and simple word problems. Students should carefully read and solve all questions.</p>\r\n\r\n\r\n<br></p>','1776933574-28710384069e9dac6526fc!math_grade2_assignment.pdf',1,0,'2026-04-23 00:00:00'),(5,2,'Math Assignment – Grade 1','2026-04-23','2026-04-23',NULL,NULL,'<p>\r\n\r\nThis assignment is designed for Grade 1 students to practice basic math skills such as counting, addition, subtraction, and number recognition. Students should complete all questions neatly.\r\n\r\n<br></p>','1776933774-186659368169e9db8e0c03d!math_grade1_assignment.pdf',1,0,'2026-04-23 00:00:00');
/*!40000 ALTER TABLE `online_course_assignment` ENABLE KEYS */;
UNLOCK TABLES;

--
-- Table structure for table `online_course_assignment_evaluation`
--

DROP TABLE IF EXISTS `online_course_assignment_evaluation`;
/*!40101 SET @saved_cs_client     = @@character_set_client */;
/*!50503 SET character_set_client = utf8mb4 */;
CREATE TABLE `online_course_assignment_evaluation` (
  `id` int NOT NULL AUTO_INCREMENT,
  `assignment_id` int NOT NULL,
  `student_id` int NOT NULL,
  `guest_id` int NOT NULL,
  `marks` float(10,2) DEFAULT NULL,
  `note` varchar(255) NOT NULL,
  `date` date NOT NULL COMMENT 'evaluation date',
  `created_at` timestamp NOT NULL DEFAULT CURRENT_TIMESTAMP,
  PRIMARY KEY (`id`),
  KEY `online_course_assignment_evaluation_ibfk_1` (`assignment_id`),
  CONSTRAINT `online_course_assignment_evaluation_ibfk_1` FOREIGN KEY (`assignment_id`) REFERENCES `online_course_assignment` (`id`) ON DELETE CASCADE
) ENGINE=InnoDB DEFAULT CHARSET=utf8mb3;
/*!40101 SET character_set_client = @saved_cs_client */;

--
-- Dumping data for table `online_course_assignment_evaluation`
--

LOCK TABLES `online_course_assignment_evaluation` WRITE;
/*!40000 ALTER TABLE `online_course_assignment_evaluation` DISABLE KEYS */;
/*!40000 ALTER TABLE `online_course_assignment_evaluation` ENABLE KEYS */;
UNLOCK TABLES;

--
-- Table structure for table `online_course_assignment_submit`
--

DROP TABLE IF EXISTS `online_course_assignment_submit`;
/*!40101 SET @saved_cs_client     = @@character_set_client */;
/*!50503 SET character_set_client = utf8mb4 */;
CREATE TABLE `online_course_assignment_submit` (
  `id` int NOT NULL AUTO_INCREMENT,
  `assignment_id` int NOT NULL,
  `student_id` int NOT NULL,
  `guest_id` int NOT NULL,
  `message` text,
  `docs` varchar(225) DEFAULT NULL,
  `created_at` timestamp NOT NULL DEFAULT CURRENT_TIMESTAMP,
  PRIMARY KEY (`id`),
  KEY `online_course_assignment_submit_ibfk_1` (`assignment_id`),
  CONSTRAINT `online_course_assignment_submit_ibfk_1` FOREIGN KEY (`assignment_id`) REFERENCES `online_course_assignment` (`id`) ON DELETE CASCADE
) ENGINE=InnoDB DEFAULT CHARSET=utf8mb3;
/*!40101 SET character_set_client = @saved_cs_client */;

--
-- Dumping data for table `online_course_assignment_submit`
--

LOCK TABLES `online_course_assignment_submit` WRITE;
/*!40000 ALTER TABLE `online_course_assignment_submit` DISABLE KEYS */;
/*!40000 ALTER TABLE `online_course_assignment_submit` ENABLE KEYS */;
UNLOCK TABLES;

--
-- Table structure for table `online_course_certificate_template`
--

DROP TABLE IF EXISTS `online_course_certificate_template`;
/*!40101 SET @saved_cs_client     = @@character_set_client */;
/*!50503 SET character_set_client = utf8mb4 */;
CREATE TABLE `online_course_certificate_template` (
  `id` int NOT NULL AUTO_INCREMENT,
  `certificate_name` text CHARACTER SET utf8mb3 COLLATE utf8mb3_general_ci,
  `certificate_text` text CHARACTER SET utf8mb3 COLLATE utf8mb3_general_ci,
  `certificate_template` text CHARACTER SET utf8mb3 COLLATE utf8mb3_general_ci,
  `background_image` text CHARACTER SET utf8mb3 COLLATE utf8mb3_general_ci,
  `fontsizeselectblock` int DEFAULT NULL,
  `fontsizeselectall` int DEFAULT NULL,
  `status` int NOT NULL DEFAULT '0',
  `create_at` datetime NOT NULL DEFAULT CURRENT_TIMESTAMP,
  PRIMARY KEY (`id`)
) ENGINE=InnoDB AUTO_INCREMENT=5 DEFAULT CHARSET=utf8mb3;
/*!40101 SET character_set_client = @saved_cs_client */;

--
-- Dumping data for table `online_course_certificate_template`
--

LOCK TABLES `online_course_certificate_template` WRITE;
/*!40000 ALTER TABLE `online_course_certificate_template` DISABLE KEYS */;
INSERT INTO `online_course_certificate_template` VALUES (1,'Sample Transfer Certificate 1','This is to certify that Mr./Ms. [student_name] has successfully completed the [course_name] under [assign_teacher].\nThe course ran from [start_date] to [completion_date] for Class [class_name], Section [section_name].\nIssued on [current_date].','\r\n                                                <img width=\"100%\" id=\"preview\" src=\"default_template.jpg\">\r\n                                                <div class=\"draggable course_name\" id=\"temp_course_name\" style=\"position: absolute; font-size: 20px; top: 433.844px; left: 136.844px;\">\r\n                                                    {course_name}</div>\r\n                                                <div class=\"draggable completion_date\" id=\"temp_completion_date\" style=\"position: absolute; font-size: 20px; top: 462.844px; left: 491.844px;\">\r\n                                                    {completion_date}</div>\r\n\r\n                                                <div class=\"draggable start_date\" id=\"temp_start_date\" style=\"position: absolute; font-size: 20px; top: 427.797px; left: 533.844px;\">\r\n                                                    {start_date}</div>\r\n\r\n                                                <div class=\"draggable current_date\" id=\"temp_current_date\" style=\"position: absolute; font-size: 20px; top: 108.797px; left: 597.844px;\">\r\n                                                    {current_date}</div>\r\n\r\n                                                <div class=\"draggable assign_teacher\" id=\"temp_assign_teacher\" style=\"position: absolute; font-size: 20px; top: 468.797px; left: 135.797px;\">\r\n                                                    {assign_teacher}</div>\r\n\r\n                                                <div class=\"draggable class_name hidden-position\" id=\"temp_class_name\" style=\"position: absolute; font-size: 20px; top: 303.797px; left: 803.797px;\">\r\n                                                    {class_name}</div>\r\n\r\n                                                <div class=\"draggable section_name hidden-position\" id=\"temp_section_name\" style=\"position: absolute; font-size: 20px; top: 342.875px; left: 801.844px;\">\r\n                                                    {section_name}</div>\r\n\r\n                                                <div class=\"draggable student_name hidden-position\" id=\"temp_student_name\" style=\"position: absolute; font-size: 20px; top: 267.922px; left: 795.891px;\">\r\n                                                    {student_name}</div>\r\n\r\n                                                <div class=\"draggable certificate_text\" id=\"temp_certificate_text\" style=\"position: absolute; width: 500px; text-align: center; font-size: 20px; top: 163.938px; font-family: &quot;Pinyon Script&quot;; left: 122.891px;\">This is to certify that Mr./Ms. [student_name] has successfully completed the [course_name] under [assign_teacher].\r\nThe course ran from [start_date] to [completion_date] for Class [class_name], Section [section_name].\r\nIssued on [current_date].</div>\r\n\r\n                                                <div class=\"draggable qrCode\" id=\"qrCode\" style=\"position: absolute; height: 65px; text-align: center; font-size: 20px; top: 88.875px; left: 36.9219px;\">\r\n                                                    <p style=\"text-align: center; padding: 4px 0px;\">{qr_code}</p>\r\n                                                </div>\r\n                                            ','default_template.jpg',20,20,0,'2025-11-24 09:00:42'),(2,'Sample Transfer Certificate 2','This is to certify that Mr./Ms. [student_name] has successfully completed the [course_name] under [assign_teacher].\r\nThe course ran from [start_date] to [completion_date] for Class [class_name], Section [section_name].\r\nIssued on [current_date].','\r\n                                                <img width=\"100%\" id=\"preview\" src=\"default_template01.jpg\">\r\n                                                <div class=\"draggable course_name hidden-position\" id=\"temp_course_name\" style=\"position: absolute; font-size: 20px; top: 411.844px; left: 797.844px;\">\r\n                                                    {course_name}</div>\r\n                                                <div class=\"draggable completion_date\" id=\"temp_completion_date\" style=\"position: absolute; font-size: 20px; top: 462.844px; left: 539.844px;\">\r\n                                                    {completion_date}</div>\r\n\r\n                                                <div class=\"draggable start_date\" id=\"temp_start_date\" style=\"position: absolute; font-size: 20px; top: 427.797px; left: 586.844px;\">\r\n                                                    {start_date}</div>\r\n\r\n                                                <div class=\"draggable current_date\" id=\"temp_current_date\" style=\"position: absolute; font-size: 20px; top: 495.797px; left: 568.844px;\">\r\n                                                    {current_date}</div>\r\n\r\n                                                <div class=\"draggable assign_teacher hidden-position\" id=\"temp_assign_teacher\" style=\"position: absolute; font-size: 20px; top: 370.797px; left: 792.797px;\">\r\n                                                    {assign_teacher}</div>\r\n\r\n                                                <div class=\"draggable class_name hidden-position\" id=\"temp_class_name\" style=\"position: absolute; font-size: 20px; top: 299.797px; left: 799.797px;\">\r\n                                                    {class_name}</div>\r\n\r\n                                                <div class=\"draggable section_name hidden-position\" id=\"temp_section_name\" style=\"position: absolute; font-size: 20px; top: 336.875px; left: 793.844px;\">\r\n                                                    {section_name}</div>\r\n\r\n                                                <div class=\"draggable student_name hidden-position\" id=\"temp_student_name\" style=\"position: absolute; font-size: 20px; top: 263.922px; left: 794.891px;\">\r\n                                                    {student_name}</div>\r\n\r\n                                                <div class=\"draggable certificate_text\" id=\"temp_certificate_text\" style=\"position: absolute; width: 500px; text-align: center; font-size: 20px; top: 139.938px; font-family: &quot;Pinyon Script&quot;; left: 187.891px;\">This is to certify that Mr./Ms. [student_name] has successfully completed the [course_name] under [assign_teacher].\r\nThe course ran from [start_date] to [completion_date] for Class [class_name], Section [section_name].\r\nIssued on [current_date].</div>\r\n\r\n                                                <div class=\"draggable qrCode\" id=\"qrCode\" style=\"position: absolute; height: 65px; text-align: center; font-size: 20px; top: 431.875px; left: 189.922px;\">\r\n                                                    <p style=\"text-align: center; padding: 4px 0px;\">{qr_code}</p>\r\n                                                </div>\r\n                                            ','default_template01.jpg',20,20,0,'2025-11-24 09:00:42'),(3,'Sample Transfer Certificate 3','This is to certify that Mr./Ms. [student_name] has successfully completed the [course_name] under [assign_teacher].\r\nThe course ran from [start_date] to [completion_date] for Class [class_name], Section [section_name].\r\nIssued on [current_date].','\r\n                                                <img width=\"100%\" id=\"preview\" src=\"default_template02.jpg\">\r\n                                                <div class=\"draggable course_name hidden-position\" id=\"temp_course_name\" style=\"position: absolute; font-size: 16px; top: 648.844px; left: 129.844px;\">\r\n                                                    {course_name}</div>\r\n                                                <div class=\"draggable completion_date hidden-position\" id=\"temp_completion_date\" style=\"position: absolute; font-size: 16px; top: 684.844px; left: 485.844px;\">\r\n                                                    {completion_date}</div>\r\n\r\n                                                <div class=\"draggable start_date hidden-position\" id=\"temp_start_date\" style=\"position: absolute; font-size: 16px; top: 650.797px; left: 533.844px;\">\r\n                                                    {start_date}</div>\r\n\r\n                                                <div class=\"draggable current_date\" id=\"temp_current_date\" style=\"position: absolute; font-size: 16px; top: 303.797px; left: 598.844px;\">\r\n                                                    {current_date}</div>\r\n\r\n                                                <div class=\"draggable assign_teacher hidden-position\" id=\"temp_assign_teacher\" style=\"position: absolute; font-size: 16px; top: 681.797px; left: 130.797px;\">\r\n                                                    {assign_teacher}</div>\r\n\r\n                                                <div class=\"draggable class_name hidden-position\" id=\"temp_class_name\" style=\"position: absolute; font-size: 16px; top: 683.797px; left: 318.797px;\">\r\n                                                    {class_name}</div>\r\n\r\n                                                <div class=\"draggable section_name hidden-position\" id=\"temp_section_name\" style=\"position: absolute; font-size: 16px; top: 715.875px; left: 315.844px;\">\r\n                                                    {section_name}</div>\r\n\r\n                                                <div class=\"draggable student_name hidden-position\" id=\"temp_student_name\" style=\"position: absolute; font-size: 16px; top: 647.922px; left: 308.891px;\">\r\n                                                    {student_name}</div>\r\n\r\n                                                <div class=\"draggable certificate_text\" id=\"temp_certificate_text\" style=\"position: absolute; width: 500px; text-align: center; font-size: 28px; top: 358.938px; font-family: &quot;Pinyon Script&quot;; left: 130.891px;\">This is to certify that Mr./Ms. [student_name] has successfully completed the [course_name] under [assign_teacher].\r\nThe course ran from [start_date] to [completion_date] for Class [class_name], Section [section_name].\r\nIssued on [current_date].</div>\r\n\r\n                                                <div class=\"draggable qrCode\" id=\"qrCode\" style=\"position: absolute; height: 65px; text-align: center; font-size: 20px; top: 273.875px; left: 53.9219px;\">\r\n                                                    <p style=\"text-align: center; padding: 4px 0px;\">{qr_code}</p>\r\n                                                </div>\r\n                                            ','default_template02.jpg',0,0,0,'2025-11-24 09:00:42'),(4,'Sample Transfer Certificate 4','This is to certify that Mr./Ms. [student_name] has successfully completed the [course_name] under [assign_teacher].\r\nThe course ran from [start_date] to [completion_date] for Class [class_name], Section [section_name].\r\nIssued on [current_date].','\r\n                                                <img width=\"100%\" id=\"preview\" src=\"default_template03.jpg\">\r\n                                                <div class=\"draggable course_name hidden-position\" id=\"temp_course_name\" style=\"position: absolute; font-size: 16px; top: 621.844px; left: 130.844px;\">\r\n                                                    {course_name}</div>\r\n                                                <div class=\"draggable completion_date hidden-position\" id=\"temp_completion_date\" style=\"position: absolute; font-size: 16px; top: 614.844px; left: 487.844px;\">\r\n                                                    {completion_date}</div>\r\n\r\n                                                <div class=\"draggable start_date hidden-position\" id=\"temp_start_date\" style=\"position: absolute; font-size: 16px; top: 579.797px; left: 533.844px;\">\r\n                                                    {start_date}</div>\r\n\r\n                                                <div class=\"draggable current_date\" id=\"temp_current_date\" style=\"position: absolute; font-size: 16px; top: 235.797px; left: 592.844px;\">\r\n                                                    {current_date}</div>\r\n\r\n                                                <div class=\"draggable assign_teacher hidden-position\" id=\"temp_assign_teacher\" style=\"position: absolute; font-size: 16px; top: 663.797px; left: 130.797px;\">\r\n                                                    {assign_teacher}</div>\r\n\r\n                                                <div class=\"draggable class_name hidden-position\" id=\"temp_class_name\" style=\"position: absolute; font-size: 16px; top: 578.797px; left: 265.797px;\">\r\n                                                    {class_name}</div>\r\n\r\n                                                <div class=\"draggable section_name hidden-position\" id=\"temp_section_name\" style=\"position: absolute; font-size: 16px; top: 578.875px; left: 379.844px;\">\r\n                                                    {section_name}</div>\r\n\r\n                                                <div class=\"draggable student_name hidden-position\" id=\"temp_student_name\" style=\"position: absolute; font-size: 16px; top: 579.922px; left: 130.891px;\">\r\n                                                    {student_name}</div>\r\n\r\n                                                <div class=\"draggable certificate_text\" id=\"temp_certificate_text\" style=\"position: absolute; width: 500px; text-align: center; font-size: 28px; top: 279.938px; font-family: &quot;Pinyon Script&quot;; left: 130.891px;\">This is to certify that Mr./Ms. [student_name] has successfully completed the [course_name] under [assign_teacher].\r\nThe course ran from [start_date] to [completion_date] for Class [class_name], Section [section_name].\r\nIssued on [current_date].</div>\r\n\r\n                                                <div class=\"draggable qrCode\" id=\"qrCode\" style=\"position: absolute; height: 65px; text-align: center; font-size: 20px; top: 200.875px; left: 339.922px;\">\r\n                                                    <p style=\"text-align: center; padding: 4px 0px;\">{qr_code}</p>\r\n                                                </div>\r\n                                            ','default_template03.jpg',0,0,0,'2025-11-24 09:00:42');
/*!40000 ALTER TABLE `online_course_certificate_template` ENABLE KEYS */;
UNLOCK TABLES;

--
-- Table structure for table `online_course_class_sections`
--

DROP TABLE IF EXISTS `online_course_class_sections`;
/*!40101 SET @saved_cs_client     = @@character_set_client */;
/*!50503 SET character_set_client = utf8mb4 */;
CREATE TABLE `online_course_class_sections` (
  `id` int NOT NULL AUTO_INCREMENT,
  `course_id` int DEFAULT NULL,
  `class_section_id` int DEFAULT NULL,
  `created_date` datetime DEFAULT CURRENT_TIMESTAMP,
  PRIMARY KEY (`id`),
  KEY `course_id` (`course_id`),
  KEY `class_section_id` (`class_section_id`),
  CONSTRAINT `online_course_class_sections_ibfk_1` FOREIGN KEY (`course_id`) REFERENCES `online_courses` (`id`),
  CONSTRAINT `online_course_class_sections_ibfk_2` FOREIGN KEY (`class_section_id`) REFERENCES `class_sections` (`id`)
) ENGINE=InnoDB AUTO_INCREMENT=16 DEFAULT CHARSET=utf8mb3;
/*!40101 SET character_set_client = @saved_cs_client */;

--
-- Dumping data for table `online_course_class_sections`
--

LOCK TABLES `online_course_class_sections` WRITE;
/*!40000 ALTER TABLE `online_course_class_sections` DISABLE KEYS */;
INSERT INTO `online_course_class_sections` VALUES (1,1,1,'2026-04-22 05:04:01'),(2,1,2,'2026-04-22 05:04:01'),(3,1,3,'2026-04-22 05:04:01'),(4,2,4,'2026-04-23 09:24:51'),(5,2,5,'2026-04-23 09:24:51'),(6,2,6,'2026-04-23 09:24:51'),(7,3,1,'2026-04-23 09:49:15'),(8,3,2,'2026-04-23 09:49:15'),(9,3,3,'2026-04-23 09:49:15'),(10,4,4,'2026-04-23 10:03:42'),(11,4,5,'2026-04-23 10:03:42'),(12,4,6,'2026-04-23 10:03:42'),(13,5,1,'2026-04-23 10:27:54'),(14,5,2,'2026-04-23 10:27:54'),(15,5,3,'2026-04-23 10:27:54');
/*!40000 ALTER TABLE `online_course_class_sections` ENABLE KEYS */;
UNLOCK TABLES;

--
-- Table structure for table `online_course_exam`
--

DROP TABLE IF EXISTS `online_course_exam`;
/*!40101 SET @saved_cs_client     = @@character_set_client */;
/*!50503 SET character_set_client = utf8mb4 */;
CREATE TABLE `online_course_exam` (
  `id` int NOT NULL AUTO_INCREMENT,
  `course_id` int DEFAULT NULL,
  `course_section_id` int DEFAULT NULL,
  `exam` text,
  `attempt` int NOT NULL,
  `exam_from` datetime DEFAULT NULL,
  `exam_to` datetime DEFAULT NULL,
  `is_quiz` int NOT NULL DEFAULT '0',
  `auto_publish_date` datetime DEFAULT NULL,
  `time_from` time DEFAULT NULL,
  `time_to` time DEFAULT NULL,
  `duration` time NOT NULL,
  `passing_percentage` float NOT NULL DEFAULT '0',
  `description` text,
  `publish_result` int NOT NULL DEFAULT '0',
  `answer_word_count` int NOT NULL DEFAULT '-1',
  `is_active` varchar(1) DEFAULT '0',
  `is_marks_display` int NOT NULL DEFAULT '0',
  `is_neg_marking` int NOT NULL DEFAULT '0',
  `is_random_question` int NOT NULL DEFAULT '0',
  `is_rank_generated` int NOT NULL DEFAULT '0',
  `publish_exam_notification` int NOT NULL,
  `publish_result_notification` int NOT NULL,
  `created_at` timestamp NOT NULL DEFAULT CURRENT_TIMESTAMP ON UPDATE CURRENT_TIMESTAMP,
  `updated_at` date DEFAULT NULL,
  PRIMARY KEY (`id`),
  KEY `online_course_exam_ibfk_1` (`course_id`),
  CONSTRAINT `online_course_exam_ibfk_1` FOREIGN KEY (`course_id`) REFERENCES `online_courses` (`id`) ON DELETE CASCADE
) ENGINE=InnoDB AUTO_INCREMENT=9 DEFAULT CHARSET=utf8mb3;
/*!40101 SET character_set_client = @saved_cs_client */;

--
-- Dumping data for table `online_course_exam`
--

LOCK TABLES `online_course_exam` WRITE;
/*!40000 ALTER TABLE `online_course_exam` DISABLE KEYS */;
INSERT INTO `online_course_exam` VALUES (1,5,14,'Arabic Basics Exam',8,'2026-04-22 13:21:00','2026-04-30 13:21:00',1,NULL,NULL,NULL,'00:15:00',40,'<p>\r\n\r\nThis Arabic Basics Quiz is designed for beginner-level students to assess their understanding of simple Arabic vocabulary, letter recognition, and basic sentence use. Students will receive their results immediately after submission. The quiz contains only objective questions and is suitable for Grade 1 learners.\r\n\r\n<br></p>',0,-1,'1',1,0,1,0,0,0,'2026-04-23 08:22:05',NULL),(2,5,15,'Arabic Baiscs Quiz 2',8,'2026-04-22 13:21:00','2026-04-30 13:21:00',1,NULL,NULL,NULL,'00:15:00',40,'<p>\r\n\r\nThis Arabic Basics Quiz 2 is designed for beginner-level students to assess their understanding of simple Arabic vocabulary, letter recognition, and basic sentence use. Students will receive their results immediately after submission. The quiz contains only objective questions and is suitable for Grade 1 learners.\r\n\r\n<br></p>',0,-1,'1',1,0,1,0,0,0,'2026-04-23 08:24:18',NULL),(3,4,10,'English Learning Quiz – Grade 2',8,'2026-04-22 13:21:00','2026-04-30 13:21:00',0,NULL,NULL,NULL,'00:16:00',30,'<p>\r\n\r\nThis English Grade 2 Quiz is designed to assess students’ understanding of basic grammar, vocabulary, sentence formation, and comprehension skills. The quiz includes multiple-choice and true/false questions suitable for beginner to intermediate learners. Students will receive their results immediately after submission.\r\n\r\n<br></p>',1,-1,'1',1,0,1,0,0,0,'2026-04-23 08:27:03',NULL),(4,4,12,'English Learning Quiz – Grade 2',8,'2026-04-22 13:21:00','2026-04-30 13:21:00',1,NULL,NULL,NULL,'00:15:00',30,'<p>\r\n\r\nThis English Grade 2 Quiz is designed to assess students’ understanding of basic grammar, vocabulary, sentence formation, and comprehension skills. The quiz includes multiple-choice and true/false questions suitable for beginner to intermediate learners. Students will receive their results immediately after submission.\r\n\r\n<br></p>',0,-1,'1',1,0,1,0,0,0,'2026-04-23 08:30:08',NULL),(5,3,9,'English Learning Quiz – Grade 1',8,'2026-04-22 13:32:00','2026-04-30 13:32:00',1,NULL,NULL,NULL,'00:09:00',30,'<p>\r\n\r\nThis English Grade 1 Quiz is designed to assess students’ understanding of basic grammar, vocabulary, sentence formation, and comprehension skills. The quiz includes multiple-choice and true/false questions suitable for beginner to intermediate learners. Students will receive their results immediately after submission.\r\n\r\n<br></p>',0,-1,'1',1,0,1,0,0,0,'2026-04-23 08:33:30',NULL),(6,2,5,'Math Exam – Grade 2',8,'2026-04-20 13:32:00','2026-04-30 13:32:00',1,NULL,NULL,NULL,'00:10:00',30,'<p>\r\n\r\n<p>This Grade 2 Math Exam evaluates students on addition, subtraction, multiplication, number order, and simple word problems. Students should carefully read and solve all questions.</p>\r\n\r\n\r\n<br></p>',0,-1,'1',1,0,1,0,0,0,'2026-04-23 08:37:27',NULL),(7,1,1,'Math Exam – Grade 1',8,'2026-04-20 13:32:00','2026-04-30 13:32:00',0,NULL,NULL,NULL,'00:10:00',30,'<p>\r\n\r\nThis Grade 1 Math Exam is designed to assess basic counting, addition, subtraction, and number recognition skills. Students should answer all questions carefully and neatly.\r\n\r\n<br></p>',1,-1,'1',1,0,1,0,0,0,'2026-04-23 08:41:26',NULL),(8,1,3,'Math Exam – Grade 1',8,'2026-04-20 13:32:00','2026-04-30 13:32:00',1,NULL,NULL,NULL,'00:09:00',30,'<p>\r\n\r\nThis Grade 1 Math Exam is designed to assess basic counting, addition, subtraction, and number recognition skills. Students should answer all questions carefully and neatly.\r\n\r\n<br></p>',0,-1,'1',1,0,1,0,0,0,'2026-04-23 08:43:46',NULL);
/*!40000 ALTER TABLE `online_course_exam` ENABLE KEYS */;
UNLOCK TABLES;

--
-- Table structure for table `online_course_exam_attempts`
--

DROP TABLE IF EXISTS `online_course_exam_attempts`;
/*!40101 SET @saved_cs_client     = @@character_set_client */;
/*!50503 SET character_set_client = utf8mb4 */;
CREATE TABLE `online_course_exam_attempts` (
  `id` int NOT NULL AUTO_INCREMENT,
  `student_id` int NOT NULL,
  `guest_id` int NOT NULL,
  `exam_id` int NOT NULL,
  `created_at` timestamp NOT NULL DEFAULT CURRENT_TIMESTAMP,
  `updated_at` date DEFAULT NULL,
  PRIMARY KEY (`id`),
  KEY `online_course_exam_attempts_ibfk_1` (`exam_id`),
  CONSTRAINT `online_course_exam_attempts_ibfk_1` FOREIGN KEY (`exam_id`) REFERENCES `online_course_exam` (`id`) ON DELETE CASCADE
) ENGINE=InnoDB DEFAULT CHARSET=utf8mb3;
/*!40101 SET character_set_client = @saved_cs_client */;

--
-- Dumping data for table `online_course_exam_attempts`
--

LOCK TABLES `online_course_exam_attempts` WRITE;
/*!40000 ALTER TABLE `online_course_exam_attempts` DISABLE KEYS */;
/*!40000 ALTER TABLE `online_course_exam_attempts` ENABLE KEYS */;
UNLOCK TABLES;

--
-- Table structure for table `online_course_exam_marks`
--

DROP TABLE IF EXISTS `online_course_exam_marks`;
/*!40101 SET @saved_cs_client     = @@character_set_client */;
/*!50503 SET character_set_client = utf8mb4 */;
CREATE TABLE `online_course_exam_marks` (
  `id` int NOT NULL AUTO_INCREMENT,
  `question_id` int DEFAULT NULL,
  `online_course_exam_id` int DEFAULT NULL,
  `marks` float(10,2) NOT NULL DEFAULT '0.00',
  `neg_marks` float(10,2) NOT NULL DEFAULT '0.00',
  `is_active` varchar(1) DEFAULT '0',
  `created_at` timestamp NOT NULL DEFAULT CURRENT_TIMESTAMP,
  `updated_at` date DEFAULT NULL,
  PRIMARY KEY (`id`),
  KEY `online_course_exam_marks_ibfk_1` (`online_course_exam_id`),
  CONSTRAINT `online_course_exam_marks_ibfk_1` FOREIGN KEY (`online_course_exam_id`) REFERENCES `online_course_exam` (`id`) ON DELETE CASCADE
) ENGINE=InnoDB AUTO_INCREMENT=107 DEFAULT CHARSET=utf8mb3;
/*!40101 SET character_set_client = @saved_cs_client */;

--
-- Dumping data for table `online_course_exam_marks`
--

LOCK TABLES `online_course_exam_marks` WRITE;
/*!40000 ALTER TABLE `online_course_exam_marks` DISABLE KEYS */;
INSERT INTO `online_course_exam_marks` VALUES (1,51,1,1.00,0.25,'0','2026-04-23 08:22:29',NULL),(2,52,1,1.00,0.25,'0','2026-04-23 08:22:30',NULL),(3,53,1,1.00,0.25,'0','2026-04-23 08:22:32',NULL),(4,54,1,1.00,0.25,'0','2026-04-23 08:22:33',NULL),(5,55,1,1.00,0.25,'0','2026-04-23 08:22:34',NULL),(6,56,1,1.00,0.25,'0','2026-04-23 08:22:35',NULL),(7,58,1,1.00,0.25,'0','2026-04-23 08:22:38',NULL),(8,57,1,1.00,0.25,'0','2026-04-23 08:22:39',NULL),(9,139,1,1.00,0.25,'0','2026-04-23 08:22:41',NULL),(10,59,1,1.00,0.25,'0','2026-04-23 08:22:42',NULL),(11,141,1,1.00,0.25,'0','2026-04-23 08:22:44',NULL),(12,140,1,1.00,0.25,'0','2026-04-23 08:22:45',NULL),(13,142,1,1.00,0.25,'0','2026-04-23 08:22:47',NULL),(14,143,1,1.00,0.25,'0','2026-04-23 08:22:48',NULL),(15,148,1,1.00,0.25,'0','2026-04-23 08:22:49',NULL),(16,144,1,1.00,0.25,'0','2026-04-23 08:22:51',NULL),(17,147,1,1.00,0.25,'0','2026-04-23 08:22:52',NULL),(18,51,2,1.00,0.25,'0','2026-04-23 08:24:30',NULL),(19,52,2,1.00,0.25,'0','2026-04-23 08:24:32',NULL),(20,53,2,1.00,0.25,'0','2026-04-23 08:24:32',NULL),(21,54,2,1.00,0.25,'0','2026-04-23 08:24:33',NULL),(22,55,2,1.00,0.25,'0','2026-04-23 08:24:34',NULL),(23,56,2,1.00,0.25,'0','2026-04-23 08:24:35',NULL),(24,57,2,1.00,0.25,'0','2026-04-23 08:24:37',NULL),(25,58,2,1.00,0.25,'0','2026-04-23 08:24:38',NULL),(26,59,2,1.00,0.25,'0','2026-04-23 08:24:40',NULL),(27,140,2,1.00,0.25,'0','2026-04-23 08:24:43',NULL),(28,141,2,1.00,0.25,'0','2026-04-23 08:24:44',NULL),(29,142,2,1.00,0.25,'0','2026-04-23 08:24:45',NULL),(30,143,2,1.00,0.25,'0','2026-04-23 08:24:46',NULL),(31,139,2,1.00,0.25,'0','2026-04-23 08:24:48',NULL),(32,144,2,1.00,0.25,'0','2026-04-23 08:24:50',NULL),(33,147,2,1.00,0.25,'0','2026-04-23 08:24:51',NULL),(34,148,2,1.00,0.25,'0','2026-04-23 08:24:52',NULL),(35,107,3,1.00,0.25,'0','2026-04-23 08:27:14',NULL),(36,108,3,1.00,0.25,'0','2026-04-23 08:27:15',NULL),(37,110,3,1.00,0.25,'0','2026-04-23 08:27:16',NULL),(38,111,3,1.00,0.25,'0','2026-04-23 08:27:17',NULL),(39,134,3,1.00,0.25,'0','2026-04-23 08:27:18',NULL),(40,135,3,1.00,0.25,'0','2026-04-23 08:27:19',NULL),(41,138,3,1.00,0.25,'0','2026-04-23 08:27:21',NULL),(42,145,3,1.00,0.25,'0','2026-04-23 08:27:22',NULL),(43,146,3,1.00,0.25,'0','2026-04-23 08:27:25',NULL),(44,109,4,1.00,0.25,'0','2026-04-23 08:30:24',NULL),(45,136,4,1.00,0.25,'0','2026-04-23 08:30:25',NULL),(46,137,4,1.00,0.25,'0','2026-04-23 08:30:26',NULL),(47,107,4,1.00,0.25,'0','2026-04-23 08:30:32',NULL),(48,108,4,1.00,0.25,'0','2026-04-23 08:30:33',NULL),(49,110,4,1.00,0.25,'0','2026-04-23 08:30:34',NULL),(50,134,4,1.00,0.25,'0','2026-04-23 08:30:35',NULL),(51,135,4,1.00,0.25,'0','2026-04-23 08:30:36',NULL),(52,145,4,1.00,0.25,'0','2026-04-23 08:30:37',NULL),(53,107,5,1.00,0.25,'0','2026-04-23 08:33:42',NULL),(54,108,5,1.00,0.25,'0','2026-04-23 08:33:43',NULL),(55,110,5,1.00,0.25,'0','2026-04-23 08:33:45',NULL),(56,134,5,1.00,0.25,'0','2026-04-23 08:33:46',NULL),(57,135,5,1.00,0.25,'0','2026-04-23 08:33:47',NULL),(58,145,5,1.00,0.25,'0','2026-04-23 08:33:48',NULL),(59,146,5,1.00,0.25,'0','2026-04-23 08:33:50',NULL),(60,109,5,1.00,0.25,'0','2026-04-23 08:33:57',NULL),(61,136,5,1.00,0.25,'0','2026-04-23 08:33:58',NULL),(62,137,5,1.00,0.25,'0','2026-04-23 08:34:00',NULL),(63,88,6,1.00,0.25,'0','2026-04-23 08:37:41',NULL),(64,89,6,1.00,0.25,'0','2026-04-23 08:37:43',NULL),(65,90,6,1.00,0.25,'0','2026-04-23 08:37:43',NULL),(66,91,6,1.00,0.25,'0','2026-04-23 08:37:44',NULL),(67,92,6,1.00,0.25,'0','2026-04-23 08:37:45',NULL),(68,93,6,1.00,0.25,'0','2026-04-23 08:37:46',NULL),(69,94,6,1.00,0.25,'0','2026-04-23 08:37:48',NULL),(70,95,6,1.00,0.25,'0','2026-04-23 08:37:49',NULL),(71,96,6,1.00,0.25,'0','2026-04-23 08:37:50',NULL),(72,97,6,1.00,0.25,'0','2026-04-23 08:37:51',NULL),(73,103,6,1.00,0.25,'0','2026-04-23 08:37:53',NULL),(74,102,6,1.00,0.25,'0','2026-04-23 08:37:54',NULL),(75,104,6,1.00,0.25,'0','2026-04-23 08:37:55',NULL),(76,105,6,1.00,0.25,'0','2026-04-23 08:37:56',NULL),(77,88,7,1.00,0.25,'0','2026-04-23 08:41:43',NULL),(78,89,7,1.00,0.25,'0','2026-04-23 08:41:44',NULL),(79,90,7,1.00,0.25,'0','2026-04-23 08:41:45',NULL),(80,91,7,1.00,0.25,'0','2026-04-23 08:41:46',NULL),(81,92,7,1.00,0.25,'0','2026-04-23 08:41:47',NULL),(82,93,7,1.00,0.25,'0','2026-04-23 08:41:48',NULL),(83,94,7,1.00,0.25,'0','2026-04-23 08:41:49',NULL),(84,95,7,1.00,0.25,'0','2026-04-23 08:41:50',NULL),(85,96,7,1.00,0.25,'0','2026-04-23 08:41:54',NULL),(86,100,7,1.00,0.25,'0','2026-04-23 08:41:56',NULL),(87,99,7,1.00,0.25,'0','2026-04-23 08:41:57',NULL),(88,98,7,1.00,0.25,'0','2026-04-23 08:41:58',NULL),(89,101,7,1.00,0.25,'0','2026-04-23 08:41:59',NULL),(90,102,7,1.00,0.25,'0','2026-04-23 08:42:00',NULL),(91,103,7,1.00,0.25,'0','2026-04-23 08:42:01',NULL),(92,104,7,1.00,0.25,'0','2026-04-23 08:42:03',NULL),(93,105,7,1.00,0.25,'0','2026-04-23 08:42:04',NULL),(94,106,7,1.00,0.25,'0','2026-04-23 08:42:05',NULL),(95,93,8,1.00,0.25,'0','2026-04-23 08:43:55',NULL),(96,94,8,1.00,0.25,'0','2026-04-23 08:43:57',NULL),(97,95,8,1.00,0.25,'0','2026-04-23 08:43:58',NULL),(98,96,8,1.00,0.25,'0','2026-04-23 08:43:59',NULL),(99,97,8,1.00,0.25,'0','2026-04-23 08:44:00',NULL),(100,102,8,1.00,0.25,'0','2026-04-23 08:44:03',NULL),(101,103,8,1.00,0.25,'0','2026-04-23 08:44:04',NULL),(102,104,8,1.00,0.25,'0','2026-04-23 08:44:05',NULL),(103,105,8,1.00,0.25,'0','2026-04-23 08:44:06',NULL);
/*!40000 ALTER TABLE `online_course_exam_marks` ENABLE KEYS */;
UNLOCK TABLES;

--
-- Table structure for table `online_course_exam_question`
--

DROP TABLE IF EXISTS `online_course_exam_question`;
/*!40101 SET @saved_cs_client     = @@character_set_client */;
/*!50503 SET character_set_client = utf8mb4 */;
CREATE TABLE `online_course_exam_question` (
  `id` int NOT NULL AUTO_INCREMENT,
  `staff_id` int NOT NULL,
  `question_type` varchar(100) NOT NULL,
  `level` varchar(10) NOT NULL,
  `question` text NOT NULL,
  `opt_a` text NOT NULL,
  `opt_b` text NOT NULL,
  `opt_c` text NOT NULL,
  `opt_d` text NOT NULL,
  `opt_e` text NOT NULL,
  `correct` text NOT NULL,
  `descriptive_word_limit` int NOT NULL,
  `question_tag` int DEFAULT NULL,
  `created_at` timestamp NOT NULL DEFAULT CURRENT_TIMESTAMP,
  `updated_at` date DEFAULT NULL,
  PRIMARY KEY (`id`),
  KEY `online_course_exam_question_ibfk_1` (`question_tag`),
  CONSTRAINT `online_course_exam_question_ibfk_1` FOREIGN KEY (`question_tag`) REFERENCES `online_course_tag` (`id`) ON DELETE CASCADE
) ENGINE=InnoDB AUTO_INCREMENT=149 DEFAULT CHARSET=utf8mb3;
/*!40101 SET character_set_client = @saved_cs_client */;

--
-- Dumping data for table `online_course_exam_question`
--

LOCK TABLES `online_course_exam_question` WRITE;
/*!40000 ALTER TABLE `online_course_exam_question` DISABLE KEYS */;
INSERT INTO `online_course_exam_question` VALUES (51,1,'singlechoice','low','What is the Arabic word for &quot;Book&quot;?','أ) بيت','&nbsp;\r\n<ul>\r\n	<li data-end=\"295\" data-start=\"282\">ب) كتاب&nbsp;</li>\r\n</ul>','&nbsp;\r\n<ul>\r\n	<li data-end=\"309\" data-start=\"299\">ج) قلم</li>\r\n</ul>\r\n','&nbsp;\r\n<ul>\r\n	<li data-end=\"323\" data-start=\"313\">د) باب</li>\r\n</ul>\r\n','','opt_b',0,5,'2026-04-23 07:42:31',NULL),(52,1,'singlechoice','low','<p data-end=\"364\" data-start=\"328\">What is the Arabic word for &quot;Pen&quot;?</p>','<p data-end=\"364\" data-start=\"328\">&nbsp;</p>\r\n\r\n<ul data-end=\"425\" data-start=\"368\">\r\n	<li data-end=\"396\" data-start=\"384\">ب) قلم&nbsp;</li>\r\n</ul>','<p data-end=\"364\" data-start=\"328\">&nbsp;</p>\r\n\r\n<ul data-end=\"425\" data-start=\"368\">\r\n	<li data-end=\"380\" data-start=\"368\">أ) مدرسة</li>\r\n</ul>','<p data-end=\"364\" data-start=\"328\">&nbsp;</p>\r\n\r\n<ul data-end=\"425\" data-start=\"368\">\r\n	<li data-end=\"411\" data-start=\"400\">ج) كرسي</li>\r\n</ul>\r\n','<p data-end=\"364\" data-start=\"328\">&nbsp;</p>\r\n\r\n<ul data-end=\"425\" data-start=\"368\">\r\n	<li data-end=\"425\" data-start=\"415\">د) شمس</li>\r\n</ul>\r\n','','opt_a',0,5,'2026-04-23 07:44:00',NULL),(53,1,'multichoice','low','<p data-end=\"497\" data-start=\"459\">Select the Arabic words for animals</p>','<p data-end=\"497\" data-start=\"459\">&nbsp;</p>\r\n\r\n<ul data-end=\"554\" data-start=\"501\">\r\n	<li data-end=\"512\" data-start=\"501\">☐ قطة&nbsp;</li>\r\n</ul>','<p data-end=\"497\" data-start=\"459\">&nbsp;</p>\r\n\r\n<ul data-end=\"554\" data-start=\"501\">\r\n	<li data-end=\"526\" data-start=\"516\">☐ شجرة</li>\r\n</ul>','<p data-end=\"497\" data-start=\"459\">&nbsp;</p>\r\n\r\n<ul data-end=\"554\" data-start=\"501\">\r\n	<li data-end=\"541\" data-start=\"530\">☐ كلب&nbsp;</li>\r\n</ul>\r\n','<p data-end=\"497\" data-start=\"459\">&nbsp;</p>\r\n\r\n<ul data-end=\"554\" data-start=\"501\">\r\n	<li data-end=\"554\" data-start=\"545\">☐ باب</li>\r\n</ul>\r\n','','[\"opt_a\",\"opt_c\"]',0,5,'2026-04-23 07:44:57',NULL),(54,1,'true_false','low','<h3 data-end=\"581\" data-start=\"561\">&nbsp;</h3>\r\n&quot;تفاحة&quot; means Apple.&nbsp;','','','','','','true',0,5,'2026-04-23 07:45:39',NULL),(55,1,'true_false','low','<h3 data-end=\"581\" data-start=\"561\">&nbsp;</h3>\r\n&quot;تفاحة&quot; means doesn&#39;t orange.&nbsp;','','','','','','true',0,5,'2026-04-23 07:46:22',NULL),(56,1,'true_false','low','&quot;شمس&quot; means Moon.&nbsp;','','','','','','false',0,5,'2026-04-23 07:46:46',NULL),(57,1,'true_false','low','&quot;شمس&quot; means Sun','','','','','','false',0,5,'2026-04-23 07:47:09',NULL),(58,1,'multichoice','medium','Which are masculine words?','<ul data-end=\"1346\" data-start=\"1292\">\r\n	<li data-end=\"1303\" data-start=\"1292\">☐ ولد&nbsp;</li>\r\n</ul>','&nbsp;\r\n<ul data-end=\"1346\" data-start=\"1292\">\r\n	<li data-end=\"1316\" data-start=\"1307\">☐ بنت</li>\r\n</ul>','&nbsp;\r\n<ul data-end=\"1346\" data-start=\"1292\">\r\n	<li data-end=\"1331\" data-start=\"1320\">☐ رجل&nbsp;</li>\r\n</ul>\r\n','&nbsp;\r\n<ul data-end=\"1346\" data-start=\"1292\">\r\n	<li data-end=\"1346\" data-start=\"1335\">☐ سيارة</li>\r\n</ul>\r\n','','[\"opt_a\",\"opt_c\"]',0,5,'2026-04-23 07:48:28',NULL),(59,1,'singlechoice','medium','<h2 data-end=\"1529\" data-start=\"1479\">What does &quot;أنا أكتب&quot; mean?</h2>','<h2 data-end=\"1529\" data-start=\"1479\">&nbsp;</h2>\r\n\r\n<ul data-end=\"1656\" data-start=\"1589\">\r\n	<li data-end=\"1602\" data-start=\"1589\">أ) I read</li>\r\n</ul>','<h2 data-end=\"1529\" data-start=\"1479\">&nbsp;</h2>\r\n\r\n<ul data-end=\"1656\" data-start=\"1589\">\r\n	<li data-end=\"1622\" data-start=\"1606\">ب) I write&nbsp;</li>\r\n</ul>','<h2 data-end=\"1529\" data-start=\"1479\">&nbsp;</h2>\r\n\r\n<ul data-end=\"1656\" data-start=\"1589\">\r\n	<li data-end=\"1638\" data-start=\"1626\">ج) I eat</li>\r\n</ul>\r\n','<h2 data-end=\"1529\" data-start=\"1479\">&nbsp;</h2>\r\n\r\n<ul data-end=\"1656\" data-start=\"1589\">\r\n	<li data-end=\"1656\" data-start=\"1642\">د) I sleep</li>\r\n</ul>\r\n','','opt_c',0,5,'2026-04-23 07:49:42',NULL),(88,1,'singlechoice','low','What is 5 + 3?','6','7','8','9','','opt_c',0,1,'2026-04-23 07:54:54',NULL),(89,1,'singlechoice','low','What is 10 - 4?','5','6','7','8','','opt_b',0,1,'2026-04-23 07:54:54',NULL),(90,1,'multichoice','low','Select even numbers.','2','3','4','5','','[\"opt_a\",\"opt_b\"]',0,1,'2026-04-23 07:54:54',NULL),(91,1,'true_false','low','7 is greater than 5.','','','','','','true',0,1,'2026-04-23 07:54:54',NULL),(92,1,'true_false','low','9 is less than 3.','','','','','','false',0,1,'2026-04-23 07:54:54',NULL),(93,1,'singlechoice','low','What comes after 19?','18','20','21','22','','opt_b',0,1,'2026-04-23 07:54:54',NULL),(94,1,'singlechoice','low','What is 2 x 3?','5','6','7','8','','opt_b',0,1,'2026-04-23 07:54:54',NULL),(95,1,'multichoice','medium','Which are odd numbers?','1','2','3','4','','[\"opt_a\",\"opt_c\"]',0,1,'2026-04-23 07:54:54',NULL),(96,1,'singlechoice','low','What is 15 - 5?','8','9','10','11','','opt_c',0,1,'2026-04-23 07:54:54',NULL),(97,1,'singlechoice','low','What is 4 + 6?','9','10','11','12','','opt_b',0,1,'2026-04-23 07:54:54',NULL),(98,1,'descriptive','low','Count the apples. (Answer: 3)','','','','','','3',0,1,'2026-04-23 07:54:54',NULL),(99,1,'descriptive','low','Write the number after 50.','','','','','','51',0,1,'2026-04-23 07:54:54',NULL),(100,1,'descriptive','medium','Fill in the blank: 3 + __ = 7','','','','','','4',0,1,'2026-04-23 07:54:54',NULL),(101,1,'descriptive','medium','Fill in the blank: __ - 2 = 5','','','','','','7',0,1,'2026-04-23 07:54:54',NULL),(102,1,'singlechoice','low','What is 10 + 10?','15','18','20','22','','opt_c',0,1,'2026-04-23 07:54:54',NULL),(103,1,'singlechoice','low','Which number is greater: 8 or 6?','8','6','','','','opt_a',0,1,'2026-04-23 07:54:54',NULL),(104,1,'singlechoice','medium','What is 5 x 5?','20','25','30','15','','opt_b',0,1,'2026-04-23 07:54:54',NULL),(105,1,'singlechoice','low','What is 20 - 10?','5','10','15','20','','opt_b',0,1,'2026-04-23 07:54:54',NULL),(106,1,'descriptive','low','Write any number less than 10.','','','','','','5',0,1,'2026-04-23 07:54:54',NULL),(107,1,'singlechoice','low','What is the plural of &quot;cat&quot;?','Cats','Dogs','Birds','Fish','','opt_a',0,2,'2026-04-23 08:02:20',NULL),(108,1,'singlechoice','low','Choose the correct spelling','Apple','Aple','Appl','Aplle','','opt_a',0,2,'2026-04-23 08:02:20',NULL),(109,1,'true_false','low','&quot;Dog&quot; is an animal.','','','','','','true',0,4,'2026-04-23 08:02:20',NULL),(110,1,'multichoice','medium','Select vowels','A','B','E','G','','[\"opt_a\",\"opt_c\"]',0,2,'2026-04-23 08:02:20',NULL),(111,1,'descriptive','low','Write a simple sentence using \"I\"','','','','','','I am a student',0,2,'2026-04-23 08:02:20',NULL),(134,1,'singlechoice','low','Choose correct word: She ___ a teacher.','is','are','am','be','','opt_a',0,2,'2026-04-23 08:11:07',NULL),(135,1,'singlechoice','low','Select correct spelling','School','Schol','Schoool','Skool','','opt_a',0,2,'2026-04-23 08:11:07',NULL),(136,1,'true_false','low','Birds can fly','','','','','','true',0,4,'2026-04-23 08:11:07',NULL),(137,1,'multichoice','medium','Select fruits','Apple','Car','Banana','Chair','','[\"opt_a\",\"opt_c\"]',0,4,'2026-04-23 08:11:07',NULL),(138,1,'descriptive','low','Write a sentence using \'He\'','','','','','','',0,2,'2026-04-23 08:11:07',NULL),(139,1,'singlechoice','low','What is the Arabic word for \'House\'?','بيت','مدرسة','كتاب','قلم','','opt_a',0,5,'2026-04-23 08:13:02',NULL),(140,1,'singlechoice','low','What is the Arabic word for \'Sun\'?','قمر','نجم','شمس','سماء','','opt_c',0,5,'2026-04-23 08:13:02',NULL),(141,1,'singlechoice','low','What is the Arabic word for \'Moon\'?','شمس','قمر','نجم','بحر','','opt_b',0,5,'2026-04-23 08:13:02',NULL),(142,1,'singlechoice','low','What is the Arabic word for \'Water\'?','نار','هواء','ماء','تراب','','opt_c',0,5,'2026-04-23 08:13:02',NULL),(143,1,'singlechoice','low','Which letter is \'A\' in Arabic?','ب','ت','أ','ث','','opt_c',0,5,'2026-04-23 08:13:02',NULL),(144,1,'singlechoice','low','Which letter comes after \'ب\'?','أ','ت','ث','ج','','opt_b',0,5,'2026-04-23 08:13:02',NULL),(145,1,'singlechoice','medium','Choose correct word: هذا ___ (This is a boy)','بنت','ولد','مدرسة','شمس','','opt_b',0,2,'2026-04-23 08:13:02',NULL),(146,1,'singlechoice','medium','Choose correct word: هذه ___ (This is a girl)','ولد','رجل','بنت','قلم','','opt_c',0,2,'2026-04-23 08:13:02',NULL),(147,1,'singlechoice','low','What is the Arabic word for \'Book\'?','قلم','باب','كتاب','بيت','','opt_c',0,5,'2026-04-23 08:13:02',NULL),(148,1,'singlechoice','low','What is the Arabic word for \'Pen\'?','كرسي','قلم','باب','شمس','','opt_b',0,5,'2026-04-23 08:13:02',NULL);
/*!40000 ALTER TABLE `online_course_exam_question` ENABLE KEYS */;
UNLOCK TABLES;

--
-- Table structure for table `online_course_exam_result`
--

DROP TABLE IF EXISTS `online_course_exam_result`;
/*!40101 SET @saved_cs_client     = @@character_set_client */;
/*!50503 SET character_set_client = utf8mb4 */;
CREATE TABLE `online_course_exam_result` (
  `id` int NOT NULL AUTO_INCREMENT,
  `student_id` int NOT NULL,
  `guest_id` int NOT NULL,
  `question_id` int NOT NULL,
  `select_option` longtext,
  `marks` float(10,2) NOT NULL,
  `remark` text,
  `attachment_name` text,
  `attachment_upload_name` varchar(250) DEFAULT NULL,
  `created_at` timestamp NOT NULL DEFAULT CURRENT_TIMESTAMP,
  `updated_at` date DEFAULT NULL,
  PRIMARY KEY (`id`),
  KEY `online_course_exam_result_ibfk_1` (`question_id`)
) ENGINE=InnoDB DEFAULT CHARSET=utf8mb3;
/*!40101 SET character_set_client = @saved_cs_client */;

--
-- Dumping data for table `online_course_exam_result`
--

LOCK TABLES `online_course_exam_result` WRITE;
/*!40000 ALTER TABLE `online_course_exam_result` DISABLE KEYS */;
/*!40000 ALTER TABLE `online_course_exam_result` ENABLE KEYS */;
UNLOCK TABLES;

--
-- Table structure for table `online_course_lesson`
--

DROP TABLE IF EXISTS `online_course_lesson`;
/*!40101 SET @saved_cs_client     = @@character_set_client */;
/*!50503 SET character_set_client = utf8mb4 */;
CREATE TABLE `online_course_lesson` (
  `id` int NOT NULL AUTO_INCREMENT,
  `course_section_id` int DEFAULT NULL,
  `lesson_title` varchar(255) DEFAULT NULL,
  `lesson_type` varchar(20) DEFAULT NULL,
  `thumbnail` varchar(100) DEFAULT NULL,
  `summary` text,
  `attachment` varchar(200) DEFAULT NULL,
  `video_provider` varchar(20) DEFAULT NULL,
  `video_url` text,
  `video_id` varchar(50) DEFAULT NULL,
  `duration` time DEFAULT NULL,
  `created_date` datetime DEFAULT CURRENT_TIMESTAMP,
  PRIMARY KEY (`id`),
  KEY `course_section_id` (`course_section_id`) USING BTREE,
  CONSTRAINT `online_course_lesson_ibfk_1` FOREIGN KEY (`course_section_id`) REFERENCES `online_course_section` (`id`)
) ENGINE=InnoDB AUTO_INCREMENT=18 DEFAULT CHARSET=utf8mb3;
/*!40101 SET character_set_client = @saved_cs_client */;

--
-- Dumping data for table `online_course_lesson`
--

LOCK TABLES `online_course_lesson` WRITE;
/*!40000 ALTER TABLE `online_course_lesson` DISABLE KEYS */;
INSERT INTO `online_course_lesson` VALUES (1,1,'Learn Numbers and Counting for Kids','video','1776927490-201536527469e9c302bbc16!ChatGPT Image Apr 22, 2026, 07_03_48 PM.png','This section helps students understand numbers up to 100. Learners will practice counting, number recognition, and comparing numbers. They will also learn how to arrange numbers in order and identify greater and smaller values through simple activities.',NULL,'youtube','https://www.youtube.com/watch?v=QJipY7T9H6k&list=PL_tK2rVO7aq7C7UDfnwUq-akSaPTVgYK8&index=5','QJipY7T9H6k','19:07:59','2026-04-22 05:08:21'),(2,2,'Addition for Kids','video','1776927520-5846334469e9c32078fc8!ChatGPT Image Apr 22, 2026, 07_03_48 PM.png','In this section, students will learn how to add and subtract numbers up to two digits. They will practice solving problems using simple methods and understand the concept of carrying and borrowing. Real-life examples and exercises will help strengthen their basic arithmetic skills.',NULL,'youtube','https://www.youtube.com/watch?v=rAgjlT_sQro&list=PL_tK2rVO7aq7C7UDfnwUq-akSaPTVgYK8&index=6','rAgjlT_sQro','00:07:34','2026-04-22 05:09:47'),(3,3,'Shapes Name | 2D Shapes','video','1776927613-188116850369e9c37de54cf!ChatGPT Image Apr 22, 2026, 07_03_48 PM.png','This course is designed for students to strengthen their math shapes skills. It covers shapes basics, shapes, and word problems. The course includes engaging lessons, practice exercises, and quizzes to help students build confidence in mathematics.',NULL,'youtube','https://www.youtube.com/watch?v=PuZBGup3IP8&list=PL_tK2rVO7aq7C7UDfnwUq-akSaPTVgYK8&index=3','PuZBGup3IP8','00:03:34','2026-04-22 05:10:42'),(4,4,'Learn Counting | Number Song 1 to 100 | Roman Number | One Two Three | ‪','video','1776925759-58010664769e9bc3f5503e!ChatGPT Image Apr 23, 2026, 11_18_53 AM.png','This section helps students understand numbers up to 100. Learners will practice counting, number recognition, and comparing numbers. They will also learn how to arrange numbers in order and identify greater and smaller values through simple activities.',NULL,'youtube','https://www.youtube.com/watch?v=deOqvoO0N14&list=PL_tK2rVO7aq7C7UDfnwUq-akSaPTVgYK8&index=4','deOqvoO0N14','00:05:10','2026-04-23 09:29:19'),(5,5,'Subtraction','video','1776925875-48766141969e9bcb34ff4d!ChatGPT Image Apr 23, 2026, 11_18_53 AM.png','In this section, students will learn how to add and subtract numbers up to two digits. They will practice solving problems using simple methods and understand the concept of carrying and borrowing. Real-life examples and exercises will help strengthen their basic arithmetic skills.',NULL,'youtube','https://www.youtube.com/watch?v=ZygCUtAUWJA&list=PL_tK2rVO7aq7C7UDfnwUq-akSaPTVgYK8&index=12','ZygCUtAUWJA','00:06:17','2026-04-23 09:31:15'),(7,5,'Addition','video','1776925949-196110101769e9bcfd01138!ChatGPT Image Apr 23, 2026, 11_18_53 AM.png','In this section, students will learn how to add and subtract numbers up to two digits. They will practice solving problems using simple methods and understand the concept of carrying and borrowing. Real-life examples and exercises will help strengthen their basic arithmetic skills.',NULL,'youtube','https://www.youtube.com/watch?v=rAgjlT_sQro&list=PL_tK2rVO7aq7C7UDfnwUq-akSaPTVgYK8&index=6','rAgjlT_sQro','00:06:16','2026-04-23 09:32:28'),(8,6,'Multiplication','video','1776926020-118814204969e9bd44b2693!ChatGPT Image Apr 23, 2026, 11_18_53 AM.png','This section introduces students to the basics of multiplication. Learners will understand multiplication as repeated addition and explore simple multiplication problems. Visual examples and practice questions will help build a strong foundation for future math learning.',NULL,'youtube','https://www.youtube.com/watch?v=rKUE8zqV1rk&list=PL_tK2rVO7aq7C7UDfnwUq-akSaPTVgYK8&index=10','rKUE8zqV1rk','00:06:15','2026-04-23 09:33:40'),(9,7,'ABCD Alphabet Letters For Kids','video','1776927279-81430285969e9c22f1a812!ChatGPT Image Apr 23, 2026, 11_48_16 AM.png','Students will learn letters and their sounds through fun activities.ABCD Alphabet Capital and Small Letters \r\nLet\'s sing all the ABC songs one more time. \r\nA B C D E F G H I J K L M N O P Q R S T U V W X Y Z',NULL,'youtube','https://www.youtube.com/watch?v=VWaSFIEyGeE&list=PL_tK2rVO7aq6eM8tkjPcbryo5FbBaea4_','VWaSFIEyGeE','00:03:32','2026-04-23 09:52:24'),(10,8,'A to Z vocabulary in English','video','1776927216-37003604569e9c1f078898!ChatGPT Image Apr 23, 2026, 11_48_16 AM.png','This video contains A to Z vocabulary in English Language for kids. Learning Vocabulary will improve your understanding of reading books. \r\nMemorized these English words \r\nA to Z kids vocabulary for kids in English \r\nEnglish Word Meanings say them out loud so you can remember them better.',NULL,'youtube','https://www.youtube.com/watch?v=BmWKWcDZ8z0&list=PL_tK2rVO7aq6eM8tkjPcbryo5FbBaea4_&index=7','BmWKWcDZ8z0','00:26:32','2026-04-23 09:53:36'),(11,9,'Make sentences | How to Make a Sentence | Sentence Formation | Learn English','video','1776927379-173468327469e9c293bff94!ChatGPT Image Apr 23, 2026, 11_48_16 AM.png','Students will practice writing letters and simple words. . Make sentences | How to Make a Sentence | Sentence Formation | Learn English ',NULL,'youtube','https://www.youtube.com/watch?v=gdk2Idew7EA&list=PL_tK2rVO7aq6eM8tkjPcbryo5FbBaea4_&index=14','gdk2Idew7EA','00:10:32','2026-04-23 09:56:19'),(12,10,'Reading Skills','video','1776928008-111996306169e9c50881d02!ChatGPT Image Apr 23, 2026, 11_42_43 AM.png','Check out this video with 50 easy-to-understand sentences that will help children learn and practice their language skills! Don\'t miss out on this fun and educational video.Students will read short passages and understand their meaning.',NULL,'youtube','https://www.youtube.com/watch?v=gFvS-SW4U48&list=PL_tK2rVO7aq6eM8tkjPcbryo5FbBaea4_&index=45','gFvS-SW4U48','00:10:33','2026-04-23 10:06:48'),(13,11,'Prepositions In English','video','1776928280-209233286569e9c61801322!ChatGPT Image Apr 23, 2026, 11_42_43 AM.png','Students will expand their word knowledge by learning prepositions in English grammar | Preposition for Kids | Uses of Preposition | \r\n',NULL,'youtube','https://www.youtube.com/watch?v=E1qhxYF1uFE&list=PL_tK2rVO7aq6eM8tkjPcbryo5FbBaea4_&index=17','E1qhxYF1uFE','00:02:33','2026-04-23 10:11:19'),(14,12,'Vocabulary for Kids','video','1776928408-156484782169e9c698c54d5!ChatGPT Image Apr 23, 2026, 11_42_43 AM.png','Students will build basic vocabulary with common words and objects. Clothes Vocabulary for Kids | Vocabulary for Kids | Learn English for Kids | ‪',NULL,'youtube','https://www.youtube.com/watch?v=FiQyEz1zCCM&list=PL_tK2rVO7aq6eM8tkjPcbryo5FbBaea4_&index=27','FiQyEz1zCCM','00:03:33','2026-04-23 10:13:28'),(15,13,'Introduction to Arabic Letters','video','1776929430-99250671169e9ca968107b!ChatGPT Image Apr 23, 2026, 12_27_38 PM.png','Students will learn all Arabic letters and their shapes.This video will make your kids laugh and smile while teaching how to write the letters of the Arabic Alphabet: Alif, Baa, Taa, Tha, Jeem, Haa, Kha, Dal, dhal, raa, zay, seen, sheen, Sad.\r\n\r\nWelcome to our children’s channel: Learn with Zakaria, a good place where kids and parents can find great learning content every week. \r\n\r\nOur channel is packed with great educational videos that will make your children laugh and smile while teaching them alphabet, colors, shapes, names of animals, fruits, vegetables and much more… in Arabic, English and even French. \r\n\r\nYour kids will also enjoy learning and memorizing “Quran” in a fun and unique way, with our cute characters. ',NULL,'youtube','https://www.youtube.com/watch?v=0MGqhiLQbxI&list=PLEaGEZnOHpUPBcDnCCXkmgsgRDICnhYwT&index=22','0MGqhiLQbxI','00:10:59','2026-04-23 10:30:30'),(16,14,'Sounds & Pronounciation','video','1776929678-52305042469e9cb8e86675!ChatGPT Image Apr 23, 2026, 12_27_38 PM.png','This video will make your kids laugh and smile while teaching the sounds of words: \r\nFast\r\nslow\r\nstrong\r\nWeak\r\nheavy\r\nlight\r\nLong\r\nShort\r\nhot\r\ncold\r\nBig\r\nSmall\r\nFull\r\nEmpty\r\nSolid\r\nSoft\r\n',NULL,'youtube','https://www.youtube.com/watch?v=Sbc06Z9Vvzc&list=PLEaGEZnOHpUPBcDnCCXkmgsgRDICnhYwT&index=145','Sbc06Z9Vvzc','00:05:30','2026-04-23 10:34:38'),(17,15,'Arabic words used  for animals.','video','1776929809-70428634469e9cc1109f34!ChatGPT Image Apr 23, 2026, 12_27_38 PM.png','Students will learn common Arabic words used for calling animals',NULL,'youtube','https://www.youtube.com/watch?v=itFDZmIZ6pg&list=PLEaGEZnOHpUPBcDnCCXkmgsgRDICnhYwT&index=190','itFDZmIZ6pg','00:05:35','2026-04-23 10:36:49');
/*!40000 ALTER TABLE `online_course_lesson` ENABLE KEYS */;
UNLOCK TABLES;

--
-- Table structure for table `online_course_lesson_attachment`
--

DROP TABLE IF EXISTS `online_course_lesson_attachment`;
/*!40101 SET @saved_cs_client     = @@character_set_client */;
/*!50503 SET character_set_client = utf8mb4 */;
CREATE TABLE `online_course_lesson_attachment` (
  `id` int NOT NULL AUTO_INCREMENT,
  `lesson_id` int NOT NULL,
  `attachment` text NOT NULL,
  `attachment_name` text NOT NULL,
  `created_date` timestamp NOT NULL DEFAULT CURRENT_TIMESTAMP,
  PRIMARY KEY (`id`),
  KEY `online_course_lesson_attachment_ibfk_1` (`lesson_id`),
  CONSTRAINT `online_course_lesson_attachment_ibfk_1` FOREIGN KEY (`lesson_id`) REFERENCES `online_course_lesson` (`id`) ON DELETE CASCADE
) ENGINE=InnoDB DEFAULT CHARSET=utf8mb3;
/*!40101 SET character_set_client = @saved_cs_client */;

--
-- Dumping data for table `online_course_lesson_attachment`
--

LOCK TABLES `online_course_lesson_attachment` WRITE;
/*!40000 ALTER TABLE `online_course_lesson_attachment` DISABLE KEYS */;
/*!40000 ALTER TABLE `online_course_lesson_attachment` ENABLE KEYS */;
UNLOCK TABLES;

--
-- Table structure for table `online_course_payment`
--

DROP TABLE IF EXISTS `online_course_payment`;
/*!40101 SET @saved_cs_client     = @@character_set_client */;
/*!50503 SET character_set_client = utf8mb4 */;
CREATE TABLE `online_course_payment` (
  `id` int NOT NULL AUTO_INCREMENT,
  `student_id` int DEFAULT NULL,
  `guest_id` int DEFAULT NULL,
  `online_courses_id` int DEFAULT NULL,
  `course_name` varchar(255) DEFAULT NULL,
  `actual_price` float(10,2) NOT NULL DEFAULT '0.00',
  `paid_amount` float(10,2) NOT NULL DEFAULT '0.00',
  `payment_mode` varchar(50) DEFAULT NULL,
  `payment_type` varchar(100) DEFAULT NULL,
  `transaction_id` varchar(100) DEFAULT NULL,
  `note` text,
  `date` datetime DEFAULT NULL,
  `processing_charge_type` varchar(255) DEFAULT NULL,
  `processing_charge_amount` float(10,2) DEFAULT '0.00',
  PRIMARY KEY (`id`),
  KEY `idx_online_courses_id` (`online_courses_id`)
) ENGINE=InnoDB DEFAULT CHARSET=utf8mb3;
/*!40101 SET character_set_client = @saved_cs_client */;

--
-- Dumping data for table `online_course_payment`
--

LOCK TABLES `online_course_payment` WRITE;
/*!40000 ALTER TABLE `online_course_payment` DISABLE KEYS */;
/*!40000 ALTER TABLE `online_course_payment` ENABLE KEYS */;
UNLOCK TABLES;

--
-- Table structure for table `online_course_processing_payment`
--

DROP TABLE IF EXISTS `online_course_processing_payment`;
/*!40101 SET @saved_cs_client     = @@character_set_client */;
/*!50503 SET character_set_client = utf8mb4 */;
CREATE TABLE `online_course_processing_payment` (
  `id` int NOT NULL AUTO_INCREMENT,
  `student_id` int DEFAULT NULL,
  `guest_id` int DEFAULT NULL,
  `online_courses_id` int DEFAULT NULL,
  `course_name` varchar(255) DEFAULT NULL,
  `actual_price` float(10,2) NOT NULL DEFAULT '0.00',
  `paid_amount` float(10,2) NOT NULL DEFAULT '0.00',
  `payment_mode` varchar(50) DEFAULT NULL,
  `payment_type` varchar(100) DEFAULT NULL,
  `transaction_id` varchar(100) DEFAULT NULL,
  `note` text,
  `date` datetime DEFAULT NULL,
  `processing_charge_type` varchar(255) DEFAULT NULL,
  `processing_charge_amount` float(10,2) DEFAULT '0.00',
  `gateway_ins_id` int DEFAULT NULL,
  PRIMARY KEY (`id`),
  KEY `student_id` (`student_id`),
  KEY `online_courses_id` (`online_courses_id`)
) ENGINE=InnoDB DEFAULT CHARSET=utf8mb3;
/*!40101 SET character_set_client = @saved_cs_client */;

--
-- Dumping data for table `online_course_processing_payment`
--

LOCK TABLES `online_course_processing_payment` WRITE;
/*!40000 ALTER TABLE `online_course_processing_payment` DISABLE KEYS */;
/*!40000 ALTER TABLE `online_course_processing_payment` ENABLE KEYS */;
UNLOCK TABLES;

--
-- Table structure for table `online_course_quiz`
--

DROP TABLE IF EXISTS `online_course_quiz`;
/*!40101 SET @saved_cs_client     = @@character_set_client */;
/*!50503 SET character_set_client = utf8mb4 */;
CREATE TABLE `online_course_quiz` (
  `id` int NOT NULL AUTO_INCREMENT,
  `course_section_id` int DEFAULT NULL,
  `quiz_title` varchar(255) DEFAULT NULL,
  `quiz_instruction` text,
  `created_by` int DEFAULT NULL,
  `created_date` datetime DEFAULT CURRENT_TIMESTAMP,
  PRIMARY KEY (`id`),
  KEY `created_by` (`created_by`),
  KEY `course_section_id` (`course_section_id`) USING BTREE,
  CONSTRAINT `online_course_quiz_ibfk_1` FOREIGN KEY (`course_section_id`) REFERENCES `online_course_section` (`id`),
  CONSTRAINT `online_course_quiz_ibfk_2` FOREIGN KEY (`created_by`) REFERENCES `staff` (`id`) ON DELETE CASCADE
) ENGINE=InnoDB AUTO_INCREMENT=2 DEFAULT CHARSET=utf8mb3;
/*!40101 SET character_set_client = @saved_cs_client */;

--
-- Dumping data for table `online_course_quiz`
--

LOCK TABLES `online_course_quiz` WRITE;
/*!40000 ALTER TABLE `online_course_quiz` DISABLE KEYS */;
INSERT INTO `online_course_quiz` VALUES (1,13,'Quiz 1','Choose the correct answer . All answer contains same marks',NULL,'2026-04-23 11:14:31');
/*!40000 ALTER TABLE `online_course_quiz` ENABLE KEYS */;
UNLOCK TABLES;

--
-- Table structure for table `online_course_section`
--

DROP TABLE IF EXISTS `online_course_section`;
/*!40101 SET @saved_cs_client     = @@character_set_client */;
/*!50503 SET character_set_client = utf8mb4 */;
CREATE TABLE `online_course_section` (
  `id` int NOT NULL AUTO_INCREMENT,
  `online_course_id` int DEFAULT NULL,
  `section_title` varchar(255) DEFAULT NULL,
  `order` int DEFAULT NULL,
  `is_active` tinyint(1) DEFAULT NULL,
  PRIMARY KEY (`id`),
  KEY `online_course_id` (`online_course_id`),
  CONSTRAINT `online_course_section_ibfk_1` FOREIGN KEY (`online_course_id`) REFERENCES `online_courses` (`id`)
) ENGINE=InnoDB AUTO_INCREMENT=16 DEFAULT CHARSET=utf8mb3;
/*!40101 SET character_set_client = @saved_cs_client */;

--
-- Dumping data for table `online_course_section`
--

LOCK TABLES `online_course_section` WRITE;
/*!40000 ALTER TABLE `online_course_section` DISABLE KEYS */;
INSERT INTO `online_course_section` VALUES (1,1,'Section 1 → Numbers',NULL,NULL),(2,1,'Section 2 → Addition',NULL,NULL),(3,1,'Section 3 → Shapes',NULL,NULL),(4,2,'Numbers up to 100',NULL,NULL),(5,2,'Addition and Subtraction',NULL,NULL),(6,2,'Introduction to Multiplication',NULL,NULL),(7,3,'Alphabets and Sounds',NULL,NULL),(8,3,'Words and Vocabulary',NULL,NULL),(9,3,'Writing Practice',NULL,NULL),(10,4,'Reading and Comprehension',NULL,NULL),(11,4,'Grammar Basics',NULL,NULL),(12,4,'Vocabulary Building',NULL,NULL),(13,5,'Arabic Alphabets',NULL,NULL),(14,5,'Letter Sounds and Pronunciation',NULL,NULL),(15,5,'Basic Words and Vocabulary',NULL,NULL);
/*!40000 ALTER TABLE `online_course_section` ENABLE KEYS */;
UNLOCK TABLES;

--
-- Table structure for table `online_course_settings`
--

DROP TABLE IF EXISTS `online_course_settings`;
/*!40101 SET @saved_cs_client     = @@character_set_client */;
/*!50503 SET character_set_client = utf8mb4 */;
CREATE TABLE `online_course_settings` (
  `id` int NOT NULL AUTO_INCREMENT,
  `guest_prefix` varchar(50) NOT NULL,
  `guest_id_start_from` int NOT NULL,
  `guest_login` int DEFAULT '0',
  `course_curriculum_settings` varchar(255) CHARACTER SET utf8mb3 COLLATE utf8mb3_general_ci DEFAULT NULL,
  PRIMARY KEY (`id`)
) ENGINE=InnoDB AUTO_INCREMENT=2 DEFAULT CHARSET=utf8mb3;
/*!40101 SET character_set_client = @saved_cs_client */;

--
-- Dumping data for table `online_course_settings`
--

LOCK TABLES `online_course_settings` WRITE;
/*!40000 ALTER TABLE `online_course_settings` DISABLE KEYS */;
INSERT INTO `online_course_settings` VALUES (1,'Guest',1,0,'[\"online_course_quiz\",\"online_course_exam\",\"online_course_assignment\"]');
/*!40000 ALTER TABLE `online_course_settings` ENABLE KEYS */;
UNLOCK TABLES;

--
-- Table structure for table `online_course_start_date`
--

DROP TABLE IF EXISTS `online_course_start_date`;
/*!40101 SET @saved_cs_client     = @@character_set_client */;
/*!50503 SET character_set_client = utf8mb4 */;
CREATE TABLE `online_course_start_date` (
  `id` int NOT NULL AUTO_INCREMENT,
  `course_id` int NOT NULL,
  `student_id` int NOT NULL,
  `guest_id` int NOT NULL,
  `start_date` date DEFAULT NULL,
  PRIMARY KEY (`id`)
) ENGINE=InnoDB AUTO_INCREMENT=3 DEFAULT CHARSET=utf8mb3;
/*!40101 SET character_set_client = @saved_cs_client */;

--
-- Dumping data for table `online_course_start_date`
--

LOCK TABLES `online_course_start_date` WRITE;
/*!40000 ALTER TABLE `online_course_start_date` DISABLE KEYS */;
INSERT INTO `online_course_start_date` VALUES (1,1,3,0,'2026-04-22'),(2,5,3,0,'2026-04-23');
/*!40000 ALTER TABLE `online_course_start_date` ENABLE KEYS */;
UNLOCK TABLES;

--
-- Table structure for table `online_course_tag`
--

DROP TABLE IF EXISTS `online_course_tag`;
/*!40101 SET @saved_cs_client     = @@character_set_client */;
/*!50503 SET character_set_client = utf8mb4 */;
CREATE TABLE `online_course_tag` (
  `id` int NOT NULL AUTO_INCREMENT,
  `tag_name` varchar(255) NOT NULL,
  `status` int NOT NULL DEFAULT '1',
  `create_at` timestamp NOT NULL DEFAULT CURRENT_TIMESTAMP,
  PRIMARY KEY (`id`)
) ENGINE=InnoDB AUTO_INCREMENT=6 DEFAULT CHARSET=utf8mb3;
/*!40101 SET character_set_client = @saved_cs_client */;

--
-- Dumping data for table `online_course_tag`
--

LOCK TABLES `online_course_tag` WRITE;
/*!40000 ALTER TABLE `online_course_tag` DISABLE KEYS */;
INSERT INTO `online_course_tag` VALUES (1,'Addition ',1,'2026-04-22 14:17:19'),(2,' Grammar ',1,'2026-04-22 14:17:36'),(3,' Shapes ',1,'2026-04-22 14:17:42'),(4,'Vocabulary',1,'2026-04-22 14:17:50'),(5,'Arabic Langugae',1,'2026-04-23 07:41:11');
/*!40000 ALTER TABLE `online_course_tag` ENABLE KEYS */;
UNLOCK TABLES;

--
-- Table structure for table `online_courses`
--

DROP TABLE IF EXISTS `online_courses`;
/*!40101 SET @saved_cs_client     = @@character_set_client */;
/*!50503 SET character_set_client = utf8mb4 */;
CREATE TABLE `online_courses` (
  `id` int NOT NULL AUTO_INCREMENT,
  `title` varchar(255) DEFAULT NULL,
  `slug` varchar(200) NOT NULL,
  `url` varchar(200) NOT NULL,
  `description` text,
  `teacher_id` int DEFAULT NULL,
  `category_id` int NOT NULL,
  `outcomes` text,
  `course_thumbnail` varchar(100) DEFAULT NULL,
  `course_provider` varchar(100) DEFAULT NULL,
  `course_url` varchar(255) DEFAULT NULL,
  `video_id` text,
  `price` float(10,2) NOT NULL DEFAULT '0.00',
  `discount` float(10,2) NOT NULL DEFAULT '0.00',
  `free_course` tinyint(1) DEFAULT NULL COMMENT '0=paid,1=free',
  `view_count` int DEFAULT NULL,
  `front_side_visibility` varchar(10) NOT NULL DEFAULT 'yes',
  `certificate_template_id` int NOT NULL,
  `status` tinyint(1) DEFAULT '0',
  `created_by` int DEFAULT NULL,
  `created_date` datetime DEFAULT CURRENT_TIMESTAMP,
  `updated_date` datetime DEFAULT CURRENT_TIMESTAMP,
  PRIMARY KEY (`id`),
  UNIQUE KEY `title` (`title`),
  KEY `created_by` (`created_by`),
  KEY `idx_category_id` (`category_id`),
  CONSTRAINT `online_courses_ibfk_1` FOREIGN KEY (`created_by`) REFERENCES `staff` (`id`) ON DELETE CASCADE
) ENGINE=InnoDB AUTO_INCREMENT=6 DEFAULT CHARSET=utf8mb3;
/*!40101 SET character_set_client = @saved_cs_client */;

--
-- Dumping data for table `online_courses`
--

LOCK TABLES `online_courses` WRITE;
/*!40000 ALTER TABLE `online_courses` DISABLE KEYS */;
INSERT INTO `online_courses` VALUES (1,'Grade 1 Math Basics Course','grade-1-math-basics-course','course/coursedetail/grade-1-math-basics-course','<p>\r\n\r\n<pre><div><div><div><div><div><div><div><div><div><div><div><div><div>This course is designed for Grade 1 students to build strong foundations in mathematics. It includes video lessons, practice exercises, and quizzes to help students understand key concepts easily.</div></div></div></div></div></div></div></div></div></div><div><div></div></div></div></div></div></pre>\r\n\r\n<h2><br></h2>\r\n\r\n<br></p>',2,1,'[\"-Students will learn basic addition and subtraction \",\"Improve number recognition skills\",\"Understand shapes and simple problem solving\"]','1776866641-193531496069e8d551f1619!ChatGPT Image Apr 22, 2026, 07_03_48 PM.png','youtube','https://www.youtube.com/watch?v=JbhBdOfMEPs&list=PLybg94GvOJ9FoGQeUMFZ4SWZsr30jlUYK','JbhBdOfMEPs',100.00,10.00,1,1,'yes',1,1,1,'2026-04-22 05:04:01','2026-04-23 10:00:13'),(2,'Grade 2 Basic Math course','grade-2-basic-math-course','course/coursedetail/grade-2-basic-math-course','<p>This course is designed for Grade 2 students to strengthen their math skills. It covers addition, subtraction, multiplication basics, shapes, and word problems. The course includes engaging lessons, practice exercises, and quizzes to help students build confidence in mathematics.<br></p>',3,1,'[\"- Students will understand addition and subtraction up to 100 - Learn basic multiplication concepts\",\" - Identify and describe 2D shapes - Solve simple word problems - Improve logical thinking and problem-solving skills\",\"- Solve simple word problems \",\"- Improve logical thinking and problem-solving skills\"]','1776925491-90149527669e9bb338ae06!ChatGPT Image Apr 23, 2026, 11_18_53 AM.png','youtube','https://www.youtube.com/watch?v=gUi7sgGBU5U&list=PL_tK2rVO7aq7C7UDfnwUq-akSaPTVgYK8&index=13','gUi7sgGBU5U',0.00,0.00,1,NULL,'yes',2,1,1,'2026-04-23 09:24:51','2026-04-23 09:33:40'),(3,'Grade 1 English Learning Course','grade-1-english-learning-course','course/coursedetail/grade-1-english-learning-course','<p>This course is designed for Grade 1 students to develop basic English language skills. It focuses on alphabets, phonics, vocabulary, and simple sentence formation. Interactive lessons and activities help students learn English in a fun and engaging way.<br></p>',4,2,'[\"- Recognize alphabets and sounds \",\"- Build basic vocabulary \",\"- Understand simple words and sentences\",\" - Improve reading and pronunciation - Develop early writing skills\"]','1776926955-189778078569e9c0eb0d2ae!ChatGPT Image Apr 23, 2026, 11_48_16 AM.png','youtube','https://www.youtube.com/watch?v=VWaSFIEyGeE&list=PL_tK2rVO7aq6eM8tkjPcbryo5FbBaea4_','VWaSFIEyGeE',0.00,0.00,1,NULL,'yes',2,1,1,'2026-04-23 09:49:15','2026-04-23 09:56:19'),(4,'Grade 2 English Skills Course','grade-2-english-skills-course','course/coursedetail/grade-2-english-skills-course','<p>This course helps Grade 2 students improve their English language skills. It focuses on reading, grammar, vocabulary, and writing. Students will learn through structured lessons, examples, and practice activities to build confidence in English communication.<br></p>',2,2,'[\"- Improve reading and comprehension skills - Learn grammar basics (nouns, verbs, adjectives) - Expand vocabulary - Form correct sentences - Develop writing skills\"]','1776927822-209864533069e9c44e0c52b!ChatGPT Image Apr 23, 2026, 11_42_43 AM.png','youtube','https://www.youtube.com/watch?v=1DHaAC_vonw&list=PL_tK2rVO7aq6eM8tkjPcbryo5FbBaea4_&index=16','1DHaAC_vonw',0.00,0.00,1,NULL,'yes',1,1,1,'2026-04-23 10:03:42','2026-04-23 10:13:28'),(5,'Arabic Language Basics Course','arabic-language-basics-course','course/coursedetail/arabic-language-basics-course','<p>This course introduces students to the Arabic language in a simple and engaging way. It focuses on learning letters, pronunciation, vocabulary, and basic sentence formation. Interactive lessons and practice activities help students build a strong foundation in Arabic.<br></p>',3,3,'[\"- Recognize Arabic letters and their sounds - Learn basic Arabic words and vocabulary - Understand simple Arabic sentences \",\"- Improve reading and pronunciation - Develop basic writing skills in Arabic\"]','1776929274-133133858069e9c9fa7460a!ChatGPT Image Apr 23, 2026, 12_27_38 PM.png','youtube','https://www.youtube.com/watch?v=_8A4yTASMLc&list=PLEaGEZnOHpUPBcDnCCXkmgsgRDICnhYwT','_8A4yTASMLc',0.00,0.00,1,2,'yes',1,1,1,'2026-04-23 10:27:54','2026-04-23 11:18:59');
/*!40000 ALTER TABLE `online_courses` ENABLE KEYS */;
UNLOCK TABLES;

--
-- Table structure for table `onlineexam`
--

DROP TABLE IF EXISTS `onlineexam`;
/*!40101 SET @saved_cs_client     = @@character_set_client */;
/*!50503 SET character_set_client = utf8mb4 */;
CREATE TABLE `onlineexam` (
  `id` int NOT NULL AUTO_INCREMENT,
  `session_id` int DEFAULT NULL,
  `exam` text,
  `attempt` int NOT NULL,
  `exam_from` datetime DEFAULT NULL,
  `exam_to` datetime DEFAULT NULL,
  `is_quiz` int NOT NULL DEFAULT '0',
  `auto_publish_date` datetime DEFAULT NULL,
  `time_from` time DEFAULT NULL,
  `time_to` time DEFAULT NULL,
  `duration` time NOT NULL,
  `passing_percentage` float NOT NULL DEFAULT '0',
  `description` text,
  `publish_result` int NOT NULL DEFAULT '0',
  `answer_word_count` int NOT NULL DEFAULT '-1',
  `is_active` varchar(1) DEFAULT '0',
  `is_marks_display` int NOT NULL DEFAULT '0',
  `is_neg_marking` int NOT NULL DEFAULT '0',
  `is_random_question` int NOT NULL DEFAULT '0',
  `is_rank_generated` int NOT NULL DEFAULT '0',
  `publish_exam_notification` int NOT NULL,
  `publish_result_notification` int NOT NULL,
  `created_at` timestamp NOT NULL DEFAULT CURRENT_TIMESTAMP,
  `updated_at` timestamp NOT NULL DEFAULT CURRENT_TIMESTAMP ON UPDATE CURRENT_TIMESTAMP,
  PRIMARY KEY (`id`),
  KEY `session_id` (`session_id`),
  CONSTRAINT `onlineexam_ibfk_1` FOREIGN KEY (`session_id`) REFERENCES `sessions` (`id`) ON DELETE CASCADE
) ENGINE=InnoDB AUTO_INCREMENT=4 DEFAULT CHARSET=utf8mb3;
/*!40101 SET character_set_client = @saved_cs_client */;

--
-- Dumping data for table `onlineexam`
--

LOCK TABLES `onlineexam` WRITE;
/*!40000 ALTER TABLE `onlineexam` DISABLE KEYS */;
INSERT INTO `onlineexam` VALUES (1,21,'Grade 1 – English & Math Quiz (High Level)',4,'2026-04-20 18:01:00','2026-04-30 18:22:00',1,NULL,NULL,NULL,'00:20:00',36,'This quiz includes high-level English and Math multiple-choice questions. Students will receive results immediately after submission.',0,-1,'1',1,0,1,0,0,0,'2026-04-22 13:03:33','2026-04-22 13:16:40'),(2,21,'Grade 1 – Weekly Math Quiz',5,'2026-04-22 18:39:00','2026-04-30 18:39:00',1,NULL,NULL,NULL,'00:20:00',40,'Weekly math quiz covering addition, subtraction, and number comparison.',0,-1,'1',1,0,1,0,1,0,'2026-04-22 13:40:05','2026-04-23 10:31:08'),(3,21,'Grade 1 – Weekly english Quiz',7,'2026-04-16 18:45:00','2026-04-30 18:45:00',1,NULL,NULL,NULL,'00:20:00',40,'Weekly english quiz for grade 1 students',0,-1,'1',1,0,1,0,1,0,'2026-04-22 13:46:49','2026-04-22 13:48:27');
/*!40000 ALTER TABLE `onlineexam` ENABLE KEYS */;
UNLOCK TABLES;

--
-- Table structure for table `onlineexam_attempts`
--

DROP TABLE IF EXISTS `onlineexam_attempts`;
/*!40101 SET @saved_cs_client     = @@character_set_client */;
/*!50503 SET character_set_client = utf8mb4 */;
CREATE TABLE `onlineexam_attempts` (
  `id` int NOT NULL AUTO_INCREMENT,
  `onlineexam_student_id` int NOT NULL,
  `created_at` timestamp NOT NULL DEFAULT CURRENT_TIMESTAMP,
  `updated_at` timestamp NOT NULL DEFAULT CURRENT_TIMESTAMP ON UPDATE CURRENT_TIMESTAMP,
  PRIMARY KEY (`id`),
  KEY `onlineexam_student_id` (`onlineexam_student_id`),
  CONSTRAINT `onlineexam_attempts_ibfk_1` FOREIGN KEY (`onlineexam_student_id`) REFERENCES `onlineexam_students` (`id`) ON DELETE CASCADE
) ENGINE=InnoDB AUTO_INCREMENT=5 DEFAULT CHARSET=utf8mb3;
/*!40101 SET character_set_client = @saved_cs_client */;

--
-- Dumping data for table `onlineexam_attempts`
--

LOCK TABLES `onlineexam_attempts` WRITE;
/*!40000 ALTER TABLE `onlineexam_attempts` DISABLE KEYS */;
INSERT INTO `onlineexam_attempts` VALUES (1,1,'2026-04-22 13:17:10','2026-04-22 13:17:10'),(2,7,'2026-04-23 10:20:14','2026-04-23 10:20:14'),(3,7,'2026-04-23 10:27:34','2026-04-23 10:27:34'),(4,4,'2026-04-23 10:31:26','2026-04-23 10:31:26');
/*!40000 ALTER TABLE `onlineexam_attempts` ENABLE KEYS */;
UNLOCK TABLES;

--
-- Table structure for table `onlineexam_questions`
--

DROP TABLE IF EXISTS `onlineexam_questions`;
/*!40101 SET @saved_cs_client     = @@character_set_client */;
/*!50503 SET character_set_client = utf8mb4 */;
CREATE TABLE `onlineexam_questions` (
  `id` int NOT NULL AUTO_INCREMENT,
  `question_id` int DEFAULT NULL,
  `onlineexam_id` int DEFAULT NULL,
  `session_id` int DEFAULT NULL,
  `marks` decimal(10,2) NOT NULL DEFAULT '0.00',
  `neg_marks` decimal(10,2) DEFAULT '0.00',
  `is_active` varchar(1) DEFAULT '0',
  `created_at` timestamp NOT NULL DEFAULT CURRENT_TIMESTAMP,
  `updated_at` timestamp NOT NULL DEFAULT CURRENT_TIMESTAMP ON UPDATE CURRENT_TIMESTAMP,
  PRIMARY KEY (`id`),
  KEY `onlineexam_id` (`onlineexam_id`),
  KEY `question_id` (`question_id`),
  KEY `session_id` (`session_id`),
  CONSTRAINT `onlineexam_questions_ibfk_1` FOREIGN KEY (`onlineexam_id`) REFERENCES `onlineexam` (`id`) ON DELETE CASCADE,
  CONSTRAINT `onlineexam_questions_ibfk_2` FOREIGN KEY (`question_id`) REFERENCES `questions` (`id`) ON DELETE CASCADE,
  CONSTRAINT `onlineexam_questions_ibfk_3` FOREIGN KEY (`session_id`) REFERENCES `sessions` (`id`) ON DELETE CASCADE
) ENGINE=InnoDB AUTO_INCREMENT=46 DEFAULT CHARSET=utf8mb3;
/*!40101 SET character_set_client = @saved_cs_client */;

--
-- Dumping data for table `onlineexam_questions`
--

LOCK TABLES `onlineexam_questions` WRITE;
/*!40000 ALTER TABLE `onlineexam_questions` DISABLE KEYS */;
INSERT INTO `onlineexam_questions` VALUES (1,149,1,NULL,1.00,0.25,'0','2026-04-22 13:04:17','2026-04-22 13:04:17'),(2,150,1,NULL,1.00,0.25,'0','2026-04-22 13:04:18','2026-04-22 13:04:18'),(3,151,1,NULL,1.00,0.25,'0','2026-04-22 13:04:18','2026-04-22 13:04:18'),(4,143,1,NULL,1.00,0.25,'0','2026-04-22 13:04:28','2026-04-22 13:04:28'),(5,144,1,NULL,1.00,0.25,'0','2026-04-22 13:04:29','2026-04-22 13:04:29'),(6,145,1,NULL,1.00,0.25,'0','2026-04-22 13:04:30','2026-04-22 13:04:30'),(7,152,1,NULL,1.00,0.25,'0','2026-04-22 13:04:31','2026-04-22 13:04:31'),(8,133,1,NULL,1.00,0.25,'0','2026-04-22 13:05:17','2026-04-22 13:05:17'),(9,142,1,NULL,1.00,0.25,'0','2026-04-22 13:05:18','2026-04-22 13:05:18'),(10,1,1,NULL,1.00,0.25,'0','2026-04-22 13:05:23','2026-04-22 13:05:23'),(11,2,1,NULL,1.00,0.25,'0','2026-04-22 13:05:24','2026-04-22 13:05:24'),(12,3,1,NULL,1.00,0.25,'0','2026-04-22 13:05:25','2026-04-22 13:05:25'),(13,4,1,NULL,1.00,0.25,'0','2026-04-22 13:05:26','2026-04-22 13:05:26'),(14,5,1,NULL,1.00,0.25,'0','2026-04-22 13:05:27','2026-04-22 13:05:27'),(15,6,1,NULL,1.00,0.25,'0','2026-04-22 13:05:28','2026-04-22 13:05:28'),(16,7,1,NULL,1.00,0.25,'0','2026-04-22 13:05:30','2026-04-22 13:05:30'),(17,129,1,NULL,1.00,0.25,'0','2026-04-22 13:05:32','2026-04-22 13:05:32'),(18,130,1,NULL,1.00,0.25,'0','2026-04-22 13:05:33','2026-04-22 13:05:33'),(19,131,1,NULL,1.00,0.25,'0','2026-04-22 13:05:34','2026-04-22 13:05:34'),(20,1,2,NULL,1.00,0.25,'0','2026-04-22 13:40:17','2026-04-22 13:40:17'),(21,2,2,NULL,1.00,0.25,'0','2026-04-22 13:40:19','2026-04-22 13:40:19'),(22,3,2,NULL,1.00,0.25,'0','2026-04-22 13:40:20','2026-04-22 13:40:20'),(23,4,2,NULL,1.00,0.25,'0','2026-04-22 13:40:21','2026-04-22 13:40:21'),(24,5,2,NULL,1.00,0.25,'0','2026-04-22 13:40:24','2026-04-22 13:40:24'),(25,6,2,NULL,1.00,0.25,'0','2026-04-22 13:40:25','2026-04-22 13:40:25'),(26,7,2,NULL,1.00,0.25,'0','2026-04-22 13:40:26','2026-04-22 13:40:26'),(27,129,2,NULL,1.00,0.25,'0','2026-04-22 13:40:28','2026-04-22 13:40:28'),(28,130,2,NULL,1.00,0.25,'0','2026-04-22 13:40:29','2026-04-22 13:40:29'),(29,131,2,NULL,1.00,0.25,'0','2026-04-22 13:40:30','2026-04-22 13:40:30'),(30,132,2,NULL,1.00,0.25,'0','2026-04-22 13:40:33','2026-04-22 13:40:33'),(31,137,2,NULL,1.00,0.25,'0','2026-04-22 13:40:36','2026-04-22 13:40:36'),(32,135,2,NULL,1.00,0.25,'0','2026-04-22 13:40:38','2026-04-22 13:40:38'),(33,136,2,NULL,1.00,0.25,'0','2026-04-22 13:40:39','2026-04-22 13:40:39'),(34,134,2,NULL,1.00,0.25,'0','2026-04-22 13:40:40','2026-04-22 13:40:40'),(35,133,2,NULL,1.00,0.25,'0','2026-04-22 13:40:42','2026-04-22 13:40:42'),(36,142,2,NULL,1.00,0.25,'0','2026-04-22 13:40:47','2026-04-22 13:40:47'),(37,141,2,NULL,1.00,0.25,'0','2026-04-22 13:40:48','2026-04-22 13:40:48'),(38,143,3,NULL,1.00,0.25,'0','2026-04-22 13:47:24','2026-04-22 13:47:24'),(39,144,3,NULL,1.00,0.25,'0','2026-04-22 13:47:25','2026-04-22 13:47:25'),(40,145,3,NULL,1.00,0.25,'0','2026-04-22 13:47:25','2026-04-22 13:47:25'),(41,146,3,NULL,1.00,0.25,'0','2026-04-22 13:47:26','2026-04-22 13:47:26'),(42,147,3,NULL,1.00,0.25,'0','2026-04-22 13:47:27','2026-04-22 13:47:27'),(43,148,3,NULL,1.00,0.25,'0','2026-04-22 13:47:28','2026-04-22 13:47:28'),(44,149,3,NULL,1.00,0.25,'0','2026-04-22 13:47:29','2026-04-22 13:47:29'),(45,150,3,NULL,1.00,0.25,'0','2026-04-22 13:47:30','2026-04-22 13:47:30');
/*!40000 ALTER TABLE `onlineexam_questions` ENABLE KEYS */;
UNLOCK TABLES;

--
-- Table structure for table `onlineexam_student_results`
--

DROP TABLE IF EXISTS `onlineexam_student_results`;
/*!40101 SET @saved_cs_client     = @@character_set_client */;
/*!50503 SET character_set_client = utf8mb4 */;
CREATE TABLE `onlineexam_student_results` (
  `id` int NOT NULL AUTO_INCREMENT,
  `onlineexam_student_id` int NOT NULL,
  `onlineexam_question_id` int NOT NULL,
  `select_option` longtext,
  `marks` decimal(10,2) NOT NULL DEFAULT '0.00',
  `remark` text,
  `attachment_name` text,
  `attachment_upload_name` text,
  `created_at` timestamp NOT NULL DEFAULT CURRENT_TIMESTAMP,
  `updated_at` timestamp NOT NULL DEFAULT CURRENT_TIMESTAMP ON UPDATE CURRENT_TIMESTAMP,
  PRIMARY KEY (`id`),
  KEY `onlineexam_student_id` (`onlineexam_student_id`),
  KEY `onlineexam_question_id` (`onlineexam_question_id`),
  CONSTRAINT `onlineexam_student_results_ibfk_1` FOREIGN KEY (`onlineexam_student_id`) REFERENCES `onlineexam_students` (`id`) ON DELETE CASCADE,
  CONSTRAINT `onlineexam_student_results_ibfk_2` FOREIGN KEY (`onlineexam_question_id`) REFERENCES `onlineexam_questions` (`id`) ON DELETE CASCADE
) ENGINE=InnoDB AUTO_INCREMENT=20 DEFAULT CHARSET=utf8mb3;
/*!40101 SET character_set_client = @saved_cs_client */;

--
-- Dumping data for table `onlineexam_student_results`
--

LOCK TABLES `onlineexam_student_results` WRITE;
/*!40000 ALTER TABLE `onlineexam_student_results` DISABLE KEYS */;
INSERT INTO `onlineexam_student_results` VALUES (1,1,11,'opt_b',0.00,NULL,'','','2026-04-22 13:18:49','2026-04-22 13:18:49'),(2,1,7,'opt_b',0.00,NULL,'','','2026-04-22 13:18:49','2026-04-22 13:18:49'),(3,1,17,'opt_b',0.00,NULL,'','','2026-04-22 13:18:49','2026-04-22 13:18:49'),(4,1,3,'opt_c',0.00,NULL,'','','2026-04-22 13:18:49','2026-04-22 13:18:49'),(5,1,9,'opt_b',0.00,NULL,'','','2026-04-22 13:18:49','2026-04-22 13:18:49'),(6,1,15,'opt_b',0.00,NULL,'','','2026-04-22 13:18:49','2026-04-22 13:18:49'),(7,1,6,'opt_c',0.00,NULL,'','','2026-04-22 13:18:49','2026-04-22 13:18:49'),(8,1,2,'opt_b',0.00,NULL,'','','2026-04-22 13:18:49','2026-04-22 13:18:49'),(9,1,5,'opt_b',0.00,NULL,'','','2026-04-22 13:18:49','2026-04-22 13:18:49'),(10,1,18,'opt_b',0.00,NULL,'','','2026-04-22 13:18:49','2026-04-22 13:18:49'),(11,1,14,'opt_b',0.00,NULL,'','','2026-04-22 13:18:49','2026-04-22 13:18:49'),(12,1,8,'opt_b',0.00,NULL,'','','2026-04-22 13:18:49','2026-04-22 13:18:49'),(13,1,10,'opt_b',0.00,NULL,'','','2026-04-22 13:18:49','2026-04-22 13:18:49'),(14,1,12,'opt_b',0.00,NULL,'','','2026-04-22 13:18:49','2026-04-22 13:18:49'),(15,1,4,'opt_a',0.00,NULL,'','','2026-04-22 13:18:49','2026-04-22 13:18:49'),(16,1,13,'opt_a',0.00,NULL,'','','2026-04-22 13:18:49','2026-04-22 13:18:49'),(17,1,19,'opt_b',0.00,NULL,'','','2026-04-22 13:18:49','2026-04-22 13:18:49'),(18,1,1,'opt_d',0.00,NULL,'','','2026-04-22 13:18:49','2026-04-22 13:18:49'),(19,1,16,'opt_b',0.00,NULL,'','','2026-04-22 13:18:49','2026-04-22 13:18:49');
/*!40000 ALTER TABLE `onlineexam_student_results` ENABLE KEYS */;
UNLOCK TABLES;

--
-- Table structure for table `onlineexam_students`
--

DROP TABLE IF EXISTS `onlineexam_students`;
/*!40101 SET @saved_cs_client     = @@character_set_client */;
/*!50503 SET character_set_client = utf8mb4 */;
CREATE TABLE `onlineexam_students` (
  `id` int NOT NULL AUTO_INCREMENT,
  `onlineexam_id` int DEFAULT NULL,
  `student_session_id` int DEFAULT NULL,
  `is_attempted` int NOT NULL DEFAULT '0',
  `rank` int DEFAULT '0',
  `quiz_attempted` int NOT NULL DEFAULT '0',
  `created_at` timestamp NOT NULL DEFAULT CURRENT_TIMESTAMP,
  `updated_at` timestamp NOT NULL DEFAULT CURRENT_TIMESTAMP ON UPDATE CURRENT_TIMESTAMP,
  PRIMARY KEY (`id`),
  KEY `onlineexam_id` (`onlineexam_id`),
  KEY `student_session_id` (`student_session_id`),
  CONSTRAINT `onlineexam_students_ibfk_1` FOREIGN KEY (`onlineexam_id`) REFERENCES `onlineexam` (`id`) ON DELETE CASCADE,
  CONSTRAINT `onlineexam_students_ibfk_2` FOREIGN KEY (`student_session_id`) REFERENCES `student_session` (`id`) ON DELETE CASCADE
) ENGINE=InnoDB AUTO_INCREMENT=10 DEFAULT CHARSET=utf8mb3;
/*!40101 SET character_set_client = @saved_cs_client */;

--
-- Dumping data for table `onlineexam_students`
--

LOCK TABLES `onlineexam_students` WRITE;
/*!40000 ALTER TABLE `onlineexam_students` DISABLE KEYS */;
INSERT INTO `onlineexam_students` VALUES (1,1,3,1,0,0,'2026-04-22 13:06:38','2026-04-22 13:18:49'),(2,1,4,0,0,0,'2026-04-22 13:06:38','2026-04-22 13:06:38'),(3,1,9,0,0,0,'2026-04-22 13:06:38','2026-04-22 13:06:38'),(4,2,3,0,0,0,'2026-04-22 13:41:07','2026-04-22 13:41:07'),(5,2,4,0,0,0,'2026-04-22 13:41:07','2026-04-22 13:41:07'),(6,2,9,0,0,0,'2026-04-22 13:41:07','2026-04-22 13:41:07'),(7,3,3,0,0,0,'2026-04-22 13:48:40','2026-04-22 13:48:40'),(8,3,4,0,0,0,'2026-04-22 13:48:40','2026-04-22 13:48:40'),(9,3,9,0,0,0,'2026-04-22 13:48:40','2026-04-22 13:48:40');
/*!40000 ALTER TABLE `onlineexam_students` ENABLE KEYS */;
UNLOCK TABLES;

--
-- Table structure for table `payment_settings`
--

DROP TABLE IF EXISTS `payment_settings`;
/*!40101 SET @saved_cs_client     = @@character_set_client */;
/*!50503 SET character_set_client = utf8mb4 */;
CREATE TABLE `payment_settings` (
  `id` int NOT NULL AUTO_INCREMENT,
  `payment_type` varchar(200) NOT NULL,
  `api_username` varchar(200) DEFAULT NULL,
  `api_secret_key` varchar(200) NOT NULL,
  `salt` varchar(200) NOT NULL,
  `api_publishable_key` varchar(200) NOT NULL,
  `api_password` varchar(200) DEFAULT NULL,
  `api_signature` varchar(200) DEFAULT NULL,
  `api_email` varchar(200) DEFAULT NULL,
  `paypal_demo` varchar(100) NOT NULL,
  `account_no` varchar(200) NOT NULL,
  `is_active` varchar(255) DEFAULT 'no',
  `gateway_mode` int NOT NULL COMMENT '0 Testing, 1 live',
  `paytm_website` varchar(255) NOT NULL,
  `paytm_industrytype` varchar(255) NOT NULL,
  `charge_type` varchar(255) DEFAULT NULL,
  `charge_value` varchar(255) DEFAULT NULL,
  `created_at` timestamp NOT NULL DEFAULT CURRENT_TIMESTAMP,
  `updated_at` timestamp NOT NULL DEFAULT CURRENT_TIMESTAMP ON UPDATE CURRENT_TIMESTAMP,
  PRIMARY KEY (`id`)
) ENGINE=InnoDB DEFAULT CHARSET=utf8mb3;
/*!40101 SET character_set_client = @saved_cs_client */;

--
-- Dumping data for table `payment_settings`
--

LOCK TABLES `payment_settings` WRITE;
/*!40000 ALTER TABLE `payment_settings` DISABLE KEYS */;
/*!40000 ALTER TABLE `payment_settings` ENABLE KEYS */;
UNLOCK TABLES;

--
-- Table structure for table `payslip_allowance`
--

DROP TABLE IF EXISTS `payslip_allowance`;
/*!40101 SET @saved_cs_client     = @@character_set_client */;
/*!50503 SET character_set_client = utf8mb4 */;
CREATE TABLE `payslip_allowance` (
  `id` int NOT NULL AUTO_INCREMENT,
  `payslip_id` int NOT NULL,
  `allowance_type` varchar(200) NOT NULL,
  `amount` float NOT NULL,
  `staff_id` int NOT NULL,
  `cal_type` varchar(100) NOT NULL,
  `created_at` timestamp NOT NULL DEFAULT CURRENT_TIMESTAMP,
  `updated_at` timestamp NOT NULL DEFAULT CURRENT_TIMESTAMP ON UPDATE CURRENT_TIMESTAMP,
  PRIMARY KEY (`id`),
  KEY `staff_id` (`staff_id`),
  KEY `payslip_id` (`payslip_id`),
  CONSTRAINT `payslip_allowance_ibfk_1` FOREIGN KEY (`staff_id`) REFERENCES `staff` (`id`) ON DELETE CASCADE,
  CONSTRAINT `payslip_allowance_ibfk_2` FOREIGN KEY (`payslip_id`) REFERENCES `staff_payslip` (`id`) ON DELETE CASCADE
) ENGINE=InnoDB DEFAULT CHARSET=utf8mb3;
/*!40101 SET character_set_client = @saved_cs_client */;

--
-- Dumping data for table `payslip_allowance`
--

LOCK TABLES `payslip_allowance` WRITE;
/*!40000 ALTER TABLE `payslip_allowance` DISABLE KEYS */;
/*!40000 ALTER TABLE `payslip_allowance` ENABLE KEYS */;
UNLOCK TABLES;

--
-- Table structure for table `permission_category`
--

DROP TABLE IF EXISTS `permission_category`;
/*!40101 SET @saved_cs_client     = @@character_set_client */;
/*!50503 SET character_set_client = utf8mb4 */;
CREATE TABLE `permission_category` (
  `id` int NOT NULL AUTO_INCREMENT,
  `perm_group_id` int DEFAULT NULL,
  `name` varchar(100) DEFAULT NULL,
  `short_code` varchar(100) DEFAULT NULL,
  `enable_view` int DEFAULT '0',
  `enable_add` int DEFAULT '0',
  `enable_edit` int DEFAULT '0',
  `enable_delete` int DEFAULT '0',
  `created_at` timestamp NOT NULL DEFAULT CURRENT_TIMESTAMP,
  `updated_at` timestamp NOT NULL DEFAULT CURRENT_TIMESTAMP ON UPDATE CURRENT_TIMESTAMP,
  PRIMARY KEY (`id`),
  KEY `idx_short_code` (`short_code`),
  KEY `perm_group_id` (`perm_group_id`),
  CONSTRAINT `permission_category_ibfk_1` FOREIGN KEY (`perm_group_id`) REFERENCES `permission_group` (`id`) ON DELETE CASCADE
) ENGINE=InnoDB AUTO_INCREMENT=7026 DEFAULT CHARSET=utf8mb3;
/*!40101 SET character_set_client = @saved_cs_client */;

--
-- Dumping data for table `permission_category`
--

LOCK TABLES `permission_category` WRITE;
/*!40000 ALTER TABLE `permission_category` DISABLE KEYS */;
INSERT INTO `permission_category` VALUES (1,1,'Student','student',1,1,1,1,'2019-10-24 05:42:03','2025-12-27 07:45:40'),(2,1,'Import Student','import_student',1,0,0,0,'2018-06-22 10:17:19','2025-12-27 07:45:40'),(3,1,'Student Categories','student_categories',1,1,1,1,'2018-06-22 10:17:36','2025-12-27 07:45:40'),(4,1,'Student Houses','student_houses',1,1,1,1,'2018-06-22 10:17:53','2025-12-27 07:45:40'),(5,2,'Collect Fees','collect_fees',1,1,0,1,'2018-06-22 10:21:03','2025-12-27 07:45:40'),(6,2,'Fees Carry Forward','fees_carry_forward',1,0,0,0,'2018-06-27 00:18:15','2025-12-27 07:45:40'),(7,2,'Fees Master','fees_master',1,1,1,1,'2018-06-27 00:18:57','2025-12-27 07:45:40'),(8,2,'Fees Group','fees_group',1,1,1,1,'2018-06-22 10:21:46','2025-12-27 07:45:40'),(9,3,'Income','income',1,1,1,1,'2018-06-22 10:23:21','2025-12-27 07:45:40'),(10,3,'Income Head','income_head',1,1,1,1,'2018-06-22 10:22:44','2025-12-27 07:45:40'),(11,3,'Search Income','search_income',1,0,0,0,'2018-06-22 10:23:00','2025-12-27 07:45:40'),(12,4,'Expense','expense',1,1,1,1,'2018-06-22 10:24:06','2025-12-27 07:45:40'),(13,4,'Expense Head','expense_head',1,1,1,1,'2018-06-22 10:23:47','2025-12-27 07:45:40'),(14,4,'Search Expense','search_expense',1,0,0,0,'2018-06-22 10:24:13','2025-12-27 07:45:40'),(15,5,'Student / Period Attendance','student_attendance',1,1,1,0,'2019-11-29 01:19:05','2025-12-27 07:45:40'),(20,6,'Marks Grade','marks_grade',1,1,1,1,'2018-06-22 10:25:25','2025-12-27 07:45:40'),(21,7,'Class Timetable','class_timetable',1,0,1,0,'2019-11-24 03:05:17','2025-12-27 07:45:40'),(23,7,'Subject','subject',1,1,1,1,'2018-06-22 10:32:17','2025-12-27 07:45:40'),(24,7,'Class','class',1,1,1,1,'2018-06-22 10:32:35','2025-12-27 07:45:40'),(25,7,'Section','section',1,1,1,1,'2018-06-22 10:31:10','2025-12-27 07:45:40'),(26,7,'Promote Student','promote_student',1,0,0,0,'2018-06-22 10:32:47','2025-12-27 07:45:40'),(27,8,'Upload Content','upload_content',1,1,0,1,'2018-06-22 10:33:19','2025-12-27 07:45:40'),(28,9,'Books List','books',1,1,1,1,'2019-11-24 00:37:12','2025-12-27 07:45:40'),(29,9,'Issue Return','issue_return',1,0,0,0,'2019-11-24 00:37:18','2025-12-27 07:45:40'),(30,9,'Add Staff Member','add_staff_member',1,0,0,0,'2018-07-02 11:37:00','2025-12-27 07:45:40'),(31,10,'Issue Item','issue_item',1,1,1,1,'2019-11-29 06:39:27','2025-12-27 07:45:40'),(32,10,'Add Item Stock','item_stock',1,1,1,1,'2019-11-24 00:39:17','2025-12-27 07:45:40'),(33,10,'Add Item','item',1,1,1,1,'2019-11-24 00:39:39','2025-12-27 07:45:40'),(34,10,'Item Store','store',1,1,1,1,'2019-11-24 00:40:41','2025-12-27 07:45:40'),(35,10,'Item Supplier','supplier',1,1,1,1,'2019-11-24 00:40:49','2025-12-27 07:45:40'),(37,11,'Routes','routes',1,1,1,1,'2018-06-22 10:39:17','2025-12-27 07:45:40'),(38,11,'Vehicle','vehicle',1,1,1,1,'2018-06-22 10:39:36','2025-12-27 07:45:40'),(39,11,'Assign Vehicle','assign_vehicle',1,1,1,1,'2018-06-27 04:39:20','2025-12-27 07:45:40'),(40,12,'Hostel','hostel',1,1,1,1,'2018-06-22 10:40:49','2025-12-27 07:45:40'),(41,12,'Room Type','room_type',1,1,1,1,'2018-06-22 10:40:27','2025-12-27 07:45:40'),(42,12,'Hostel Rooms','hostel_rooms',1,1,1,1,'2018-06-25 06:23:03','2025-12-27 07:45:40'),(43,13,'Notice Board','notice_board',1,1,1,1,'2018-06-22 10:41:17','2025-12-27 07:45:40'),(44,13,'Email','email',1,0,0,0,'2019-11-26 05:20:37','2025-12-27 07:45:40'),(46,13,'Email / SMS Log','email_sms_log',1,0,0,0,'2018-06-22 10:41:23','2025-12-27 07:45:40'),(53,15,'Languages','languages',1,1,0,1,'2021-01-23 07:09:32','2025-12-27 07:46:57'),(54,15,'General Setting','general_setting',1,0,1,0,'2018-07-05 09:08:35','2025-12-27 07:45:40'),(55,15,'Session Setting','session_setting',1,1,1,1,'2018-06-22 10:44:15','2025-12-27 07:45:40'),(56,15,'Notification Setting','notification_setting',1,0,1,0,'2018-07-05 09:08:41','2025-12-27 07:45:40'),(57,15,'SMS Setting','sms_setting',1,0,1,0,'2018-07-05 09:08:47','2025-12-27 07:45:40'),(58,15,'Email Setting','email_setting',1,0,1,0,'2018-07-05 09:08:51','2025-12-27 07:45:40'),(59,15,'Front CMS Setting','front_cms_setting',1,0,1,0,'2018-07-05 09:08:55','2025-12-27 07:45:40'),(60,15,'Payment Methods','payment_methods',1,0,1,0,'2018-07-05 09:08:59','2025-12-27 07:45:40'),(61,16,'Menus','menus',1,0,0,0,'2018-07-09 03:50:06','2025-12-27 07:46:57'),(62,16,'Media Manager','media_manager',1,1,0,1,'2018-07-09 03:50:26','2025-12-27 07:45:40'),(63,16,'Banner Images','banner_images',1,1,0,1,'2018-06-22 10:46:02','2025-12-27 07:45:40'),(64,16,'Pages','pages',1,1,1,1,'2018-06-22 10:46:21','2025-12-27 07:45:40'),(65,16,'Gallery','gallery',1,1,1,1,'2018-06-22 10:47:02','2025-12-27 07:45:40'),(66,16,'Event','event',1,1,1,1,'2018-06-22 10:47:20','2025-12-27 07:45:40'),(67,16,'News','notice',1,1,1,1,'2018-07-03 08:39:34','2025-12-27 07:45:40'),(68,2,'Fees Group Assign','fees_group_assign',1,0,0,0,'2018-06-22 10:20:42','2025-12-27 07:45:40'),(69,2,'Fees Type','fees_type',1,1,1,1,'2018-06-22 10:19:34','2025-12-27 07:45:40'),(70,2,'Fees Discount','fees_discount',1,1,1,1,'2018-06-22 10:20:10','2025-12-27 07:45:40'),(71,2,'Fees Discount Assign','fees_discount_assign',1,0,0,0,'2018-06-22 10:20:17','2025-12-27 07:45:40'),(73,2,'Search Fees Payment','search_fees_payment',1,0,0,0,'2018-06-22 10:20:27','2025-12-27 07:45:40'),(74,2,'Search Due Fees','search_due_fees',1,0,0,0,'2018-06-22 10:20:35','2025-12-27 07:45:40'),(77,7,'Assign Class Teacher','assign_class_teacher',1,1,1,1,'2018-06-22 10:30:52','2025-12-27 07:45:40'),(78,17,'Admission Enquiry','admission_enquiry',1,1,1,1,'2018-06-22 10:51:24','2025-12-27 07:45:40'),(79,17,'Follow Up Admission Enquiry','follow_up_admission_enquiry',1,1,0,1,'2018-06-22 10:51:39','2025-12-27 07:45:40'),(80,17,'Visitor Book','visitor_book',1,1,1,1,'2018-06-22 10:48:58','2025-12-27 07:45:40'),(81,17,'Phone Call Log','phone_call_log',1,1,1,1,'2018-06-22 10:50:57','2025-12-27 07:45:40'),(82,17,'Postal Dispatch','postal_dispatch',1,1,1,1,'2018-06-22 10:50:21','2025-12-27 07:45:40'),(83,17,'Postal Receive','postal_receive',1,1,1,1,'2018-06-22 10:50:04','2025-12-27 07:45:40'),(84,17,'Complain','complaint',1,1,1,1,'2018-07-03 08:40:55','2025-12-27 07:45:40'),(85,17,'Setup Front Office','setup_font_office',1,1,1,1,'2025-02-13 09:03:14','2025-12-27 07:45:40'),(86,18,'Staff','staff',1,1,1,1,'2018-06-22 10:53:31','2025-12-27 07:45:40'),(87,18,'Disable Staff','disable_staff',1,0,0,0,'2018-06-22 10:53:12','2025-12-27 07:45:40'),(88,18,'Staff Attendance','staff_attendance',1,1,1,0,'2018-06-22 10:53:10','2025-12-27 07:45:40'),(90,18,'Staff Payroll','staff_payroll',1,1,0,1,'2018-06-22 10:52:51','2025-12-27 07:45:40'),(93,19,'Homework','homework',1,1,1,1,'2018-06-22 10:53:50','2025-12-27 07:45:40'),(94,19,'Homework Evaluation','homework_evaluation',1,1,0,0,'2018-06-27 03:07:21','2025-12-27 07:45:40'),(96,20,'Student Certificate','student_certificate',1,1,1,1,'2018-07-06 10:41:07','2025-12-27 07:45:40'),(97,20,'Generate Certificate','generate_certificate',1,0,0,0,'2018-07-06 10:37:16','2025-12-27 07:45:40'),(98,20,'Student ID Card','student_id_card',1,1,1,1,'2018-07-06 10:41:28','2025-12-27 07:45:40'),(99,20,'Generate ID Card','generate_id_card',1,0,0,0,'2018-07-06 10:41:49','2025-12-27 07:45:40'),(102,21,'Calendar To Do List','calendar_to_do_list',1,1,1,1,'2018-06-22 10:54:41','2025-12-27 07:45:40'),(104,10,'Item Category','item_category',1,1,1,1,'2018-06-22 10:34:33','2025-12-27 07:45:40'),(106,22,'Quick Session Change','quick_session_change',1,0,0,0,'2018-06-22 10:54:45','2025-12-27 07:45:40'),(107,1,'Disable Student','disable_student',1,0,0,0,'2018-06-25 06:21:34','2025-12-27 07:45:40'),(108,18,' Approve Leave Request','approve_leave_request',1,1,1,1,'2020-10-05 08:56:27','2025-12-27 07:46:57'),(109,18,'Apply Leave','apply_leave',1,1,0,0,'2019-11-28 23:47:46','2025-12-27 07:45:40'),(110,18,'Leave Types ','leave_types',1,1,1,1,'2018-07-02 10:17:56','2025-12-27 07:45:40'),(111,18,'Department','department',1,1,1,1,'2018-06-26 03:57:07','2025-12-27 07:45:40'),(112,18,'Designation','designation',1,1,1,1,'2018-06-26 03:57:07','2025-12-27 07:45:40'),(113,22,'Fees Collection And Expense Monthly Chart','fees_collection_and_expense_monthly_chart',1,0,0,0,'2018-07-03 07:08:15','2025-12-27 07:45:40'),(114,22,'Fees Collection And Expense Yearly Chart','fees_collection_and_expense_yearly_chart',1,0,0,0,'2018-07-03 07:08:15','2025-12-27 07:45:40'),(115,22,'Monthly Fees Collection Widget','Monthly fees_collection_widget',1,0,0,0,'2018-07-03 07:13:35','2025-12-27 07:45:40'),(116,22,'Monthly Expense Widget','monthly_expense_widget',1,0,0,0,'2018-07-03 07:13:35','2025-12-27 07:45:40'),(117,22,'Student Count Widget','student_count_widget',1,0,0,0,'2018-07-03 07:13:35','2025-12-27 07:45:40'),(118,22,'Staff Role Count Widget','staff_role_count_widget',1,0,0,0,'2018-07-03 07:13:35','2025-12-27 07:45:40'),(122,5,'Attendance By Date','attendance_by_date',1,0,0,0,'2018-07-03 08:42:29','2025-12-27 07:45:40'),(123,9,'Add Student','add_student',1,0,0,0,'2018-07-03 08:42:29','2025-12-27 07:45:40'),(126,15,'User Status','user_status',1,0,0,0,'2018-07-03 08:42:29','2025-12-27 07:45:40'),(127,18,'Can See Other Users Profile','can_see_other_users_profile',1,0,0,0,'2018-07-03 08:42:29','2025-12-27 07:45:40'),(128,1,'Student Timeline','student_timeline',1,1,1,1,'2022-12-28 09:52:24','2025-12-27 07:45:40'),(129,18,'Staff Timeline','staff_timeline',1,1,1,1,'2022-12-28 09:52:24','2025-12-27 07:45:40'),(130,15,'Backup','backup',1,1,0,1,'2018-07-09 04:17:17','2025-12-27 07:45:40'),(131,15,'Restore','restore',1,0,0,0,'2018-07-09 04:17:17','2025-12-27 07:45:40'),(134,1,'Disable Reason','disable_reason',1,1,1,1,'2019-11-27 06:39:21','2025-12-27 07:45:40'),(135,2,'Fees Reminder','fees_reminder',1,0,1,0,'2019-10-25 00:39:49','2025-12-27 07:45:40'),(136,5,'Approve Leave','approve_leave',1,1,1,1,'2022-12-28 09:52:24','2025-12-27 07:45:40'),(137,6,'Exam Group','exam_group',1,1,1,1,'2019-10-25 01:02:34','2025-12-27 07:45:40'),(141,6,'Design Admit Card','design_admit_card',1,1,1,1,'2019-10-25 01:06:59','2025-12-27 07:45:40'),(142,6,'Print Admit Card','print_admit_card',1,0,0,0,'2019-11-23 23:57:51','2025-12-27 07:45:40'),(143,6,'Design Marksheet','design_marksheet',1,1,1,1,'2019-10-25 01:10:25','2025-12-27 07:45:40'),(144,6,'Print Marksheet','print_marksheet',1,0,0,0,'2019-10-25 01:11:02','2025-12-27 07:45:40'),(145,7,'Teachers Timetable','teachers_time_table',1,0,0,0,'2019-11-30 02:52:21','2025-12-27 07:45:40'),(146,14,'Student Report','student_report',1,0,0,0,'2019-10-25 01:27:00','2025-12-27 07:45:40'),(147,14,'Guardian Report','guardian_report',1,0,0,0,'2019-10-25 01:30:27','2025-12-27 07:45:40'),(148,14,'Student History','student_history',1,0,0,0,'2019-10-25 01:39:07','2025-12-27 07:45:40'),(149,14,'Student Login Credential Report','student_login_credential_report',1,0,0,0,'2019-10-25 01:39:07','2025-12-27 07:45:40'),(150,14,'Class Subject Report','class_subject_report',1,0,0,0,'2019-10-25 01:39:07','2025-12-27 07:45:40'),(151,14,'Admission Report','admission_report',1,0,0,0,'2019-10-25 01:39:07','2025-12-27 07:45:40'),(152,14,'Sibling Report','sibling_report',1,0,0,0,'2019-10-25 01:39:07','2025-12-27 07:45:40'),(153,14,'Homework Evaluation Report','homehork_evaluation_report',1,0,0,0,'2019-11-24 01:04:24','2025-12-27 07:45:40'),(154,14,'Student Profile','student_profile',1,0,0,0,'2019-10-25 01:39:07','2025-12-27 07:45:40'),(155,14,'Fees Statement','fees_statement',1,0,0,0,'2019-10-25 01:55:52','2025-12-27 07:45:40'),(156,14,'Balance Fees Report','balance_fees_report',1,0,0,0,'2019-10-25 01:55:52','2025-12-27 07:45:40'),(157,14,'Fees Collection Report','fees_collection_report',1,0,0,0,'2019-10-25 01:55:52','2025-12-27 07:45:40'),(158,14,'Online Fees Collection Report','online_fees_collection_report',1,0,0,0,'2019-10-25 01:55:52','2025-12-27 07:45:40'),(159,14,'Income Report','income_report',1,0,0,0,'2019-10-25 01:55:52','2025-12-27 07:45:40'),(160,14,'Expense Report','expense_report',1,0,0,0,'2019-10-25 01:55:52','2025-12-27 07:45:40'),(161,14,'PayRoll Report','payroll_report',1,0,0,0,'2019-10-31 00:23:22','2025-12-27 07:45:40'),(162,14,'Income Group Report','income_group_report',1,0,0,0,'2019-10-25 01:55:52','2025-12-27 07:45:40'),(163,14,'Expense Group Report','expense_group_report',1,0,0,0,'2019-10-25 01:55:52','2025-12-27 07:45:40'),(164,14,'Attendance Report','attendance_report',1,0,0,0,'2019-10-25 02:08:06','2025-12-27 07:45:40'),(165,14,'Staff Attendance Report','staff_attendance_report',1,0,0,0,'2019-10-25 02:08:06','2025-12-27 07:45:40'),(174,14,'Transport Report','transport_report',1,0,0,0,'2019-10-25 02:13:56','2025-12-27 07:45:40'),(175,14,'Hostel Report','hostel_report',1,0,0,0,'2019-11-27 06:51:53','2025-12-27 07:45:40'),(176,14,'Audit Trail Report','audit_trail_report',1,0,0,0,'2019-10-25 02:16:39','2025-12-27 07:45:40'),(177,14,'User Log','user_log',1,0,0,0,'2019-10-25 02:19:27','2025-12-27 07:45:40'),(178,14,'Book Issue Report','book_issue_report',1,0,0,0,'2019-10-25 02:29:04','2025-12-27 07:45:40'),(179,14,'Book Due Report','book_due_report',1,0,0,0,'2019-10-25 02:29:04','2025-12-27 07:45:40'),(180,14,'Book Inventory Report','book_inventory_report',1,0,0,0,'2019-10-25 02:29:04','2025-12-27 07:45:40'),(181,14,'Stock Report','stock_report',1,0,0,0,'2019-10-25 02:31:28','2025-12-27 07:45:40'),(182,14,'Add Item Report','add_item_report',1,0,0,0,'2019-10-25 02:31:28','2025-12-27 07:45:40'),(183,14,'Issue Item Report','issue_item_report',1,0,0,0,'2019-11-29 03:48:06','2025-12-27 07:45:40'),(185,23,'Online Examination','online_examination',1,1,1,1,'2019-11-23 23:54:50','2025-12-27 07:45:40'),(186,23,'Question Bank','question_bank',1,1,1,1,'2019-11-23 23:55:18','2025-12-27 07:45:40'),(187,6,'Exam Result','exam_result',1,0,0,0,'2019-11-23 23:58:50','2025-12-27 07:45:40'),(188,7,'Subject Group','subject_group',1,1,1,1,'2019-11-24 00:34:32','2025-12-27 07:45:40'),(189,18,'Teachers Rating','teachers_rating',1,0,1,1,'2019-11-24 03:12:54','2025-12-27 07:45:40'),(190,22,'Fees Awaiting Payment Widegts','fees_awaiting_payment_widegts',1,0,0,0,'2019-11-24 00:52:51','2025-12-27 07:45:40'),(191,22,'Converted Leads Widegts','conveted_leads_widegts',1,0,0,0,'2025-02-13 09:03:14','2025-12-27 07:45:40'),(192,22,'Fees Overview Widegts','fees_overview_widegts',1,0,0,0,'2019-11-24 00:57:41','2025-12-27 07:45:40'),(193,22,'Enquiry Overview Widegts','enquiry_overview_widegts',1,0,0,0,'2019-12-02 05:06:09','2025-12-27 07:45:40'),(194,22,'Library Overview Widegts','book_overview_widegts',1,0,0,0,'2019-12-01 01:13:04','2025-12-27 07:45:40'),(195,22,'Student Today Attendance Widegts','today_attendance_widegts',1,0,0,0,'2019-12-03 04:57:45','2025-12-27 07:45:40'),(196,6,'Marks Import','marks_import',1,0,0,0,'2019-11-24 01:02:11','2025-12-27 07:45:40'),(197,14,'Student Attendance Type Report','student_attendance_type_report',1,0,0,0,'2019-11-24 01:06:32','2025-12-27 07:45:40'),(200,14,'Online Exam Wise Report','online_exam_wise_report',1,0,0,0,'2019-11-24 01:18:14','2025-12-27 07:45:40'),(201,14,'Online Exams Report','online_exams_report',1,0,0,0,'2019-11-29 02:48:05','2025-12-27 07:45:40'),(202,14,'Online Exams Attempt Report','online_exams_attempt_report',1,0,0,0,'2019-11-29 02:46:24','2025-12-27 07:45:40'),(203,14,'Online Exams Rank Report','online_exams_rank_report',1,0,0,0,'2019-11-24 01:22:25','2025-12-27 07:45:40'),(204,14,'Staff Report','staff_report',1,0,0,0,'2019-11-24 01:25:27','2025-12-27 07:45:40'),(205,6,'Exam','exam',1,1,1,1,'2019-11-24 04:55:48','2025-12-27 07:45:40'),(207,6,'Exam Publish','exam_publish',1,0,0,0,'2019-11-24 05:15:04','2025-12-27 07:45:40'),(208,6,'Link Exam','link_exam',1,0,1,0,'2019-11-24 05:15:04','2025-12-27 07:45:40'),(210,6,'Assign / View student','exam_assign_view_student',1,0,1,0,'2019-11-24 05:15:04','2025-12-27 07:45:40'),(211,6,'Exam Subject','exam_subject',1,0,1,0,'2019-11-24 05:15:04','2025-12-27 07:45:40'),(212,6,'Exam Marks','exam_marks',1,0,1,0,'2019-11-24 05:15:04','2025-12-27 07:45:40'),(213,15,'Language Switcher','language_switcher',1,0,0,0,'2019-11-24 05:17:11','2025-12-27 07:45:40'),(214,23,'Add Questions in Exam ','add_questions_in_exam',1,0,1,0,'2019-11-28 01:38:57','2025-12-27 07:45:40'),(215,15,'Custom Fields','custom_fields',1,0,0,0,'2019-11-29 04:08:35','2025-12-27 07:45:40'),(216,15,'System Fields','system_fields',1,0,0,0,'2019-11-25 00:15:01','2025-12-27 07:45:40'),(217,13,'SMS','sms',1,0,0,0,'2018-06-22 10:40:54','2025-12-27 07:45:40'),(219,14,'Student / Period Attendance Report','student_period_attendance_report',1,0,0,0,'2019-11-29 02:19:31','2025-12-27 07:45:40'),(220,14,'Biometric Attendance Log','biometric_attendance_log',1,0,0,0,'2019-11-27 05:59:16','2025-12-27 07:45:40'),(221,14,'Book Issue Return Report','book_issue_return_report',1,0,0,0,'2019-11-27 06:30:23','2025-12-27 07:45:40'),(222,23,'Assign / View Student','online_assign_view_student',1,0,1,0,'2019-11-28 04:20:22','2025-12-27 07:45:40'),(223,14,'Rank Report','rank_report',1,0,0,0,'2019-11-29 02:30:21','2025-12-27 07:45:40'),(224,25,'Chat','chat',1,0,0,0,'2019-11-29 04:10:28','2025-12-27 07:45:40'),(226,22,'Income Donut Graph','income_donut_graph',1,0,0,0,'2019-11-29 05:00:33','2025-12-27 07:45:40'),(227,22,'Expense Donut Graph','expense_donut_graph',1,0,0,0,'2019-11-29 05:01:10','2025-12-27 07:45:40'),(228,9,'Import Book','import_book',1,0,0,0,'2019-11-29 06:21:01','2025-12-27 07:45:40'),(229,22,'Staff Present Today Widegts','staff_present_today_widegts',1,0,0,0,'2019-11-29 06:48:00','2025-12-27 07:45:40'),(230,22,'Student Present Today Widegts','student_present_today_widegts',1,0,0,0,'2019-11-29 06:47:42','2025-12-27 07:45:40'),(231,26,'Multi Class Student','multi_class_student',1,1,1,1,'2020-10-05 08:56:27','2025-12-27 07:45:40'),(232,27,'Online Admission','online_admission',1,0,1,1,'2019-12-02 06:11:10','2025-12-27 07:45:40'),(233,15,'Print Header Footer','print_header_footer',1,0,0,0,'2020-02-12 02:02:02','2025-12-27 07:45:40'),(234,28,'Manage Alumni','manage_alumni',1,1,1,1,'2020-06-02 03:15:46','2025-12-27 07:45:40'),(235,28,'Events','events',1,1,1,1,'2020-05-28 21:48:52','2025-12-27 07:45:40'),(236,29,'Manage Lesson Plan','manage_lesson_plan',1,1,1,0,'2020-05-28 22:17:37','2025-12-27 07:45:40'),(237,29,'Manage Syllabus Status','manage_syllabus_status',1,0,1,0,'2020-05-28 22:20:11','2025-12-27 07:45:40'),(238,29,'Lesson','lesson',1,1,1,1,'2020-05-28 22:20:11','2025-12-27 07:45:40'),(239,29,'Topic','topic',1,1,1,1,'2020-05-28 22:20:11','2025-12-27 07:45:40'),(240,14,'Syllabus Status Report','syllabus_status_report',1,0,0,0,'2020-05-28 23:17:54','2025-12-27 07:45:40'),(241,14,'Subject Lesson Plan Report','subject_lesson_plan_report',1,0,0,0,'2020-05-28 23:17:54','2025-12-27 07:46:57'),(242,14,'Alumni Report','alumni_report',1,0,0,0,'2020-06-07 23:59:54','2025-12-27 07:45:40'),(243,15,'Student Profile Update','student_profile_update',1,0,0,0,'2020-08-21 05:36:33','2025-12-27 07:45:40'),(244,14,'Student Gender Ratio Report','student_gender_ratio_report',1,0,0,0,'2020-08-22 12:37:51','2025-12-27 07:45:40'),(245,14,'Student Teacher Ratio Report','student_teacher_ratio_report',1,0,0,0,'2020-08-22 12:42:27','2025-12-27 07:45:40'),(246,14,'Daily Attendance Report','daily_attendance_report',1,0,0,0,'2020-08-22 12:43:16','2025-12-27 07:45:40'),(247,23,'Import Question','import_question',1,0,0,0,'2019-11-23 18:25:18','2025-12-27 07:45:40'),(248,20,'Staff ID Card','staff_id_card',1,1,1,1,'2018-07-06 10:41:28','2025-12-27 07:45:40'),(249,20,'Generate Staff ID Card','generate_staff_id_card',1,0,0,0,'2018-07-06 10:41:49','2025-12-27 07:45:40'),(250,19,'Daily Assignment','daily_assignment',1,0,0,0,'2022-03-02 07:28:23','2025-12-27 07:45:40'),(251,6,'Marks Division','marks_division',1,1,1,1,'2022-07-01 15:24:16','2025-12-27 07:45:40'),(252,13,'Schedule Email SMS Log','schedule_email_sms_log',1,0,1,1,'2022-07-09 11:25:16','2025-12-27 07:46:57'),(253,13,'Login Credentials Send','login_credentials_send',1,0,0,0,'2022-07-01 15:46:10','2025-12-27 07:45:40'),(254,13,'Email Template','email_template',1,1,1,1,'2022-07-01 15:46:10','2025-12-27 07:45:40'),(255,13,'SMS Template','sms_template',1,1,1,1,'2022-07-01 15:46:10','2025-12-27 07:45:40'),(256,14,'Balance Fees Report With Remark','balance_fees_report_with_remark',1,0,0,0,'2019-10-25 01:55:52','2025-12-27 07:45:40'),(257,14,'Balance Fees Statement','balance_fees_statement',1,0,0,0,'2019-10-25 01:55:52','2025-12-27 07:45:40'),(258,14,'Daily Collection Report','daily_collection_report',1,0,0,0,'2019-10-25 01:55:52','2025-12-27 07:45:40'),(259,11,'Fees Master','transport_fees_master',1,0,1,0,'2022-07-05 09:29:19','2025-12-27 07:45:40'),(260,11,'Pickup Point','pickup_point',1,1,1,1,'2022-07-04 09:50:08','2025-12-27 07:45:40'),(261,11,'Route Pickup Point','route_pickup_point',1,1,1,1,'2022-07-04 09:50:08','2025-12-27 07:45:40'),(262,11,'Student Transport Fees','student_transport_fees',1,1,1,0,'2022-07-05 10:15:55','2025-12-27 07:45:40'),(263,29,'Comments','lesson_plan_comments',1,1,0,1,'2020-05-28 22:20:11','2025-12-27 07:45:40'),(264,15,'Sidebar Menu','sidebar_menu',1,0,0,0,'2022-07-11 12:01:17','2025-12-27 07:45:40'),(265,15,'Currency','currency',1,0,0,0,'2020-08-21 05:36:33','2025-12-27 07:45:40'),(266,6,'Exam Schedule','exam_schedule',1,0,0,0,'2019-11-23 23:58:50','2025-12-27 07:45:40'),(267,6,'Generate Rank','generate_rank',1,0,0,0,'2019-11-24 05:15:04','2025-12-27 07:45:40'),(268,8,'Content Type','content_type',1,1,1,1,'2022-07-08 05:18:54','2025-12-27 07:45:40'),(269,8,'Content Share List','content_share_list',1,0,0,1,'2022-07-08 05:18:58','2025-12-27 07:45:40'),(270,8,'Video Tutorial','video_tutorial',1,1,1,1,'2022-07-08 05:19:01','2025-12-27 07:45:40'),(271,15,'Currency Switcher','currency_switcher',1,0,0,0,'2019-11-24 05:17:11','2025-12-27 07:45:40'),(272,2,'Offline Bank Payments','offline_bank_payments',1,0,0,0,'2018-06-27 00:18:15','2025-12-27 07:45:40'),(273,29,'Copy Old Lessons','copy_old_lesson',1,0,0,0,'2020-05-28 22:20:11','2025-12-27 07:45:40'),(274,30,'Annual Calendar','annual_calendar',1,1,1,1,'2020-05-28 22:20:11','2025-12-27 07:45:40'),(275,30,'Holiday Type','holiday_type',1,1,1,1,'2024-10-14 12:31:14','2025-12-27 07:45:40'),(276,14,'Online Admission Report','online_admission_report',1,0,0,0,'2020-08-22 12:42:27','2025-12-27 07:45:40'),(277,31,'Download CV','download_cv',1,0,0,0,'2024-12-10 11:06:30','2025-12-27 07:45:40'),(278,31,'Build CV','build_cv',1,1,0,1,'2024-12-13 07:05:10','2025-12-27 07:45:40'),(279,31,'Setting','download_cv_setting',1,0,0,0,'2024-12-10 11:06:30','2025-12-27 07:45:40'),(280,22,'Student Head Count Widget','student_head_count_widget',1,0,0,0,'2018-07-03 07:13:35','2025-12-27 07:45:40'),(281,22,'Staff Approved Leave Widegts','staff_approved_leave_widegts',1,0,0,0,'2018-07-03 07:13:35','2025-12-27 07:45:40'),(282,22,'Student Approved Leave Widegts','student_approved_leave_widegts',1,0,0,0,'2018-07-03 07:13:35','2025-12-27 07:45:40'),(283,14,'Income Expense Balance Report','income_expense_balance_report',1,0,0,0,'2019-10-24 23:55:52','2025-10-03 11:54:07'),(284,14,'Due Fees Report','due_fees_report',1,0,0,0,'2019-10-24 23:55:52','2025-10-03 11:54:07'),(285,14,'Homework Marks Report','homework_marks_report',1,0,0,0,'2019-11-24 00:04:24','2025-10-03 11:54:07'),(286,14,'Online Admission Fees Collection Report','online_admission_fees_collection_report',1,0,0,0,'2019-10-24 23:55:52','2025-10-03 11:54:07'),(288,14,'Class Section Report','class_section_report',1,0,0,0,'2019-10-24 23:27:00','2025-10-03 11:54:07'),(289,20,'Download Transfer Certificate','download_tc',1,0,0,0,'2024-12-10 10:06:30','2025-10-03 11:54:07'),(290,20,'Build Transfer Certificate','prepare_tc',1,0,0,0,'2024-12-10 10:06:30','2025-10-03 11:54:07'),(291,20,'Transfer Certificate Settings','tc_settings',1,0,0,0,'2024-12-10 10:06:30','2025-10-03 11:54:07'),(292,20,'Verify Transfer Certificate','verify_tc',1,0,0,0,'2024-12-10 10:06:30','2025-10-03 11:54:07'),(293,14,'Leave Request Report','staff_leave_request_report',1,0,0,0,'2019-10-24 23:39:07','2025-10-03 11:54:07'),(294,14,'My Leave Request Report','my_leave_request_report',1,0,0,0,'2019-10-24 23:39:07','2025-10-03 11:54:07'),(7001,700,'Online Course','online_course',1,1,1,1,'2019-11-23 18:25:18','2026-04-22 09:44:29'),(7002,700,'Course Publish','course_publish',1,0,0,0,'2019-11-23 18:25:18','2026-04-22 09:44:29'),(7003,700,'Course Section','online_course_section',1,1,1,1,'2021-05-17 05:26:33','2026-04-22 09:44:29'),(7004,700,'Course Lesson','online_course_lesson',1,1,1,1,'2021-05-17 05:26:24','2026-04-22 09:44:29'),(7005,700,'Course Quiz','online_course_quiz',1,1,1,1,'2021-05-17 05:26:20','2026-04-22 09:44:29'),(7006,700,'Offline Payment','online_course_offline_payment',1,1,0,0,'2021-05-17 05:26:17','2026-04-22 09:44:29'),(7007,700,'Student Course Purchase Report','student_course_purchase_report',1,0,0,0,'2021-05-17 05:25:56','2026-04-22 09:44:29'),(7008,700,'Course Sell Count Report','course_sell_count_report',1,0,0,0,'2021-05-17 05:25:52','2026-04-22 09:44:29'),(7009,700,'Course Trending Report','course_trending_report',1,0,0,0,'2021-05-17 05:25:49','2026-04-22 09:44:29'),(7010,700,'Course Complete Report','course_complete_report',1,0,0,0,'2021-05-17 05:25:42','2026-04-22 09:44:29'),(7011,700,'Setting','online_course_setting',1,0,0,0,'2021-05-17 05:25:37','2026-04-22 09:44:29'),(7012,700,'Course Rating Report','course_rating_report',1,0,0,1,'2022-06-14 11:24:57','2026-04-22 09:44:29'),(7013,700,'Guest Report','guest_report',1,0,1,1,'2022-06-14 11:33:09','2026-04-22 09:44:29'),(7014,700,'Course Category','course_category',1,1,1,1,'2019-11-23 18:25:18','2026-04-22 09:44:29'),(7015,700,'Question Bank','online_course_question_bank',1,1,1,1,'2024-12-24 06:47:52','2026-04-22 09:44:36'),(7016,700,'Question Tag','online_course_question_tag',1,1,1,1,'2024-12-24 06:47:59','2026-04-22 09:44:36'),(7017,700,'Course Exam','online_course_exam',1,1,1,1,'2021-05-17 05:26:24','2026-04-22 09:44:36'),(7018,700,'Course Assignment','online_course_assignment',1,1,1,1,'2021-05-17 05:26:33','2026-04-22 09:44:36'),(7019,700,'Course Add Questions in Exam ','online_course_add_questions_in_exam',1,0,1,1,'2024-12-25 11:48:07','2026-04-22 09:44:36'),(7020,700,'Course Evalute Assignment','online_course_evalute_assignment',1,1,0,0,'2024-12-25 10:16:20','2026-04-22 09:44:36'),(7021,700,'Course Assignment Report','course_assignment_report',1,0,0,0,'2025-01-06 11:16:36','2026-04-22 09:44:36'),(7022,700,'Course Exam Result Report','course_exam_result_report',1,0,0,0,'2025-01-06 11:16:33','2026-04-22 09:44:36'),(7023,700,'Course Exam Report','course_exam_report',1,0,0,0,'2025-01-06 11:16:27','2026-04-22 09:44:36'),(7024,700,'Course Exam Attempt Report','course_exam_attempt_report',1,0,0,0,'2025-01-06 11:16:24','2026-04-22 09:44:36'),(7025,700,'Course Certificate Template','course_certificate_template',1,1,1,1,'2025-01-06 10:16:24','2025-10-04 06:41:15');
/*!40000 ALTER TABLE `permission_category` ENABLE KEYS */;
UNLOCK TABLES;

--
-- Table structure for table `permission_group`
--

DROP TABLE IF EXISTS `permission_group`;
/*!40101 SET @saved_cs_client     = @@character_set_client */;
/*!50503 SET character_set_client = utf8mb4 */;
CREATE TABLE `permission_group` (
  `id` int NOT NULL AUTO_INCREMENT,
  `name` varchar(100) DEFAULT NULL,
  `short_code` varchar(100) NOT NULL,
  `is_active` int DEFAULT '0',
  `system` int NOT NULL,
  `created_at` timestamp NOT NULL DEFAULT CURRENT_TIMESTAMP,
  `updated_at` timestamp NOT NULL DEFAULT CURRENT_TIMESTAMP ON UPDATE CURRENT_TIMESTAMP,
  PRIMARY KEY (`id`)
) ENGINE=InnoDB AUTO_INCREMENT=701 DEFAULT CHARSET=utf8mb3;
/*!40101 SET character_set_client = @saved_cs_client */;

--
-- Dumping data for table `permission_group`
--

LOCK TABLES `permission_group` WRITE;
/*!40000 ALTER TABLE `permission_group` DISABLE KEYS */;
INSERT INTO `permission_group` VALUES (1,'Student Information','student_information',1,1,'2019-03-15 09:30:22','2025-12-27 07:45:40'),(2,'Fees Collection','fees_collection',1,0,'2020-06-11 00:51:35','2025-12-27 07:45:40'),(3,'Income','income',1,0,'2020-06-01 01:57:39','2025-12-27 07:45:40'),(4,'Expense','expense',1,0,'2019-03-15 09:06:22','2025-12-27 07:45:40'),(5,'Student Attendance','student_attendance',1,0,'2018-07-02 07:48:08','2025-12-27 07:45:40'),(6,'Examination','examination',1,0,'2018-07-11 02:49:08','2025-12-27 07:45:40'),(7,'Academics','academics',1,1,'2018-07-02 07:25:43','2025-12-27 07:45:40'),(8,'Download Center','download_center',1,0,'2018-07-02 07:49:29','2025-12-27 07:45:40'),(9,'Library','library',1,0,'2018-06-28 11:13:14','2025-12-27 07:45:40'),(10,'Inventory','inventory',1,0,'2018-06-27 00:48:58','2025-12-27 07:45:40'),(11,'Transport','transport',1,0,'2018-06-27 07:51:26','2025-12-27 07:45:40'),(12,'Hostel','hostel',1,0,'2018-07-02 07:49:32','2025-12-27 07:45:40'),(13,'Communicate','communicate',1,0,'2018-07-02 07:50:00','2025-12-27 07:45:40'),(14,'Reports','reports',1,1,'2018-06-27 03:40:22','2025-12-27 07:45:40'),(15,'System Settings','system_settings',1,1,'2018-06-27 03:40:28','2025-12-27 07:45:40'),(16,'Front CMS','front_cms',1,0,'2018-07-10 05:16:54','2025-12-27 07:45:40'),(17,'Front Office','front_office',1,0,'2018-06-27 03:45:30','2025-12-27 07:45:40'),(18,'Human Resource','human_resource',1,1,'2018-06-27 03:41:02','2025-12-27 07:45:40'),(19,'Homework','homework',1,0,'2018-06-27 00:49:38','2025-12-27 07:45:40'),(20,'Certificate','certificate',1,0,'2018-06-27 07:51:29','2025-12-27 07:45:40'),(21,'Calendar To Do List','calendar_to_do_list',1,0,'2019-03-15 09:06:25','2025-12-27 07:45:40'),(22,'Dashboard and Widgets','dashboard_and_widgets',1,1,'2018-06-27 03:41:17','2025-12-27 07:45:40'),(23,'Online Examination','online_examination',1,0,'2020-06-01 02:25:36','2025-12-27 07:45:40'),(25,'Chat','chat',1,0,'2019-11-23 23:54:04','2025-12-27 07:45:40'),(26,'Multi Class','multi_class',1,0,'2019-11-27 12:14:14','2025-12-27 07:45:40'),(27,'Online Admission','online_admission',1,0,'2019-11-27 02:42:13','2025-12-27 07:45:40'),(28,'Alumni','alumni',1,0,'2020-05-29 00:26:38','2025-12-27 07:45:40'),(29,'Lesson Plan','lesson_plan',1,0,'2020-06-07 05:38:30','2025-12-27 07:45:40'),(30,'Annual Calendar','annual_calendar',1,0,'2024-10-22 10:45:56','2025-12-27 07:45:40'),(31,'Student CV','student_cv',1,0,'2024-12-13 11:54:57','2025-12-27 07:45:40'),(700,'Online Course','online_course',1,0,'2021-05-15 11:35:53','2026-04-22 09:44:29');
/*!40000 ALTER TABLE `permission_group` ENABLE KEYS */;
UNLOCK TABLES;

--
-- Table structure for table `permission_student`
--

DROP TABLE IF EXISTS `permission_student`;
/*!40101 SET @saved_cs_client     = @@character_set_client */;
/*!50503 SET character_set_client = utf8mb4 */;
CREATE TABLE `permission_student` (
  `id` int NOT NULL AUTO_INCREMENT,
  `name` varchar(100) DEFAULT NULL,
  `short_code` varchar(100) NOT NULL,
  `system` int NOT NULL,
  `student` int NOT NULL,
  `parent` int NOT NULL,
  `group_id` int DEFAULT NULL,
  `created_at` timestamp NOT NULL DEFAULT CURRENT_TIMESTAMP,
  `updated_at` timestamp NOT NULL DEFAULT CURRENT_TIMESTAMP ON UPDATE CURRENT_TIMESTAMP,
  PRIMARY KEY (`id`),
  KEY `group_id` (`group_id`),
  CONSTRAINT `permission_student_ibfk_1` FOREIGN KEY (`group_id`) REFERENCES `permission_group` (`id`) ON DELETE CASCADE
) ENGINE=InnoDB AUTO_INCREMENT=701 DEFAULT CHARSET=utf8mb3;
/*!40101 SET character_set_client = @saved_cs_client */;

--
-- Dumping data for table `permission_student`
--

LOCK TABLES `permission_student` WRITE;
/*!40000 ALTER TABLE `permission_student` DISABLE KEYS */;
INSERT INTO `permission_student` VALUES (1,'Fees','fees',0,1,1,2,'2020-06-11 00:51:35','2025-12-27 07:45:40'),(2,'Class Timetable','class_timetable',1,1,1,7,'2020-05-30 19:57:50','2025-12-27 07:45:40'),(3,'Homework','homework',0,1,1,19,'2020-06-01 02:49:14','2025-12-27 07:45:40'),(4,'Download Center','download_center',0,1,1,8,'2020-06-01 02:52:49','2025-12-27 07:45:40'),(5,'Attendance','attendance',0,1,1,5,'2020-06-01 02:57:18','2025-12-27 07:45:40'),(7,'Examinations','examinations',0,1,1,6,'2020-06-01 02:59:50','2025-12-27 07:45:40'),(8,'Notice Board','notice_board',0,1,1,13,'2020-06-01 03:00:35','2025-12-27 07:45:40'),(11,'Library','library',0,1,1,9,'2020-06-01 03:02:37','2025-12-27 07:45:40'),(12,'Transport Routes','transport_routes',0,1,1,11,'2020-06-01 03:51:30','2025-12-27 07:45:40'),(13,'Hostel Rooms','hostel_rooms',0,1,1,12,'2020-06-01 03:52:27','2025-12-27 07:45:40'),(14,'Calendar To Do List','calendar_to_do_list',0,1,1,21,'2020-06-01 03:53:18','2025-12-27 07:45:40'),(15,'Online Examination','online_examination',0,1,1,23,'2020-06-11 05:20:01','2025-12-27 07:45:40'),(16,'Teachers Rating','teachers_rating',0,1,1,NULL,'2022-12-28 09:52:28','2025-12-27 07:45:40'),(17,'Chat','chat',0,1,1,25,'2020-06-01 04:53:06','2025-12-27 07:45:40'),(18,'Multi Class','multi_class',1,1,1,26,'2020-05-30 19:56:52','2025-12-27 07:45:40'),(19,'Lesson Plan','lesson_plan',0,1,1,29,'2020-06-07 05:38:30','2025-12-27 07:45:40'),(20,'Syllabus Status','syllabus_status',0,1,1,29,'2020-06-07 05:38:30','2025-12-27 07:45:40'),(23,'Apply Leave','apply_leave',0,1,1,NULL,'2022-12-28 09:52:28','2025-12-27 07:45:40'),(24,'Visitor Book','visitor_book',0,1,1,NULL,'2022-10-10 11:45:18','2025-12-27 07:45:40'),(25,'Student Timeline','student_timeline',0,1,1,NULL,'2022-10-11 04:50:29','2025-12-27 07:45:40'),(700,'Online Course','online_course',0,1,1,700,'2021-05-15 11:35:53','2026-04-22 09:44:29');
/*!40000 ALTER TABLE `permission_student` ENABLE KEYS */;
UNLOCK TABLES;

--
-- Table structure for table `pickup_point`
--

DROP TABLE IF EXISTS `pickup_point`;
/*!40101 SET @saved_cs_client     = @@character_set_client */;
/*!50503 SET character_set_client = utf8mb4 */;
CREATE TABLE `pickup_point` (
  `id` int NOT NULL AUTO_INCREMENT,
  `name` varchar(255) NOT NULL,
  `latitude` varchar(100) DEFAULT NULL,
  `longitude` varchar(100) DEFAULT NULL,
  `created_at` timestamp NOT NULL DEFAULT CURRENT_TIMESTAMP,
  `updated_at` timestamp NOT NULL DEFAULT CURRENT_TIMESTAMP ON UPDATE CURRENT_TIMESTAMP,
  PRIMARY KEY (`id`)
) ENGINE=InnoDB AUTO_INCREMENT=4 DEFAULT CHARSET=utf8mb3;
/*!40101 SET character_set_client = @saved_cs_client */;

--
-- Dumping data for table `pickup_point`
--

LOCK TABLES `pickup_point` WRITE;
/*!40000 ALTER TABLE `pickup_point` DISABLE KEYS */;
INSERT INTO `pickup_point` VALUES (1,'Olaya Stop','24.7136','46.6753','2026-04-21 07:23:40','2026-04-21 07:23:40'),(2,'Malaz Stop','24.6644','46.7371','2026-04-21 07:24:16','2026-04-21 07:24:16'),(3,'Nakheel Stop','24.7589','46.6395','2026-04-21 07:24:46','2026-04-21 07:24:46');
/*!40000 ALTER TABLE `pickup_point` ENABLE KEYS */;
UNLOCK TABLES;

--
-- Table structure for table `print_headerfooter`
--

DROP TABLE IF EXISTS `print_headerfooter`;
/*!40101 SET @saved_cs_client     = @@character_set_client */;
/*!50503 SET character_set_client = utf8mb4 */;
CREATE TABLE `print_headerfooter` (
  `id` int NOT NULL AUTO_INCREMENT,
  `print_type` varchar(255) NOT NULL,
  `header_image` text,
  `footer_content` text NOT NULL,
  `created_by` int NOT NULL,
  `entry_date` timestamp NOT NULL DEFAULT CURRENT_TIMESTAMP ON UPDATE CURRENT_TIMESTAMP,
  `created_at` timestamp NOT NULL DEFAULT CURRENT_TIMESTAMP,
  `updated_at` timestamp NOT NULL DEFAULT CURRENT_TIMESTAMP ON UPDATE CURRENT_TIMESTAMP,
  PRIMARY KEY (`id`)
) ENGINE=InnoDB AUTO_INCREMENT=7 DEFAULT CHARSET=utf8mb3;
/*!40101 SET character_set_client = @saved_cs_client */;

--
-- Dumping data for table `print_headerfooter`
--

LOCK TABLES `print_headerfooter` WRITE;
/*!40000 ALTER TABLE `print_headerfooter` DISABLE KEYS */;
INSERT INTO `print_headerfooter` VALUES (1,'staff_payslip','1776329131-42661666369e0a1abc4c5b!ChatGPT Image Apr 16, 2026, 01_41_03 PM.png','Al Noor International School | King Fahd Road, Al Olaya District, Riyadh, Saudi Arabia | Phone: +966 11 456 7890 | Email: info@alnoorschool.edu.sa | Website: <a target=\"_blank\" rel=\"nofollow\" href=\"http://www.alnoorschool.edu.sa\">www.alnoorschool.edu.sa</a>',1,'2026-04-16 08:45:31','2022-12-28 09:52:24','2026-04-16 08:45:31'),(2,'student_receipt','1776328989-146891622169e0a11d35917!ChatGPT Image Apr 16, 2026, 01_41_03 PM.png','<p>Al Noor International School | King Fahd Road, Al Olaya District, Riyadh, Saudi Arabia | Phone: +966 11 456 7890 | Email: info@alnoorschool.edu.sa | Website: <a target=\"_blank\" rel=\"nofollow\" href=\"http://www.alnoorschool.edu.sa\">www.alnoorschool.edu.sa</a><br></p>',1,'2026-04-16 08:43:09','2022-12-28 09:52:24','2026-04-16 08:43:09'),(3,'online_admission_receipt','1776329149-143365883469e0a1bd7f9df!ChatGPT Image Apr 16, 2026, 01_41_03 PM.png','Al Noor International School | King Fahd Road, Al Olaya District, Riyadh, Saudi Arabia | Phone: +966 11 456 7890 | Email: info@alnoorschool.edu.sa | Website: <a target=\"_blank\" rel=\"nofollow\" href=\"http://www.alnoorschool.edu.sa\">www.alnoorschool.edu.sa</a>',1,'2026-04-16 08:45:49','2022-12-28 09:52:24','2026-04-16 08:45:49'),(4,'online_exam','1776329164-92862593869e0a1cce6276!ChatGPT Image Apr 16, 2026, 01_41_03 PM.png','Al Noor International School | King Fahd Road, Al Olaya District, Riyadh, Saudi Arabia | Phone: +966 11 456 7890 | Email: info@alnoorschool.edu.sa | Website: <a target=\"_blank\" rel=\"nofollow\" href=\"http://www.alnoorschool.edu.sa\">www.alnoorschool.edu.sa</a>',1,'2026-04-16 08:46:04','2022-09-08 17:28:34','2026-04-16 08:46:04'),(5,'general_purpose','1776329197-147319384569e0a1ed8eeb4!ChatGPT Image Apr 16, 2026, 01_41_03 PM.png','<h1>\r\n\r\n</h1><p>Al Noor International School | King Fahd Road, Al Olaya District, Riyadh, Saudi Arabia | Phone: +966 11 456 7890 | Email: info@alnoorschool.edu.sa | Website: <a target=\"_blank\" rel=\"nofollow\" href=\"http://www.alnoorschool.edu.sa\">www.alnoorschool.edu.sa</a></p>',1,'2026-04-16 08:46:37','2022-09-08 17:28:34','2026-04-16 08:46:37'),(6,'email','1776329183-16023870569e0a1df24216!ChatGPT Image Apr 16, 2026, 01_41_03 PM.png','<br><div>Al Noor International School | King Fahd Road, Al Olaya District, Riyadh, Saudi Arabia | Phone: +966 11 456 7890 | Email: info@alnoorschool.edu.sa | Website: <a target=\"_blank\" rel=\"nofollow\" href=\"http://www.alnoorschool.edu.sa\">www.alnoorschool.edu.sa</a>                                            </div>',1,'2026-04-16 08:46:23','2022-09-08 15:28:34','2026-04-16 08:46:23');
/*!40000 ALTER TABLE `print_headerfooter` ENABLE KEYS */;
UNLOCK TABLES;

--
-- Table structure for table `questions`
--

DROP TABLE IF EXISTS `questions`;
/*!40101 SET @saved_cs_client     = @@character_set_client */;
/*!50503 SET character_set_client = utf8mb4 */;
CREATE TABLE `questions` (
  `id` int NOT NULL AUTO_INCREMENT,
  `staff_id` int DEFAULT NULL,
  `subject_id` int DEFAULT NULL,
  `question_type` varchar(100) NOT NULL,
  `level` varchar(10) NOT NULL,
  `class_id` int NOT NULL,
  `section_id` int DEFAULT NULL,
  `class_section_id` int DEFAULT NULL,
  `question` text,
  `opt_a` text,
  `opt_b` text,
  `opt_c` text,
  `opt_d` text,
  `opt_e` text,
  `correct` text,
  `descriptive_word_limit` int NOT NULL,
  `created_at` timestamp NOT NULL DEFAULT CURRENT_TIMESTAMP,
  `updated_at` timestamp NOT NULL DEFAULT CURRENT_TIMESTAMP ON UPDATE CURRENT_TIMESTAMP,
  PRIMARY KEY (`id`),
  KEY `subject_id` (`subject_id`),
  KEY `staff_id` (`staff_id`),
  KEY `class_id` (`class_id`),
  KEY `section_id` (`section_id`),
  KEY `class_section_id` (`class_section_id`),
  CONSTRAINT `questions_ibfk_1` FOREIGN KEY (`subject_id`) REFERENCES `subjects` (`id`) ON DELETE CASCADE,
  CONSTRAINT `questions_ibfk_2` FOREIGN KEY (`staff_id`) REFERENCES `staff` (`id`) ON DELETE CASCADE,
  CONSTRAINT `questions_ibfk_3` FOREIGN KEY (`subject_id`) REFERENCES `subjects` (`id`) ON DELETE CASCADE,
  CONSTRAINT `questions_ibfk_4` FOREIGN KEY (`class_id`) REFERENCES `classes` (`id`) ON DELETE CASCADE,
  CONSTRAINT `questions_ibfk_5` FOREIGN KEY (`section_id`) REFERENCES `sections` (`id`) ON DELETE CASCADE,
  CONSTRAINT `questions_ibfk_6` FOREIGN KEY (`class_section_id`) REFERENCES `class_sections` (`id`) ON DELETE CASCADE
) ENGINE=InnoDB AUTO_INCREMENT=193 DEFAULT CHARSET=utf8mb3;
/*!40101 SET character_set_client = @saved_cs_client */;

--
-- Dumping data for table `questions`
--

LOCK TABLES `questions` WRITE;
/*!40000 ALTER TABLE `questions` DISABLE KEYS */;
INSERT INTO `questions` VALUES (1,1,2,'singlechoice','low',1,1,NULL,'What is 2 + 2?','3','4','5','6','','opt_b',0,'2026-04-22 10:18:23','2026-04-22 10:18:23'),(2,1,2,'singlechoice','low',1,1,NULL,'What is 5 + 3?','7','8','9','6','4','opt_d',0,'2026-04-22 10:19:06','2026-04-22 10:19:06'),(3,1,2,'singlechoice','low',1,1,NULL,'What is 7 - 2?','4','5','6','3','','opt_b',0,'2026-04-22 10:19:40','2026-04-22 10:19:40'),(4,1,2,'singlechoice','low',1,1,NULL,'What is 10 - 6?','2','3','4','5','6','opt_c',0,'2026-04-22 10:20:15','2026-04-22 10:20:15'),(5,1,2,'singlechoice','low',1,1,NULL,'What comes after 9?','8','10','11','','12','opt_b',0,'2026-04-22 10:21:12','2026-04-22 10:21:12'),(6,1,2,'singlechoice','low',1,1,NULL,'What comes before 5?','3','4','5','6','7','opt_b',0,'2026-04-22 10:21:50','2026-04-22 10:21:50'),(7,1,2,'singlechoice','low',1,1,NULL,'Which shape has 3 sides?','Square','Triangle&nbsp;','Rectangle','','Square','opt_b',0,'2026-04-22 10:22:33','2026-04-22 10:22:33'),(129,1,2,'singlechoice','low',1,1,NULL,'Which shape has 3 sides?','Square','Triangle','Rectangle','Circle','','opt_b',0,'2026-04-22 12:42:37','2026-04-22 12:44:15'),(130,1,2,'singlechoice','low',1,1,NULL,'What is 2+2?','3','4','5','6','','opt_b',0,'2026-04-22 12:42:37','2026-04-22 12:44:02'),(131,1,2,'singlechoice','low',1,1,NULL,'What comes after 9?','8','10','11','7','','opt_b',0,'2026-04-22 12:42:37','2026-04-22 12:43:48'),(132,1,2,'singlechoice','medium',1,1,NULL,'Which number is bigger?','3','7','5','2','','opt_b',0,'2026-04-22 12:42:37','2026-04-22 12:43:18'),(133,1,2,'singlechoice','high',1,1,NULL,'What is 9-3?','5','6','7','8','','opt_b',0,'2026-04-22 12:42:37','2026-04-22 12:43:01'),(134,1,2,'singlechoice','low',1,1,NULL,'What is 2 + 2?','3','4','5','6','','opt_b',0,'2026-04-22 12:49:17','2026-04-22 12:49:17'),(135,1,2,'singlechoice','low',1,1,NULL,'What is 5 + 3?','7','8','9','6','','opt_b',0,'2026-04-22 12:49:17','2026-04-22 12:49:17'),(136,1,2,'singlechoice','low',1,1,NULL,'What is 7 - 2?','4','5','6','3','','opt_b',0,'2026-04-22 12:49:17','2026-04-22 12:49:17'),(137,1,2,'singlechoice','low',1,1,NULL,'What is 10 - 6?','2','3','4','5','','opt_c',0,'2026-04-22 12:49:17','2026-04-22 12:49:17'),(138,1,2,'singlechoice','low',1,1,NULL,'What comes after 9?','8','10','11','7','','opt_b',0,'2026-04-22 12:49:17','2026-04-22 12:49:17'),(139,1,2,'singlechoice','low',1,1,NULL,'What comes before 5?','6','4','3','7','','opt_b',0,'2026-04-22 12:49:17','2026-04-22 12:49:17'),(140,1,2,'singlechoice','medium',1,1,NULL,'Which shape has 3 sides?','Square','Triangle','Rectangle','Circle','','opt_b',0,'2026-04-22 12:49:17','2026-04-22 12:49:17'),(141,1,2,'singlechoice','medium',1,1,NULL,'Which number is bigger?','3','7','5','2','','opt_b',0,'2026-04-22 12:49:17','2026-04-22 12:49:17'),(142,1,2,'singlechoice','high',1,1,NULL,'What is 9 - 3?','5','6','7','8','','opt_b',0,'2026-04-22 12:49:17','2026-04-22 12:49:17'),(143,1,1,'singlechoice','low',1,1,NULL,'Choose the correct word: The cat ___ on the mat.','sit','sits','sat','sitting','','opt_b',0,'2026-04-22 12:51:29','2026-04-22 12:51:29'),(144,1,1,'singlechoice','low',1,1,NULL,'Select the correct plural of child.','childs','children','childes','childrens','','opt_b',0,'2026-04-22 12:51:29','2026-04-22 12:51:29'),(145,1,1,'singlechoice','low',1,1,NULL,'Which is a noun?','run','happy','book','quickly','','opt_c',0,'2026-04-22 12:51:29','2026-04-22 12:51:29'),(146,1,1,'singlechoice','medium',1,1,NULL,'Choose the correct sentence.','She go to school.','She goes to school.','She going school.','She gone school.','','opt_b',0,'2026-04-22 12:51:29','2026-04-22 12:51:29'),(147,1,1,'singlechoice','medium',1,1,NULL,'Which word is an adjective?','run','blue','eat','jump','','opt_b',0,'2026-04-22 12:51:29','2026-04-22 12:51:29'),(148,1,1,'singlechoice','medium',1,1,NULL,'Choose the correct past tense of go.','goed','went','gone','going','','opt_b',0,'2026-04-22 12:51:29','2026-04-22 12:51:29'),(149,1,1,'singlechoice','high',1,1,NULL,'Identify the verb: She writes a letter.','she','writes','letter','a','','opt_b',0,'2026-04-22 12:51:29','2026-04-22 12:51:29'),(150,1,1,'singlechoice','high',1,1,NULL,'Choose the correct article: ___ apple','a','an','the','no article','','opt_b',0,'2026-04-22 12:51:29','2026-04-22 12:51:29'),(151,1,1,'singlechoice','high',1,1,NULL,'Which is a pronoun?','Ali','school','he','teacher','','opt_c',0,'2026-04-22 12:51:29','2026-04-22 12:51:29'),(152,1,1,'singlechoice','low',1,1,NULL,'Choose the opposite of big.','large','huge','small','tall','','opt_c',0,'2026-04-22 12:51:29','2026-04-22 12:51:29'),(153,1,1,'singlechoice','low',2,1,NULL,'Choose the correct spelling.','recieve','receive','receve','receeve','','opt_b',0,'2026-04-22 12:53:09','2026-04-22 12:53:09'),(154,1,1,'singlechoice','low',2,1,NULL,'Which is a verb?','happy','run','blue','slowly','','opt_b',0,'2026-04-22 12:53:09','2026-04-22 12:53:09'),(155,1,1,'singlechoice','low',2,1,NULL,'Select the correct plural of \'mouse\'.','mouses','mices','mice','mouse','','opt_c',0,'2026-04-22 12:53:09','2026-04-22 12:53:09'),(156,1,1,'singlechoice','medium',2,1,NULL,'Choose the correct sentence.','He don\'t like apples.','He doesn\'t like apples.','He not like apples.','He didn\'t likes apples.','','opt_b',0,'2026-04-22 12:53:09','2026-04-22 12:53:09'),(157,1,1,'singlechoice','medium',2,1,NULL,'Which word is an adverb?','quick','quickly','run','dog','','opt_b',0,'2026-04-22 12:53:09','2026-04-22 12:53:09'),(158,1,1,'singlechoice','medium',2,1,NULL,'Choose the correct past tense of \'eat\'.','eated','ate','eaten','eats','','opt_b',0,'2026-04-22 12:53:09','2026-04-22 12:53:09'),(159,1,1,'singlechoice','high',2,1,NULL,'Identify the subject: \'Ali plays football.\'','Ali','plays','football','none','','opt_a',0,'2026-04-22 12:53:09','2026-04-22 12:53:09'),(160,1,1,'singlechoice','high',2,1,NULL,'Choose the correct article: ___ umbrella','a','an','the','no article','','opt_b',0,'2026-04-22 12:53:09','2026-04-22 12:53:09'),(161,1,1,'singlechoice','high',2,1,NULL,'Which is a conjunction?','and','run','blue','quickly','','opt_a',0,'2026-04-22 12:53:09','2026-04-22 12:53:09'),(162,1,1,'singlechoice','low',2,1,NULL,'Choose the opposite of \'hot\'.','warm','cold','boiling','heat','','opt_b',0,'2026-04-22 12:53:09','2026-04-22 12:53:09'),(163,1,2,'singlechoice','low',2,1,NULL,'What is 3 + 2?','4','5','6','7','','opt_b',0,'2026-04-22 12:54:16','2026-04-22 12:54:16'),(164,1,2,'singlechoice','low',2,1,NULL,'What is 6 - 1?','4','5','6','7','','opt_b',0,'2026-04-22 12:54:16','2026-04-22 12:54:16'),(165,1,2,'singlechoice','low',2,1,NULL,'What comes after 7?','6','7','8','9','','opt_c',0,'2026-04-22 12:54:16','2026-04-22 12:54:16'),(166,1,2,'singlechoice','medium',2,1,NULL,'What is 4 + 5?','7','8','9','10','','opt_c',0,'2026-04-22 12:54:16','2026-04-22 12:54:16'),(167,1,2,'singlechoice','medium',2,1,NULL,'What is 10 - 3?','6','7','8','9','','opt_b',0,'2026-04-22 12:54:16','2026-04-22 12:54:16'),(168,1,2,'singlechoice','medium',2,1,NULL,'Which number is smaller?','9','6','8','7','','opt_b',0,'2026-04-22 12:54:16','2026-04-22 12:54:16'),(169,1,2,'singlechoice','high',2,1,NULL,'What is 7 + 6?','12','13','14','15','','opt_b',0,'2026-04-22 12:54:16','2026-04-22 12:54:16'),(170,1,2,'singlechoice','high',2,1,NULL,'What is 12 - 4?','6','7','8','9','','opt_c',0,'2026-04-22 12:54:16','2026-04-22 12:54:16'),(171,1,2,'singlechoice','high',2,1,NULL,'Which is the largest number?','12','15','14','13','','opt_b',0,'2026-04-22 12:54:16','2026-04-22 12:54:16'),(172,1,2,'singlechoice','low',2,1,NULL,'What is 1 + 1?','1','2','3','4','','opt_b',0,'2026-04-22 12:54:16','2026-04-22 12:54:16');
/*!40000 ALTER TABLE `questions` ENABLE KEYS */;
UNLOCK TABLES;

--
-- Table structure for table `read_notification`
--

DROP TABLE IF EXISTS `read_notification`;
/*!40101 SET @saved_cs_client     = @@character_set_client */;
/*!50503 SET character_set_client = utf8mb4 */;
CREATE TABLE `read_notification` (
  `id` int NOT NULL AUTO_INCREMENT,
  `student_id` int DEFAULT NULL,
  `parent_id` int DEFAULT NULL,
  `staff_id` int DEFAULT NULL,
  `notification_id` int DEFAULT NULL,
  `is_active` varchar(255) DEFAULT 'no',
  `created_at` timestamp NOT NULL DEFAULT CURRENT_TIMESTAMP,
  `updated_at` timestamp NOT NULL DEFAULT CURRENT_TIMESTAMP ON UPDATE CURRENT_TIMESTAMP,
  PRIMARY KEY (`id`),
  KEY `notification_id` (`notification_id`),
  KEY `staff_id` (`staff_id`),
  KEY `student_id` (`student_id`),
  CONSTRAINT `read_notification_ibfk_1` FOREIGN KEY (`notification_id`) REFERENCES `send_notification` (`id`) ON DELETE CASCADE,
  CONSTRAINT `read_notification_ibfk_2` FOREIGN KEY (`staff_id`) REFERENCES `staff` (`id`) ON DELETE CASCADE,
  CONSTRAINT `read_notification_ibfk_3` FOREIGN KEY (`student_id`) REFERENCES `students` (`id`) ON DELETE CASCADE
) ENGINE=InnoDB DEFAULT CHARSET=utf8mb3;
/*!40101 SET character_set_client = @saved_cs_client */;

--
-- Dumping data for table `read_notification`
--

LOCK TABLES `read_notification` WRITE;
/*!40000 ALTER TABLE `read_notification` DISABLE KEYS */;
/*!40000 ALTER TABLE `read_notification` ENABLE KEYS */;
UNLOCK TABLES;

--
-- Table structure for table `reference`
--

DROP TABLE IF EXISTS `reference`;
/*!40101 SET @saved_cs_client     = @@character_set_client */;
/*!50503 SET character_set_client = utf8mb4 */;
CREATE TABLE `reference` (
  `id` int NOT NULL AUTO_INCREMENT,
  `reference` varchar(100) NOT NULL,
  `description` text NOT NULL,
  `created_at` timestamp NOT NULL DEFAULT CURRENT_TIMESTAMP,
  `updated_at` timestamp NOT NULL DEFAULT CURRENT_TIMESTAMP ON UPDATE CURRENT_TIMESTAMP,
  PRIMARY KEY (`id`)
) ENGINE=InnoDB AUTO_INCREMENT=5 DEFAULT CHARSET=utf8mb3;
/*!40101 SET character_set_client = @saved_cs_client */;

--
-- Dumping data for table `reference`
--

LOCK TABLES `reference` WRITE;
/*!40000 ALTER TABLE `reference` DISABLE KEYS */;
INSERT INTO `reference` VALUES (1,'Parent Referral','','2026-04-16 11:05:52','2026-04-16 11:05:52'),(2,'Teacher Referral','','2026-04-16 11:06:08','2026-04-16 11:06:08'),(3,'Agent','','2026-04-16 11:06:23','2026-04-16 11:06:23'),(4,'Existing Student','','2026-04-16 11:06:59','2026-04-16 11:06:59');
/*!40000 ALTER TABLE `reference` ENABLE KEYS */;
UNLOCK TABLES;

--
-- Table structure for table `resume_additional_fields_settings`
--

DROP TABLE IF EXISTS `resume_additional_fields_settings`;
/*!40101 SET @saved_cs_client     = @@character_set_client */;
/*!50503 SET character_set_client = utf8mb4 */;
CREATE TABLE `resume_additional_fields_settings` (
  `id` int NOT NULL AUTO_INCREMENT,
  `name` varchar(250) DEFAULT NULL,
  `status` int DEFAULT NULL,
  `created_at` timestamp NOT NULL DEFAULT CURRENT_TIMESTAMP,
  `updated_at` timestamp NOT NULL DEFAULT CURRENT_TIMESTAMP ON UPDATE CURRENT_TIMESTAMP,
  PRIMARY KEY (`id`)
) ENGINE=InnoDB AUTO_INCREMENT=6 DEFAULT CHARSET=utf8mb3;
/*!40101 SET character_set_client = @saved_cs_client */;

--
-- Dumping data for table `resume_additional_fields_settings`
--

LOCK TABLES `resume_additional_fields_settings` WRITE;
/*!40000 ALTER TABLE `resume_additional_fields_settings` DISABLE KEYS */;
INSERT INTO `resume_additional_fields_settings` VALUES (1,'work_experience',1,'2024-12-06 06:17:04','2025-12-27 07:45:41'),(2,'education_qalification',1,'2024-12-06 06:17:04','2025-12-27 07:45:41'),(3,'technical_skills',1,'2024-12-06 06:17:04','2025-12-27 07:45:41'),(4,'reference',1,'2024-12-06 06:17:04','2025-12-27 07:45:41'),(5,'other_details',1,'2024-12-06 06:17:04','2025-12-27 07:45:41');
/*!40000 ALTER TABLE `resume_additional_fields_settings` ENABLE KEYS */;
UNLOCK TABLES;

--
-- Table structure for table `resume_settings_fields`
--

DROP TABLE IF EXISTS `resume_settings_fields`;
/*!40101 SET @saved_cs_client     = @@character_set_client */;
/*!50503 SET character_set_client = utf8mb4 */;
CREATE TABLE `resume_settings_fields` (
  `id` int NOT NULL AUTO_INCREMENT,
  `name` varchar(250) DEFAULT NULL,
  `status` int DEFAULT NULL,
  `created_at` timestamp NOT NULL DEFAULT CURRENT_TIMESTAMP,
  `updated_at` timestamp NOT NULL DEFAULT CURRENT_TIMESTAMP ON UPDATE CURRENT_TIMESTAMP,
  PRIMARY KEY (`id`)
) ENGINE=InnoDB AUTO_INCREMENT=36 DEFAULT CHARSET=utf8mb3;
/*!40101 SET character_set_client = @saved_cs_client */;

--
-- Dumping data for table `resume_settings_fields`
--

LOCK TABLES `resume_settings_fields` WRITE;
/*!40000 ALTER TABLE `resume_settings_fields` DISABLE KEYS */;
INSERT INTO `resume_settings_fields` VALUES (1,'middlename',1,'2025-02-14 06:40:33','2025-02-14 06:40:33'),(2,'lastname',1,'2025-02-14 06:40:34','2025-02-14 06:40:34'),(3,'gender',1,'2025-02-14 06:40:35','2025-02-14 06:40:35'),(4,'dob',1,'2025-02-14 06:40:36','2025-02-14 06:40:36'),(5,'category',1,'2025-02-14 06:40:37','2025-02-14 06:40:37'),(6,'religion',1,'2025-02-14 06:40:38','2025-02-14 06:40:38'),(7,'cast',1,'2025-02-14 06:40:40','2025-02-14 06:40:40'),(8,'mobile_no',1,'2025-02-14 06:40:41','2025-02-14 06:40:41'),(9,'student_email',1,'2025-02-14 06:40:41','2025-02-14 06:40:41'),(10,'student_photo',1,'2025-02-14 06:40:42','2025-02-14 06:40:42'),(11,'is_blood_group',1,'2025-02-14 06:40:43','2025-02-14 06:40:43'),(12,'height',1,'2025-02-14 06:40:44','2025-02-14 06:40:44'),(13,'weight',1,'2025-02-14 06:40:46','2025-02-14 06:40:46'),(14,'father_name',1,'2025-02-14 06:40:47','2025-02-14 06:40:47'),(15,'father_phone',1,'2025-02-14 06:40:48','2025-02-14 06:40:48'),(16,'father_occupation',1,'2025-02-14 06:40:49','2025-02-14 06:40:49'),(18,'mother_name',1,'2025-02-14 06:40:50','2025-02-14 06:40:50'),(19,'mother_phone',1,'2025-02-14 06:40:51','2025-02-14 06:40:51'),(20,'mother_occupation',1,'2025-02-14 06:40:52','2025-02-14 06:40:52'),(23,'guardian_name',1,'2025-02-14 06:41:31','2025-02-14 06:42:17'),(24,'guardian_relation',1,'2025-02-14 06:41:31','2025-02-14 06:42:17'),(25,'guardian_email',1,'2025-02-14 06:41:32','2025-02-14 06:42:17'),(27,'guardian_phone',1,'2025-02-14 06:41:34','2025-02-14 06:42:17'),(28,'guardian_occupation',1,'2025-02-14 06:41:34','2025-02-14 06:42:17'),(29,'guardian_address',1,'2025-02-14 06:41:35','2025-02-14 06:42:17'),(32,'national_identification_no',1,'2025-02-14 06:41:37','2025-02-14 06:41:37'),(33,'local_identification_no',1,'2025-02-14 06:41:38','2025-02-14 06:41:38'),(34,'personal_details',1,'2025-02-14 06:41:39','2025-02-14 06:41:39'),(35,'parent_guardian_detail',1,'2025-02-14 06:41:41','2025-02-14 06:41:41');
/*!40000 ALTER TABLE `resume_settings_fields` ENABLE KEYS */;
UNLOCK TABLES;

--
-- Table structure for table `roles`
--

DROP TABLE IF EXISTS `roles`;
/*!40101 SET @saved_cs_client     = @@character_set_client */;
/*!50503 SET character_set_client = utf8mb4 */;
CREATE TABLE `roles` (
  `id` int NOT NULL AUTO_INCREMENT,
  `name` varchar(100) DEFAULT NULL,
  `slug` varchar(150) DEFAULT NULL,
  `is_active` int DEFAULT '0',
  `is_system` int NOT NULL DEFAULT '0',
  `is_superadmin` int NOT NULL DEFAULT '0',
  `created_at` timestamp NOT NULL DEFAULT CURRENT_TIMESTAMP,
  `updated_at` timestamp NOT NULL DEFAULT CURRENT_TIMESTAMP ON UPDATE CURRENT_TIMESTAMP,
  PRIMARY KEY (`id`)
) ENGINE=InnoDB AUTO_INCREMENT=8 DEFAULT CHARSET=utf8mb3;
/*!40101 SET character_set_client = @saved_cs_client */;

--
-- Dumping data for table `roles`
--

LOCK TABLES `roles` WRITE;
/*!40000 ALTER TABLE `roles` DISABLE KEYS */;
INSERT INTO `roles` VALUES (1,'Admin',NULL,0,1,0,'2018-06-30 15:39:11','0000-00-00 00:00:00'),(2,'Teacher',NULL,0,1,0,'2018-06-30 15:39:14','0000-00-00 00:00:00'),(3,'Accountant',NULL,0,1,0,'2018-06-30 15:39:17','0000-00-00 00:00:00'),(4,'Librarian',NULL,0,1,0,'2018-06-30 15:39:21','0000-00-00 00:00:00'),(6,'Receptionist',NULL,0,1,0,'2018-07-02 05:39:03','0000-00-00 00:00:00'),(7,'Super Admin',NULL,0,1,1,'2018-07-11 14:11:29','0000-00-00 00:00:00');
/*!40000 ALTER TABLE `roles` ENABLE KEYS */;
UNLOCK TABLES;

--
-- Table structure for table `roles_permissions`
--

DROP TABLE IF EXISTS `roles_permissions`;
/*!40101 SET @saved_cs_client     = @@character_set_client */;
/*!50503 SET character_set_client = utf8mb4 */;
CREATE TABLE `roles_permissions` (
  `id` int NOT NULL AUTO_INCREMENT,
  `role_id` int DEFAULT NULL,
  `perm_cat_id` int DEFAULT NULL,
  `can_view` int DEFAULT NULL,
  `can_add` int DEFAULT NULL,
  `can_edit` int DEFAULT NULL,
  `can_delete` int DEFAULT NULL,
  `created_at` timestamp NOT NULL DEFAULT CURRENT_TIMESTAMP,
  `updated_at` timestamp NOT NULL DEFAULT CURRENT_TIMESTAMP ON UPDATE CURRENT_TIMESTAMP,
  PRIMARY KEY (`id`),
  KEY `role_id` (`role_id`),
  KEY `perm_cat_id` (`perm_cat_id`),
  CONSTRAINT `roles_permissions_ibfk_1` FOREIGN KEY (`role_id`) REFERENCES `roles` (`id`) ON DELETE CASCADE,
  CONSTRAINT `roles_permissions_ibfk_2` FOREIGN KEY (`perm_cat_id`) REFERENCES `permission_category` (`id`) ON DELETE CASCADE
) ENGINE=InnoDB AUTO_INCREMENT=1615 DEFAULT CHARSET=utf8mb3;
/*!40101 SET character_set_client = @saved_cs_client */;

--
-- Dumping data for table `roles_permissions`
--

LOCK TABLES `roles_permissions` WRITE;
/*!40000 ALTER TABLE `roles_permissions` DISABLE KEYS */;
INSERT INTO `roles_permissions` VALUES (11,1,78,1,1,1,1,'2018-07-03 00:49:43','2025-12-27 07:45:41'),(23,1,12,1,1,1,1,'2018-07-06 09:45:38','2025-12-27 07:45:41'),(24,1,13,1,1,1,1,'2018-07-06 09:48:28','2025-12-27 07:45:41'),(26,1,15,1,1,1,0,'2019-11-27 23:47:28','2025-12-27 07:45:41'),(31,1,21,1,0,1,0,'2019-11-26 04:51:15','2025-12-27 07:45:41'),(34,1,24,1,1,1,1,'2019-11-28 06:35:20','2025-12-27 07:45:41'),(43,1,32,1,1,1,1,'2018-07-06 10:22:05','2025-12-27 07:45:41'),(44,1,33,1,1,1,1,'2018-07-06 10:22:29','2025-12-27 07:45:41'),(45,1,34,1,1,1,1,'2018-07-06 10:23:59','2025-12-27 07:45:41'),(46,1,35,1,1,1,1,'2018-07-06 10:24:34','2025-12-27 07:45:41'),(47,1,104,1,1,1,1,'2018-07-06 10:23:08','2025-12-27 07:45:41'),(48,1,37,1,1,1,1,'2018-07-06 10:25:30','2025-12-27 07:45:41'),(49,1,38,1,1,1,1,'2018-07-09 05:15:27','2025-12-27 07:45:41'),(61,1,55,1,1,1,1,'2018-07-02 09:24:16','2025-12-27 07:45:41'),(67,1,61,1,1,0,1,'2018-07-09 05:59:19','2025-12-27 07:45:41'),(68,1,62,1,1,0,1,'2018-07-09 05:59:19','2025-12-27 07:45:41'),(69,1,63,1,1,0,1,'2018-07-09 03:51:38','2025-12-27 07:45:41'),(70,1,64,1,1,1,1,'2018-07-09 03:02:19','2025-12-27 07:45:41'),(71,1,65,1,1,1,1,'2018-07-09 03:11:21','2025-12-27 07:45:41'),(72,1,66,1,1,1,1,'2018-07-09 03:13:09','2025-12-27 07:45:41'),(73,1,67,1,1,1,1,'2018-07-09 03:14:47','2025-12-27 07:45:41'),(74,1,79,1,1,0,1,'2019-11-30 01:32:51','2025-12-27 07:45:41'),(75,1,80,1,1,1,1,'2018-07-06 09:41:23','2025-12-27 07:45:41'),(76,1,81,1,1,1,1,'2018-07-06 09:41:23','2025-12-27 07:45:41'),(78,1,83,1,1,1,1,'2018-07-06 09:41:23','2025-12-27 07:45:41'),(79,1,84,1,1,1,1,'2018-07-06 09:41:23','2025-12-27 07:45:41'),(80,1,85,1,1,1,1,'2018-07-12 00:16:00','2025-12-27 07:45:41'),(94,1,82,1,1,1,1,'2018-07-06 09:41:23','2025-12-27 07:45:41'),(120,1,39,1,1,1,1,'2018-07-06 10:26:28','2025-12-27 07:45:41'),(156,1,9,1,1,1,1,'2019-11-27 23:45:46','2025-12-27 07:45:41'),(157,1,10,1,1,1,1,'2019-11-27 23:45:46','2025-12-27 07:45:41'),(159,1,40,1,1,1,1,'2019-11-30 00:49:39','2025-12-27 07:45:41'),(160,1,41,1,1,1,1,'2019-12-02 05:43:41','2025-12-27 07:45:41'),(161,1,42,1,1,1,1,'2019-11-30 00:49:39','2025-12-27 07:45:41'),(169,1,27,1,1,0,1,'2019-11-29 06:15:37','2025-12-27 07:45:41'),(178,1,54,1,0,1,0,'2018-07-05 09:09:22','2025-12-27 07:45:41'),(179,1,56,1,0,1,0,'2019-11-30 00:49:54','2025-12-27 07:45:41'),(180,1,57,1,0,1,0,'2019-11-30 01:32:51','2025-12-27 07:45:41'),(181,1,58,1,0,1,0,'2019-11-30 01:32:51','2025-12-27 07:45:41'),(182,1,59,1,0,1,0,'2019-11-30 01:32:51','2025-12-27 07:45:41'),(183,1,60,1,0,1,0,'2019-11-30 00:59:57','2025-12-27 07:45:41'),(201,1,14,1,0,0,0,'2018-07-02 11:22:03','2025-12-27 07:45:41'),(204,1,26,1,0,0,0,'2018-07-02 11:32:05','2025-12-27 07:45:41'),(206,1,29,1,0,0,0,'2018-07-02 11:43:54','2025-12-27 07:45:41'),(207,1,30,1,0,0,0,'2018-07-02 11:43:54','2025-12-27 07:45:41'),(208,1,31,1,1,1,1,'2019-11-30 01:32:51','2025-12-27 07:45:41'),(222,1,1,1,1,1,1,'2019-11-27 22:55:06','2025-12-27 07:45:41'),(307,1,126,1,0,0,0,'2018-07-03 09:26:13','2025-12-27 07:45:41'),(315,1,123,1,0,0,0,'2018-07-03 10:27:03','2025-12-27 07:45:41'),(369,1,102,1,1,1,1,'2019-12-02 05:02:15','2025-12-27 07:45:41'),(435,1,96,1,1,1,1,'2018-07-09 01:03:54','2025-12-27 07:45:41'),(461,1,97,1,0,0,0,'2018-07-09 01:00:16','2025-12-27 07:45:41'),(464,1,86,1,1,1,1,'2019-11-28 06:39:19','2025-12-27 07:45:41'),(474,1,130,1,1,0,1,'2018-07-09 10:56:36','2025-12-27 07:45:41'),(476,1,131,1,0,0,0,'2018-07-09 04:53:32','2025-12-27 07:45:41'),(557,6,82,1,1,1,1,'2019-12-01 01:48:28','2025-12-27 07:45:41'),(558,6,83,1,1,1,1,'2019-12-01 01:49:08','2025-12-27 07:45:41'),(559,6,84,1,1,1,1,'2019-12-01 01:49:59','2025-12-27 07:45:41'),(575,6,44,1,0,0,0,'2018-07-10 07:35:33','2025-12-27 07:45:41'),(576,6,46,1,0,0,0,'2018-07-10 07:35:33','2025-12-27 07:45:41'),(578,6,102,1,1,1,1,'2019-12-01 01:52:27','2025-12-27 07:45:41'),(625,1,28,1,1,1,1,'2019-11-29 06:19:18','2025-12-27 07:45:41'),(634,4,102,1,1,1,1,'2019-12-01 01:03:00','2025-12-27 07:45:41'),(669,1,145,1,0,0,0,'2019-11-26 04:51:15','2025-12-27 07:45:41'),(677,1,153,1,0,0,0,'2019-11-01 02:28:24','2025-12-27 07:45:41'),(720,1,216,1,0,0,0,'2019-11-26 05:24:12','2025-12-27 07:45:41'),(728,1,185,1,1,1,1,'2019-11-28 02:50:33','2025-12-27 07:45:41'),(729,1,186,1,1,1,1,'2019-11-28 02:49:07','2025-12-27 07:45:41'),(730,1,214,1,0,1,0,'2019-11-28 01:47:53','2025-12-27 07:45:41'),(734,1,200,1,0,0,0,'2019-11-26 05:24:30','2025-12-27 07:45:41'),(735,1,201,1,0,0,0,'2019-11-26 05:24:30','2025-12-27 07:45:41'),(736,1,202,1,0,0,0,'2019-11-26 05:24:30','2025-12-27 07:45:41'),(737,1,203,1,0,0,0,'2019-11-26 05:24:30','2025-12-27 07:45:41'),(747,1,2,1,0,0,0,'2019-11-27 22:56:08','2025-12-27 07:45:41'),(748,1,3,1,1,1,1,'2019-11-27 22:56:32','2025-12-27 07:45:41'),(749,1,4,1,1,1,1,'2019-11-27 22:56:48','2025-12-27 07:45:41'),(751,1,128,1,1,1,1,'2019-11-27 22:57:01','2025-12-29 11:39:45'),(754,1,134,1,1,1,1,'2019-11-27 23:18:21','2025-12-27 07:45:41'),(755,1,5,1,1,0,1,'2019-11-27 23:35:07','2025-12-27 07:45:41'),(756,1,6,1,0,0,0,'2019-11-27 23:35:25','2025-12-27 07:45:41'),(757,1,7,1,1,1,1,'2019-11-27 23:36:35','2025-12-27 07:45:41'),(758,1,8,1,1,1,1,'2019-11-27 23:37:27','2025-12-27 07:45:41'),(760,1,68,1,0,0,0,'2019-11-27 23:38:06','2025-12-27 07:45:41'),(761,1,69,1,1,1,1,'2019-11-27 23:39:06','2025-12-27 07:45:41'),(762,1,70,1,1,1,1,'2019-11-27 23:39:41','2025-12-27 07:45:41'),(763,1,71,1,0,0,0,'2019-11-27 23:39:59','2025-12-27 07:45:41'),(765,1,73,1,0,0,0,'2019-11-27 23:43:15','2025-12-27 07:45:41'),(766,1,74,1,0,0,0,'2019-11-27 23:43:55','2025-12-27 07:45:41'),(768,1,11,1,0,0,0,'2019-11-27 23:45:46','2025-12-27 07:45:41'),(769,1,122,1,0,0,0,'2019-11-27 23:52:43','2025-12-27 07:45:41'),(771,1,136,1,1,1,1,'2019-11-27 23:55:36','2025-12-29 11:39:54'),(772,1,20,1,1,1,1,'2019-11-28 04:06:44','2025-12-27 07:45:41'),(773,1,137,1,1,1,1,'2019-11-28 00:46:14','2025-12-27 07:45:41'),(774,1,141,1,1,1,1,'2019-11-28 00:59:42','2025-12-27 07:45:41'),(775,1,142,1,0,0,0,'2019-11-27 23:56:12','2025-12-27 07:45:41'),(776,1,143,1,1,1,1,'2019-11-28 00:59:42','2025-12-27 07:45:41'),(777,1,144,1,0,0,0,'2019-11-27 23:56:12','2025-12-27 07:45:41'),(778,1,187,1,0,0,0,'2019-11-27 23:56:12','2025-12-27 07:45:41'),(779,1,196,1,0,0,0,'2019-11-27 23:56:12','2025-12-27 07:45:41'),(781,1,207,1,0,0,0,'2019-11-27 23:56:12','2025-12-27 07:45:41'),(782,1,208,1,0,1,0,'2019-11-28 00:10:22','2025-12-27 07:45:41'),(783,1,210,1,0,1,0,'2019-11-28 00:34:40','2025-12-27 07:45:41'),(784,1,211,1,0,1,0,'2019-11-28 00:38:23','2025-12-27 07:45:41'),(785,1,212,1,0,1,0,'2019-11-28 00:42:15','2025-12-27 07:45:41'),(786,1,205,1,1,1,1,'2019-11-28 00:42:15','2025-12-27 07:45:41'),(787,1,222,1,0,1,0,'2019-11-28 01:36:36','2025-12-27 07:45:41'),(788,1,77,1,1,1,1,'2019-11-28 06:22:10','2025-12-27 07:45:41'),(789,1,188,1,1,1,1,'2019-11-28 06:26:16','2025-12-27 07:45:41'),(790,1,23,1,1,1,1,'2019-11-28 06:34:20','2025-12-27 07:45:41'),(791,1,25,1,1,1,1,'2019-11-28 06:36:20','2025-12-27 07:45:41'),(792,1,127,1,0,0,0,'2019-11-28 06:41:25','2025-12-27 07:45:41'),(794,1,88,1,1,1,0,'2019-11-28 06:43:04','2025-12-27 07:45:41'),(795,1,90,1,1,0,1,'2019-11-28 06:46:22','2025-12-27 07:45:41'),(796,1,108,1,1,1,1,'2021-01-23 07:09:32','2025-12-29 11:41:31'),(797,1,109,1,1,0,0,'2019-11-28 23:38:11','2025-12-27 07:45:41'),(798,1,110,1,1,1,1,'2019-11-28 23:49:29','2025-12-27 07:45:41'),(799,1,111,1,1,1,1,'2019-11-28 23:49:57','2025-12-27 07:45:41'),(800,1,112,1,1,1,1,'2019-11-28 23:49:57','2025-12-27 07:45:41'),(801,1,129,1,1,1,1,'2019-11-28 23:49:57','2025-12-29 11:41:37'),(802,1,189,1,0,1,1,'2019-11-28 23:59:22','2025-12-27 07:45:41'),(810,2,1,1,1,1,1,'2019-11-30 02:54:16','2025-12-27 07:45:41'),(817,1,93,1,1,1,1,'2019-11-29 00:56:14','2025-12-27 07:45:41'),(825,1,87,1,0,0,0,'2019-11-29 00:56:14','2025-12-27 07:45:41'),(829,1,94,1,1,0,0,'2019-11-29 00:57:57','2025-12-27 07:45:41'),(836,1,146,1,0,0,0,'2019-11-29 01:13:28','2025-12-27 07:45:41'),(837,1,147,1,0,0,0,'2019-11-29 01:13:28','2025-12-27 07:45:41'),(838,1,148,1,0,0,0,'2019-11-29 01:13:28','2025-12-27 07:45:41'),(839,1,149,1,0,0,0,'2019-11-29 01:13:28','2025-12-27 07:45:41'),(840,1,150,1,0,0,0,'2019-11-29 01:13:28','2025-12-27 07:45:41'),(841,1,151,1,0,0,0,'2019-11-29 01:13:28','2025-12-27 07:45:41'),(842,1,152,1,0,0,0,'2019-11-29 01:13:28','2025-12-27 07:45:41'),(843,1,154,1,0,0,0,'2019-11-29 01:13:28','2025-12-27 07:45:41'),(862,1,155,1,0,0,0,'2019-11-29 02:07:30','2025-12-27 07:45:41'),(863,1,156,1,0,0,0,'2019-11-29 02:07:52','2025-12-27 07:45:41'),(864,1,157,1,0,0,0,'2019-11-29 02:08:05','2025-12-27 07:45:41'),(874,1,158,1,0,0,0,'2019-11-29 02:14:03','2025-12-27 07:45:41'),(875,1,159,1,0,0,0,'2019-11-29 02:14:31','2025-12-27 07:45:41'),(876,1,160,1,0,0,0,'2019-11-29 02:14:44','2025-12-27 07:45:41'),(878,1,162,1,0,0,0,'2019-11-29 02:15:58','2025-12-27 07:45:41'),(879,1,163,1,0,0,0,'2019-11-29 02:16:19','2025-12-27 07:45:41'),(882,1,164,1,0,0,0,'2019-11-29 02:25:17','2025-12-27 07:45:41'),(884,1,165,1,0,0,0,'2019-11-29 02:25:30','2025-12-27 07:45:41'),(886,1,197,1,0,0,0,'2019-11-29 02:25:48','2025-12-27 07:45:41'),(887,1,219,1,0,0,0,'2019-11-29 02:26:05','2025-12-27 07:45:41'),(889,1,220,1,0,0,0,'2019-11-29 02:26:22','2025-12-27 07:45:41'),(932,1,204,1,0,0,0,'2019-11-29 03:43:27','2025-12-27 07:45:41'),(933,1,221,1,0,0,0,'2019-11-29 03:45:04','2025-12-27 07:45:41'),(934,1,178,1,0,0,0,'2019-11-29 03:45:16','2025-12-27 07:45:41'),(935,1,179,1,0,0,0,'2019-11-29 03:45:33','2025-12-27 07:45:41'),(936,1,161,1,0,0,0,'2019-11-29 03:45:48','2025-12-27 07:45:41'),(937,1,180,1,0,0,0,'2019-11-29 03:45:48','2025-12-27 07:45:41'),(938,1,181,1,0,0,0,'2019-11-29 03:49:33','2025-12-27 07:45:41'),(939,1,182,1,0,0,0,'2019-11-29 03:49:45','2025-12-27 07:45:41'),(940,1,183,1,0,0,0,'2019-11-29 03:49:56','2025-12-27 07:45:41'),(941,1,174,1,0,0,0,'2019-11-29 03:50:53','2025-12-27 07:45:41'),(943,1,176,1,0,0,0,'2019-11-29 03:52:10','2025-12-27 07:45:41'),(944,1,177,1,0,0,0,'2019-11-29 03:52:22','2025-12-27 07:45:41'),(945,1,53,1,1,0,1,'2021-01-23 07:09:32','2025-12-29 11:41:09'),(946,1,215,1,0,0,0,'2019-11-29 04:01:37','2025-12-27 07:45:41'),(947,1,213,1,0,0,0,'2019-11-29 04:07:45','2025-12-27 07:45:41'),(974,1,224,1,0,0,0,'2019-11-29 04:32:52','2025-12-27 07:45:41'),(1026,1,135,1,0,1,0,'2019-11-29 06:02:12','2025-12-27 07:45:41'),(1031,1,228,1,0,0,0,'2019-11-29 06:21:16','2025-12-27 07:45:41'),(1083,1,175,1,0,0,0,'2019-11-30 00:37:24','2025-12-27 07:45:41'),(1086,1,43,1,1,1,1,'2019-11-30 00:49:39','2025-12-27 07:45:41'),(1087,1,44,1,0,0,0,'2019-11-30 00:49:39','2025-12-27 07:45:41'),(1088,1,46,1,0,0,0,'2019-11-30 00:49:39','2025-12-27 07:45:41'),(1089,1,217,1,0,0,0,'2019-11-30 00:49:39','2025-12-27 07:45:41'),(1090,1,98,1,1,1,1,'2019-11-30 01:32:51','2025-12-27 07:45:41'),(1091,1,99,1,0,0,0,'2019-11-30 01:30:18','2025-12-27 07:45:41'),(1092,1,223,1,0,0,0,'2019-11-30 01:32:51','2025-12-27 07:45:41'),(1103,2,205,1,1,1,1,'2019-11-30 01:56:04','2025-12-27 07:45:41'),(1105,2,23,1,0,0,0,'2019-11-30 01:56:04','2025-12-27 07:45:41'),(1106,2,24,1,0,0,0,'2019-11-30 01:56:04','2025-12-27 07:45:41'),(1107,2,25,1,0,0,0,'2019-11-30 01:56:04','2025-12-27 07:45:41'),(1108,2,77,1,0,0,0,'2019-11-30 01:56:04','2025-12-27 07:45:41'),(1119,2,117,1,0,0,0,'2019-11-30 01:56:04','2025-12-27 07:45:41'),(1123,3,8,1,1,1,1,'2019-11-30 06:46:18','2025-12-27 07:45:41'),(1125,3,69,1,1,1,1,'2019-11-30 07:00:49','2025-12-27 07:45:41'),(1126,3,70,1,1,1,1,'2019-11-30 07:04:46','2025-12-27 07:45:41'),(1130,3,9,1,1,1,1,'2019-11-30 07:14:54','2025-12-27 07:45:41'),(1131,3,10,1,1,1,1,'2019-11-30 07:16:02','2025-12-27 07:45:41'),(1134,3,35,1,1,1,1,'2019-11-30 07:25:04','2025-12-27 07:45:41'),(1135,3,104,1,1,1,1,'2019-11-30 07:25:53','2025-12-27 07:45:41'),(1140,3,41,1,1,1,1,'2019-11-30 07:37:13','2025-12-27 07:45:41'),(1141,3,42,1,1,1,1,'2019-11-30 07:37:46','2025-12-27 07:45:41'),(1142,3,43,1,1,1,1,'2019-11-30 07:42:06','2025-12-27 07:45:41'),(1151,3,87,1,0,0,0,'2019-11-30 02:23:13','2025-12-27 07:45:41'),(1152,3,88,1,1,1,0,'2019-11-30 02:23:13','2025-12-27 07:45:41'),(1153,3,90,1,1,0,1,'2019-11-30 02:23:13','2025-12-27 07:45:41'),(1154,3,108,1,0,1,0,'2019-11-30 02:23:13','2025-12-27 07:45:41'),(1155,3,109,1,1,0,0,'2019-11-30 02:23:13','2025-12-27 07:45:41'),(1156,3,110,1,1,1,1,'2019-11-30 02:23:13','2025-12-27 07:45:41'),(1157,3,111,1,1,1,1,'2019-11-30 02:23:13','2025-12-27 07:45:41'),(1158,3,112,1,1,1,1,'2019-11-30 02:23:13','2025-12-27 07:45:41'),(1159,3,127,1,0,0,0,'2019-11-30 02:23:13','2025-12-27 07:45:41'),(1160,3,129,0,1,0,1,'2019-11-30 02:23:13','2025-12-27 07:45:41'),(1161,3,102,1,1,1,1,'2019-11-30 02:23:13','2025-12-27 07:45:41'),(1162,3,106,1,0,0,0,'2019-11-30 02:23:13','2025-12-27 07:45:41'),(1163,3,113,1,0,0,0,'2019-11-30 02:23:13','2025-12-27 07:45:41'),(1164,3,114,1,0,0,0,'2019-11-30 02:23:13','2025-12-27 07:45:41'),(1165,3,115,1,0,0,0,'2019-11-30 02:23:13','2025-12-27 07:45:41'),(1166,3,116,1,0,0,0,'2019-11-30 02:23:13','2025-12-27 07:45:41'),(1167,3,117,1,0,0,0,'2019-11-30 02:23:13','2025-12-27 07:45:41'),(1168,3,118,1,0,0,0,'2019-11-30 02:23:13','2025-12-27 07:45:41'),(1171,2,142,1,0,0,0,'2019-11-30 02:36:17','2025-12-27 07:45:41'),(1172,2,144,1,0,0,0,'2019-11-30 02:36:17','2025-12-27 07:45:41'),(1179,2,212,1,0,1,0,'2019-11-30 02:36:17','2025-12-27 07:45:41'),(1183,2,148,1,0,0,0,'2019-11-30 02:36:17','2025-12-27 07:45:41'),(1184,2,149,1,0,0,0,'2019-11-30 02:36:17','2025-12-27 07:45:41'),(1185,2,150,1,0,0,0,'2019-11-30 02:36:17','2025-12-27 07:45:41'),(1186,2,151,1,0,0,0,'2019-11-30 02:36:17','2025-12-27 07:45:41'),(1187,2,152,1,0,0,0,'2019-11-30 02:36:17','2025-12-27 07:45:41'),(1188,2,153,1,0,0,0,'2019-11-30 02:36:17','2025-12-27 07:45:41'),(1189,2,154,1,0,0,0,'2019-11-30 02:36:17','2025-12-27 07:45:41'),(1190,2,197,1,0,0,0,'2019-11-30 02:36:17','2025-12-27 07:45:41'),(1193,2,200,1,0,0,0,'2019-11-30 02:36:17','2025-12-27 07:45:41'),(1194,2,201,1,0,0,0,'2019-11-30 02:36:17','2025-12-27 07:45:41'),(1195,2,202,1,0,0,0,'2019-11-30 02:36:17','2025-12-27 07:45:41'),(1196,2,203,1,0,0,0,'2019-11-30 02:36:17','2025-12-27 07:45:41'),(1197,2,219,1,0,0,0,'2019-11-30 02:36:17','2025-12-27 07:45:41'),(1198,2,223,1,0,0,0,'2019-11-30 02:36:17','2025-12-27 07:45:41'),(1199,2,213,1,0,0,0,'2019-11-30 02:36:17','2025-12-27 07:45:41'),(1201,2,230,1,0,0,0,'2019-11-30 02:36:17','2025-12-27 07:45:41'),(1204,2,214,1,0,1,0,'2019-11-30 02:36:17','2025-12-27 07:45:41'),(1206,2,224,1,0,0,0,'2019-11-30 02:36:17','2025-12-27 07:45:41'),(1208,2,2,1,0,0,0,'2019-11-30 02:55:45','2025-12-27 07:45:41'),(1210,2,143,1,1,1,1,'2019-11-30 02:57:28','2025-12-27 07:45:41'),(1211,2,145,1,0,0,0,'2019-11-30 02:57:28','2025-12-27 07:45:41'),(1214,2,3,1,1,1,1,'2019-11-30 03:03:18','2025-12-27 07:45:41'),(1216,2,4,1,1,1,1,'2019-11-30 03:32:56','2025-12-27 07:45:41'),(1218,2,128,0,1,0,1,'2019-11-30 03:37:44','2025-12-27 07:45:41'),(1220,3,135,1,0,1,0,'2019-11-30 07:08:56','2025-12-27 07:45:41'),(1231,3,190,1,0,0,0,'2019-11-30 03:44:02','2025-12-27 07:45:41'),(1232,3,192,1,0,0,0,'2019-11-30 03:44:02','2025-12-27 07:45:41'),(1233,3,226,1,0,0,0,'2019-11-30 03:44:02','2025-12-27 07:45:41'),(1234,3,227,1,0,0,0,'2019-11-30 03:44:02','2025-12-27 07:45:41'),(1235,3,224,1,0,0,0,'2019-11-30 03:44:02','2025-12-27 07:45:41'),(1236,2,15,1,1,1,0,'2019-11-30 03:54:25','2025-12-27 07:45:41'),(1239,2,122,1,0,0,0,'2019-11-30 03:57:48','2025-12-27 07:45:41'),(1240,2,136,1,0,0,0,'2019-11-30 03:57:48','2025-12-27 07:45:41'),(1242,6,217,1,0,0,0,'2019-11-30 04:00:13','2025-12-27 07:45:41'),(1243,6,224,1,0,0,0,'2019-11-30 04:00:13','2025-12-27 07:45:41'),(1245,2,20,1,1,1,1,'2019-11-30 04:01:28','2025-12-27 07:45:41'),(1246,2,137,1,1,1,1,'2019-11-30 04:02:40','2025-12-27 07:45:41'),(1248,2,141,1,1,1,1,'2019-11-30 04:04:04','2025-12-27 07:45:41'),(1250,2,187,1,0,0,0,'2019-11-30 04:11:19','2025-12-27 07:45:41'),(1252,2,207,1,0,0,0,'2019-11-30 04:21:21','2025-12-27 07:45:41'),(1253,2,208,1,0,1,0,'2019-11-30 04:22:00','2025-12-27 07:45:41'),(1255,2,210,1,0,1,0,'2019-11-30 04:22:58','2025-12-27 07:45:41'),(1256,2,211,1,0,1,0,'2019-11-30 04:24:03','2025-12-27 07:45:41'),(1257,2,21,1,0,0,0,'2019-11-30 04:32:59','2025-12-27 07:45:41'),(1259,2,188,1,0,0,0,'2019-11-30 04:34:35','2025-12-27 07:45:41'),(1260,2,27,1,0,0,0,'2019-11-30 04:36:13','2025-12-27 07:45:41'),(1262,2,43,1,1,1,1,'2019-11-30 04:39:42','2025-12-27 07:45:41'),(1263,2,44,1,0,0,0,'2019-11-30 04:41:43','2025-12-27 07:45:41'),(1264,2,46,1,0,0,0,'2019-11-30 04:41:43','2025-12-27 07:45:41'),(1265,2,217,1,0,0,0,'2019-11-30 04:41:43','2025-12-27 07:45:41'),(1266,2,146,1,0,0,0,'2019-11-30 04:46:35','2025-12-27 07:45:41'),(1267,2,147,1,0,0,0,'2019-11-30 04:47:37','2025-12-27 07:45:41'),(1269,2,164,1,0,0,0,'2019-11-30 04:51:04','2025-12-27 07:45:41'),(1271,2,109,1,1,0,0,'2019-11-30 05:03:37','2025-12-27 07:45:41'),(1272,2,93,1,1,1,1,'2019-11-30 05:07:25','2025-12-27 07:45:41'),(1273,2,94,1,1,0,0,'2019-11-30 05:07:42','2025-12-27 07:45:41'),(1275,2,102,1,1,1,1,'2019-11-30 05:11:22','2025-12-27 07:45:41'),(1277,2,196,1,0,0,0,'2019-11-30 05:15:01','2025-12-27 07:45:41'),(1278,2,195,1,0,0,0,'2019-11-30 05:19:08','2025-12-27 07:45:41'),(1279,2,185,1,1,1,1,'2019-11-30 05:21:44','2025-12-27 07:45:41'),(1280,2,186,1,1,1,1,'2019-11-30 05:22:43','2025-12-27 07:45:41'),(1281,2,222,1,0,1,0,'2019-11-30 05:24:30','2025-12-27 07:45:41'),(1283,3,5,1,1,0,1,'2019-11-30 06:43:04','2025-12-27 07:45:41'),(1284,3,6,1,0,0,0,'2019-11-30 06:43:29','2025-12-27 07:45:41'),(1285,3,7,1,1,1,1,'2019-11-30 06:44:39','2025-12-27 07:45:41'),(1286,3,68,1,0,0,0,'2019-11-30 06:46:58','2025-12-27 07:45:41'),(1287,3,71,1,0,0,0,'2019-11-30 07:05:41','2025-12-27 07:45:41'),(1288,3,73,1,0,0,0,'2019-11-30 07:05:59','2025-12-27 07:45:41'),(1289,3,74,1,0,0,0,'2019-11-30 07:06:08','2025-12-27 07:45:41'),(1290,3,11,1,0,0,0,'2019-11-30 07:16:37','2025-12-27 07:45:41'),(1291,3,12,1,1,1,1,'2019-11-30 07:19:29','2025-12-27 07:45:41'),(1292,3,13,1,1,1,1,'2019-11-30 07:22:27','2025-12-27 07:45:41'),(1294,3,14,1,0,0,0,'2019-11-30 07:22:55','2025-12-27 07:45:41'),(1295,3,31,1,1,1,1,'2019-12-02 06:30:37','2025-12-27 07:45:41'),(1297,3,37,1,1,1,1,'2019-11-30 07:28:09','2025-12-27 07:45:41'),(1298,3,38,1,1,1,1,'2019-11-30 07:29:02','2025-12-27 07:45:41'),(1299,3,39,1,1,1,1,'2019-11-30 07:30:07','2025-12-27 07:45:41'),(1300,3,40,1,1,1,1,'2019-11-30 07:32:43','2025-12-27 07:45:41'),(1301,3,44,1,0,0,0,'2019-11-30 07:44:09','2025-12-27 07:45:41'),(1302,3,46,1,0,0,0,'2019-11-30 07:44:09','2025-12-27 07:45:41'),(1303,3,217,1,0,0,0,'2019-11-30 07:44:09','2025-12-27 07:45:41'),(1304,3,155,1,0,0,0,'2019-11-30 07:44:32','2025-12-27 07:45:41'),(1305,3,156,1,0,0,0,'2019-11-30 07:45:18','2025-12-27 07:45:41'),(1306,3,157,1,0,0,0,'2019-11-30 07:45:42','2025-12-27 07:45:41'),(1307,3,158,1,0,0,0,'2019-11-30 07:46:07','2025-12-27 07:45:41'),(1308,3,159,1,0,0,0,'2019-11-30 07:46:21','2025-12-27 07:45:41'),(1309,3,160,1,0,0,0,'2019-11-30 07:46:33','2025-12-27 07:45:41'),(1313,3,161,1,0,0,0,'2019-11-30 07:48:26','2025-12-27 07:45:41'),(1314,3,162,1,0,0,0,'2019-11-30 07:48:48','2025-12-27 07:45:41'),(1315,3,163,1,0,0,0,'2019-11-30 07:48:48','2025-12-27 07:45:41'),(1316,3,164,1,0,0,0,'2019-11-30 07:49:47','2025-12-27 07:45:41'),(1317,3,165,1,0,0,0,'2019-11-30 07:49:47','2025-12-27 07:45:41'),(1318,3,174,1,0,0,0,'2019-11-30 07:49:47','2025-12-27 07:45:41'),(1319,3,175,1,0,0,0,'2019-11-30 07:49:59','2025-12-27 07:45:41'),(1320,3,181,1,0,0,0,'2019-11-30 07:50:08','2025-12-27 07:45:41'),(1321,3,86,1,1,1,1,'2019-11-30 07:54:08','2025-12-27 07:45:41'),(1322,4,28,1,1,1,1,'2019-12-01 00:52:39','2025-12-27 07:45:41'),(1324,4,29,1,0,0,0,'2019-12-01 00:53:46','2025-12-27 07:45:41'),(1325,4,30,1,0,0,0,'2019-12-01 00:53:59','2025-12-27 07:45:41'),(1326,4,123,1,0,0,0,'2019-12-01 00:54:26','2025-12-27 07:45:41'),(1327,4,228,1,0,0,0,'2019-12-01 00:54:39','2025-12-27 07:45:41'),(1328,4,43,1,1,1,1,'2019-12-01 00:58:05','2025-12-27 07:45:41'),(1332,4,44,1,0,0,0,'2019-12-01 00:59:16','2025-12-27 07:45:41'),(1333,4,46,1,0,0,0,'2019-12-01 00:59:16','2025-12-27 07:45:41'),(1334,4,217,1,0,0,0,'2019-12-01 00:59:16','2025-12-27 07:45:41'),(1335,4,178,1,0,0,0,'2019-12-01 00:59:59','2025-12-27 07:45:41'),(1336,4,179,1,0,0,0,'2019-12-01 01:00:11','2025-12-27 07:45:41'),(1337,4,180,1,0,0,0,'2019-12-01 01:00:29','2025-12-27 07:45:41'),(1338,4,221,1,0,0,0,'2019-12-01 01:00:46','2025-12-27 07:45:41'),(1339,4,86,1,0,0,0,'2019-12-01 01:01:02','2025-12-27 07:45:41'),(1341,4,106,1,0,0,0,'2019-12-01 01:05:21','2025-12-27 07:45:41'),(1342,1,107,1,0,0,0,'2019-12-01 01:06:44','2025-12-27 07:45:41'),(1343,4,117,1,0,0,0,'2019-12-01 01:10:20','2025-12-27 07:45:41'),(1344,4,194,1,0,0,0,'2019-12-01 01:11:35','2025-12-27 07:45:41'),(1348,4,230,1,0,0,0,'2019-12-01 01:19:15','2025-12-27 07:45:41'),(1350,6,1,1,0,0,0,'2019-12-01 01:35:32','2025-12-27 07:45:41'),(1351,6,21,1,0,0,0,'2019-12-01 01:36:29','2025-12-27 07:45:41'),(1352,6,23,1,0,0,0,'2019-12-01 01:36:45','2025-12-27 07:45:41'),(1353,6,24,1,0,0,0,'2019-12-01 01:37:05','2025-12-27 07:45:41'),(1354,6,25,1,0,0,0,'2019-12-01 01:37:34','2025-12-27 07:45:41'),(1355,6,77,1,0,0,0,'2019-12-01 01:38:08','2025-12-27 07:45:41'),(1356,6,188,1,0,0,0,'2019-12-01 01:38:45','2025-12-27 07:45:41'),(1357,6,43,1,1,1,1,'2019-12-01 01:40:44','2025-12-27 07:45:41'),(1358,6,78,1,1,1,1,'2019-12-01 01:43:04','2025-12-27 07:45:41'),(1360,6,79,1,1,0,1,'2019-12-01 01:44:39','2025-12-27 07:45:41'),(1361,6,80,1,1,1,1,'2019-12-01 01:45:08','2025-12-27 07:45:41'),(1362,6,81,1,1,1,1,'2019-12-01 01:47:50','2025-12-27 07:45:41'),(1363,6,85,1,1,1,1,'2019-12-01 01:50:43','2025-12-27 07:45:41'),(1364,6,86,1,0,0,0,'2019-12-01 01:51:10','2025-12-27 07:45:41'),(1365,6,106,1,0,0,0,'2019-12-01 01:52:55','2025-12-27 07:45:41'),(1366,6,117,1,0,0,0,'2019-12-01 01:53:08','2025-12-27 07:45:41'),(1394,1,106,1,0,0,0,'2019-12-02 05:20:33','2025-12-27 07:45:41'),(1395,1,113,1,0,0,0,'2019-12-02 05:20:59','2025-12-27 07:45:41'),(1396,1,114,1,0,0,0,'2019-12-02 05:21:34','2025-12-27 07:45:41'),(1397,1,115,1,0,0,0,'2019-12-02 05:21:34','2025-12-27 07:45:41'),(1398,1,116,1,0,0,0,'2019-12-02 05:21:54','2025-12-27 07:45:41'),(1399,1,117,1,0,0,0,'2019-12-02 05:22:04','2025-12-27 07:45:41'),(1400,1,118,1,0,0,0,'2019-12-02 05:22:20','2025-12-27 07:45:41'),(1402,1,191,1,0,0,0,'2019-12-02 05:23:34','2025-12-27 07:45:41'),(1403,1,192,1,0,0,0,'2019-12-02 05:23:47','2025-12-27 07:45:41'),(1404,1,193,1,0,0,0,'2019-12-02 05:23:58','2025-12-27 07:45:41'),(1405,1,194,1,0,0,0,'2019-12-02 05:24:11','2025-12-27 07:45:41'),(1406,1,195,1,0,0,0,'2019-12-02 05:24:20','2025-12-27 07:45:41'),(1408,1,227,1,0,0,0,'2019-12-02 05:25:47','2025-12-27 07:45:41'),(1410,1,226,1,0,0,0,'2019-12-02 05:31:41','2025-12-27 07:45:41'),(1411,1,229,1,0,0,0,'2019-12-02 05:32:57','2025-12-27 07:45:41'),(1412,1,230,1,0,0,0,'2019-12-02 05:32:57','2025-12-27 07:45:41'),(1413,1,190,1,0,0,0,'2019-12-02 05:43:41','2025-12-27 07:45:41'),(1414,2,174,1,0,0,0,'2019-12-02 05:54:37','2025-12-27 07:45:41'),(1415,2,175,1,0,0,0,'2019-12-02 05:54:37','2025-12-27 07:45:41'),(1418,2,232,1,0,1,1,'2019-12-02 06:11:27','2025-12-27 07:45:41'),(1419,2,231,1,0,0,0,'2019-12-02 06:12:28','2025-12-27 07:45:41'),(1420,1,231,1,1,1,1,'2021-01-23 07:09:32','2025-12-27 07:45:41'),(1421,1,232,1,0,1,1,'2019-12-02 06:19:32','2025-12-27 07:45:41'),(1422,3,32,1,1,1,1,'2019-12-02 06:30:37','2025-12-27 07:45:41'),(1423,3,33,1,1,1,1,'2019-12-02 06:30:37','2025-12-27 07:45:41'),(1424,3,34,1,1,1,1,'2019-12-02 06:30:37','2025-12-27 07:45:41'),(1425,3,182,1,0,0,0,'2019-12-02 06:30:37','2025-12-27 07:45:41'),(1426,3,183,1,0,0,0,'2019-12-02 06:30:37','2025-12-27 07:45:41'),(1427,3,189,1,0,1,1,'2019-12-02 06:30:37','2025-12-27 07:45:41'),(1428,3,229,1,0,0,0,'2019-12-02 06:30:37','2025-12-27 07:45:41'),(1429,3,230,1,0,0,0,'2019-12-02 06:30:37','2025-12-27 07:45:41'),(1430,4,213,1,0,0,0,'2019-12-02 06:32:14','2025-12-27 07:45:41'),(1432,4,224,1,0,0,0,'2019-12-02 06:32:14','2025-12-27 07:45:41'),(1433,4,195,1,0,0,0,'2019-12-03 04:57:53','2025-12-27 07:45:41'),(1434,4,229,1,0,0,0,'2019-12-03 04:58:19','2025-12-27 07:45:41'),(1436,6,213,1,0,0,0,'2019-12-03 05:10:11','2025-12-27 07:45:41'),(1437,6,191,1,0,0,0,'2019-12-03 05:10:11','2025-12-27 07:45:41'),(1438,6,193,1,0,0,0,'2019-12-03 05:10:11','2025-12-27 07:45:41'),(1439,6,230,1,0,0,0,'2019-12-03 05:10:11','2025-12-27 07:45:41'),(1440,2,106,1,0,0,0,'2020-01-25 04:21:36','2025-12-27 07:45:41'),(1441,2,107,1,0,0,0,'2020-02-12 02:10:13','2025-12-27 07:45:41'),(1442,2,134,1,1,1,1,'2020-02-12 02:12:36','2025-12-27 07:45:41'),(1443,1,233,1,0,0,0,'2020-02-12 02:21:57','2025-12-27 07:45:41'),(1444,2,86,1,0,0,0,'2020-02-12 02:22:33','2025-12-27 07:45:41'),(1445,3,233,1,0,0,0,'2020-02-12 03:51:17','2025-12-27 07:45:41'),(1446,1,234,1,1,1,1,'2020-06-01 21:51:09','2025-12-27 07:45:41'),(1447,1,235,1,1,1,1,'2020-05-29 23:17:01','2025-12-27 07:45:41'),(1448,1,236,1,1,1,0,'2020-05-29 23:17:52','2025-12-27 07:45:41'),(1449,1,237,1,0,1,0,'2020-05-29 23:18:18','2025-12-27 07:45:41'),(1450,1,238,1,1,1,1,'2020-05-29 23:19:52','2025-12-27 07:45:41'),(1451,1,239,1,1,1,1,'2020-05-29 23:22:10','2025-12-27 07:45:41'),(1452,2,236,1,1,1,0,'2020-05-29 23:40:33','2025-12-27 07:45:41'),(1453,2,237,1,0,1,0,'2020-05-29 23:40:33','2025-12-27 07:45:41'),(1454,2,238,1,1,1,1,'2020-05-29 23:40:33','2025-12-27 07:45:41'),(1455,2,239,1,1,1,1,'2020-05-29 23:40:33','2025-12-27 07:45:41'),(1456,2,240,1,0,0,0,'2020-05-28 20:51:18','2025-12-27 07:45:41'),(1457,2,241,1,0,0,0,'2020-05-28 20:51:18','2025-12-27 07:45:41'),(1458,1,240,1,0,0,0,'2020-06-07 18:30:42','2025-12-27 07:45:41'),(1459,1,241,1,0,0,0,'2020-06-07 18:30:42','2025-12-27 07:45:41'),(1460,1,242,1,0,0,0,'2020-06-07 18:30:42','2025-12-27 07:45:41'),(1461,2,242,1,0,0,0,'2020-06-11 22:45:24','2025-12-27 07:45:41'),(1462,3,242,1,0,0,0,'2020-06-14 22:46:54','2025-12-27 07:45:41'),(1463,6,242,1,0,0,0,'2020-06-14 22:48:14','2025-12-27 07:45:41'),(1464,1,243,1,0,0,0,'2020-09-12 06:05:45','2025-12-27 07:45:41'),(1465,1,109,1,1,0,0,'2020-09-21 06:33:50','2025-12-27 07:45:41'),(1466,1,108,1,0,1,1,'2023-11-04 12:52:08','2025-12-27 07:45:41'),(1467,1,244,1,0,0,0,'2020-09-21 06:59:54','2025-12-27 07:45:41'),(1468,1,245,1,0,0,0,'2020-09-21 06:59:54','2025-12-27 07:45:41'),(1469,1,246,1,0,0,0,'2020-09-21 06:59:54','2025-12-27 07:45:41'),(1470,1,247,1,0,0,0,'2021-01-07 06:12:14','2025-12-27 07:45:41'),(1472,2,247,1,0,0,0,'2021-01-21 12:46:40','2025-12-27 07:45:41'),(1473,1,248,1,1,1,1,'2021-05-19 12:52:49','2025-12-27 07:45:41'),(1474,1,249,1,0,0,0,'2021-05-19 12:52:49','2025-12-27 07:45:41'),(1475,2,248,1,1,1,1,'2021-05-28 13:11:52','2025-12-27 07:45:41'),(1476,3,248,1,1,1,1,'2021-05-28 09:36:16','2025-12-27 07:45:41'),(1477,3,249,1,0,0,0,'2021-05-28 09:36:16','2025-12-27 07:45:41'),(1478,6,248,1,0,0,0,'2021-05-28 09:56:14','2025-12-27 07:45:41'),(1479,6,249,1,0,0,0,'2021-05-28 09:56:14','2025-12-27 07:45:41'),(1480,2,249,1,0,0,0,'2021-05-28 13:11:52','2025-12-27 07:45:41'),(1481,1,269,1,0,0,1,'2023-11-04 12:52:08','2025-12-27 07:45:41'),(1482,2,269,1,0,0,1,'2023-11-04 12:52:28','2025-12-27 07:45:41'),(1483,3,269,1,0,0,1,'2023-11-04 12:53:22','2025-12-27 07:45:41'),(1484,4,269,1,0,0,1,'2023-11-04 12:53:34','2025-12-27 07:45:41'),(1485,6,269,1,0,0,1,'2023-11-04 12:53:52','2025-12-27 07:45:41'),(1486,1,294,1,NULL,NULL,NULL,'2025-10-22 10:42:51','2025-10-22 10:54:05'),(1487,1,272,1,NULL,NULL,NULL,'2025-12-29 11:39:48','2025-12-29 11:39:48'),(1488,1,251,1,1,1,1,'2025-12-29 11:39:56','2025-12-29 11:40:00'),(1489,1,266,1,NULL,NULL,NULL,'2025-12-29 11:40:01','2025-12-29 11:40:01'),(1490,1,267,1,NULL,NULL,NULL,'2025-12-29 11:40:05','2025-12-29 11:40:05'),(1491,1,268,1,1,1,1,'2025-12-29 11:40:07','2025-12-29 11:40:10'),(1492,1,270,1,1,1,1,'2025-12-29 11:40:11','2025-12-29 11:40:15'),(1493,1,259,1,NULL,1,NULL,'2025-12-29 11:40:18','2025-12-29 11:40:20'),(1494,1,260,1,1,1,1,'2025-12-29 11:40:21','2025-12-29 11:40:36'),(1495,1,261,1,1,1,1,'2025-12-29 11:40:23','2025-12-29 11:40:34'),(1496,1,262,1,1,1,NULL,'2025-12-29 11:40:24','2025-12-29 11:40:33'),(1497,1,252,1,NULL,1,1,'2025-12-29 11:40:38','2025-12-29 11:40:41'),(1498,1,253,1,NULL,NULL,NULL,'2025-12-29 11:40:42','2025-12-29 11:40:42'),(1499,1,254,1,1,1,1,'2025-12-29 11:40:44','2025-12-29 11:40:51'),(1500,1,255,1,1,1,1,'2025-12-29 11:40:45','2025-12-29 11:40:52'),(1501,1,256,1,NULL,NULL,NULL,'2025-12-29 11:40:56','2025-12-29 11:40:56'),(1502,1,257,1,NULL,NULL,NULL,'2025-12-29 11:40:57','2025-12-29 11:40:57'),(1503,1,258,1,NULL,NULL,NULL,'2025-12-29 11:40:59','2025-12-29 11:40:59'),(1504,1,276,1,NULL,NULL,NULL,'2025-12-29 11:41:00','2025-12-29 11:41:00'),(1505,1,283,1,NULL,NULL,NULL,'2025-12-29 11:41:01','2025-12-29 11:41:01'),(1506,1,284,1,NULL,NULL,NULL,'2025-12-29 11:41:02','2025-12-29 11:41:02'),(1507,1,285,1,NULL,NULL,NULL,'2025-12-29 11:41:04','2025-12-29 11:41:04'),(1508,1,286,1,NULL,NULL,NULL,'2025-12-29 11:41:05','2025-12-29 11:41:05'),(1509,1,288,1,NULL,NULL,NULL,'2025-12-29 11:41:06','2025-12-29 11:41:06'),(1510,1,293,1,NULL,NULL,NULL,'2025-12-29 11:41:07','2025-12-29 11:41:07'),(1511,1,264,0,NULL,NULL,NULL,'2025-12-29 11:41:11','2025-12-29 11:41:24'),(1512,1,265,0,NULL,NULL,NULL,'2025-12-29 11:41:14','2025-12-29 11:41:23'),(1513,1,271,0,NULL,NULL,NULL,'2025-12-29 11:41:15','2025-12-29 11:41:22'),(1514,1,250,1,NULL,NULL,NULL,'2025-12-29 11:41:40','2025-12-29 11:41:40'),(1515,1,289,1,NULL,NULL,NULL,'2025-12-29 11:41:44','2025-12-29 11:41:44'),(1516,1,290,1,NULL,NULL,NULL,'2025-12-29 11:41:45','2025-12-29 11:41:45'),(1517,1,291,1,NULL,NULL,NULL,'2025-12-29 11:41:46','2025-12-29 11:41:46'),(1518,1,292,1,NULL,NULL,NULL,'2025-12-29 11:41:47','2025-12-29 11:41:47'),(1519,1,280,1,NULL,NULL,NULL,'2025-12-29 11:41:53','2025-12-29 11:41:53'),(1520,1,281,1,NULL,NULL,NULL,'2025-12-29 11:41:54','2025-12-29 11:41:54'),(1521,1,282,1,NULL,NULL,NULL,'2025-12-29 11:41:55','2025-12-29 11:41:55'),(1522,1,263,1,1,NULL,1,'2025-12-29 11:41:59','2025-12-29 11:42:02'),(1523,1,273,1,NULL,NULL,NULL,'2025-12-29 11:42:03','2025-12-29 11:42:03'),(1524,1,274,1,1,1,1,'2025-12-29 11:42:05','2025-12-29 11:42:10'),(1525,1,275,1,1,1,1,'2025-12-29 11:42:11','2025-12-29 11:42:16'),(1526,1,277,1,NULL,NULL,NULL,'2025-12-29 11:42:17','2025-12-29 11:42:17'),(1527,1,278,1,1,NULL,1,'2025-12-29 11:42:18','2025-12-29 11:42:21'),(1528,1,279,1,NULL,NULL,NULL,'2025-12-29 11:42:22','2025-12-29 11:42:22'),(1572,1,7001,1,1,1,1,'2021-05-11 07:21:33','2026-04-22 09:44:29'),(1573,1,7002,1,0,0,0,'2021-05-17 05:28:47','2026-04-22 09:44:29'),(1574,1,7003,1,1,1,1,'2021-05-11 08:29:37','2026-04-22 09:44:29'),(1575,1,7005,1,1,1,1,'2021-05-17 05:28:47','2026-04-22 09:44:29'),(1576,1,7004,1,1,1,1,'2021-05-11 10:00:50','2026-04-22 09:44:29'),(1577,1,7006,1,1,0,0,'2021-05-17 05:28:47','2026-04-22 09:44:29'),(1578,1,7007,1,0,0,0,'2021-05-11 10:00:50','2026-04-22 09:44:29'),(1579,1,7008,1,0,0,0,'2021-05-11 10:00:50','2026-04-22 09:44:29'),(1580,1,7009,1,0,0,0,'2021-05-11 10:00:50','2026-04-22 09:44:29'),(1581,1,7010,1,0,0,0,'2021-05-11 10:00:50','2026-04-22 09:44:29'),(1582,2,7001,1,1,1,1,'2021-05-15 11:07:28','2026-04-22 09:44:29'),(1583,2,7002,1,0,0,0,'2021-05-17 10:51:44','2026-04-22 09:44:29'),(1584,2,7003,1,1,1,1,'2021-05-15 10:28:38','2026-04-22 09:44:29'),(1585,2,7004,1,1,1,1,'2021-05-15 10:28:38','2026-04-22 09:44:29'),(1586,3,7006,1,1,0,0,'2021-05-17 10:52:19','2026-04-22 09:44:29'),(1587,3,7007,1,0,0,0,'2021-05-17 04:32:06','2026-04-22 09:44:29'),(1588,1,7011,1,0,0,0,'2021-05-17 05:28:47','2026-04-22 09:44:29'),(1589,2,7005,1,1,1,1,'2021-05-17 10:51:44','2026-04-22 09:44:29'),(1590,2,7010,1,0,0,0,'2021-05-17 10:51:44','2026-04-22 09:44:29'),(1591,1,7012,1,0,0,1,'2022-06-20 04:20:01','2026-04-22 09:44:29'),(1592,1,7013,1,0,1,1,'2022-06-18 09:52:16','2026-04-22 09:44:29'),(1593,1,7014,1,1,1,1,'2021-05-15 10:28:38','2026-04-22 09:44:29'),(1594,6,7014,1,1,1,1,'2022-06-18 09:09:15','2026-04-22 09:44:29'),(1595,6,7013,1,0,0,0,'2022-06-18 09:13:07','2026-04-22 09:44:29'),(1596,4,7012,1,0,0,0,'2022-07-15 04:22:20','2026-04-22 09:44:29'),(1597,4,7013,1,0,1,1,'2022-07-15 04:26:29','2026-04-22 09:44:29'),(1598,4,7014,1,1,1,1,'2022-07-15 04:24:48','2026-04-22 09:44:29'),(1599,2,7012,1,0,0,1,'2022-07-15 05:01:12','2026-04-22 09:44:29'),(1600,2,7013,1,0,0,1,'2022-07-15 05:01:12','2026-04-22 09:44:29'),(1601,2,7014,1,0,0,1,'2022-07-15 05:01:12','2026-04-22 09:44:29'),(1602,3,7012,1,0,0,0,'2022-07-15 05:31:18','2026-04-22 09:44:29'),(1603,3,7013,1,0,0,0,'2022-07-15 05:31:18','2026-04-22 09:44:29'),(1604,3,7014,1,0,0,0,'2022-07-15 05:31:18','2026-04-22 09:44:29'),(1605,1,7015,1,1,1,1,'2021-05-11 07:21:33','2026-04-22 09:44:36'),(1606,1,7016,1,1,1,1,'2021-05-11 07:21:33','2026-04-22 09:44:36'),(1607,1,7017,1,1,1,1,'2021-05-11 07:21:33','2026-04-22 09:44:36'),(1608,1,7018,1,1,1,1,'2021-05-11 07:21:33','2026-04-22 09:44:36'),(1609,1,7019,1,0,0,0,'2021-05-11 07:21:33','2026-04-22 09:44:36'),(1610,1,7020,1,0,0,0,'2021-05-11 07:21:33','2026-04-22 09:44:36'),(1611,1,7021,1,0,0,0,'2021-05-11 07:21:33','2026-04-22 09:44:36'),(1612,1,7022,1,0,0,0,'2021-05-11 07:21:33','2026-04-22 09:44:36'),(1613,1,7023,1,0,0,0,'2021-05-11 07:21:33','2026-04-22 09:44:36'),(1614,1,7024,1,0,0,0,'2021-05-11 07:21:33','2026-04-22 09:44:36');
/*!40000 ALTER TABLE `roles_permissions` ENABLE KEYS */;
UNLOCK TABLES;

--
-- Table structure for table `room_types`
--

DROP TABLE IF EXISTS `room_types`;
/*!40101 SET @saved_cs_client     = @@character_set_client */;
/*!50503 SET character_set_client = utf8mb4 */;
CREATE TABLE `room_types` (
  `id` int NOT NULL AUTO_INCREMENT,
  `room_type` varchar(200) DEFAULT NULL,
  `description` text,
  `created_at` timestamp NOT NULL DEFAULT CURRENT_TIMESTAMP,
  `updated_at` timestamp NOT NULL DEFAULT CURRENT_TIMESTAMP ON UPDATE CURRENT_TIMESTAMP,
  PRIMARY KEY (`id`)
) ENGINE=InnoDB AUTO_INCREMENT=8 DEFAULT CHARSET=utf8mb3;
/*!40101 SET character_set_client = @saved_cs_client */;

--
-- Dumping data for table `room_types`
--

LOCK TABLES `room_types` WRITE;
/*!40000 ALTER TABLE `room_types` DISABLE KEYS */;
INSERT INTO `room_types` VALUES (4,'2 Bed + washroom','room with 2 beds adn attahced washroom','2026-04-21 07:31:29','2026-04-21 07:31:29'),(5,'4 bed +  washroom','room with 4 beds and  attached washroom ','2026-04-21 07:31:57','2026-04-21 07:31:57'),(6,'1 Bed + washroom','room with 1 bed attached washroom','2026-04-21 07:32:31','2026-04-21 07:32:31'),(7,'3 bed + washromm','room with 3 beds & attached washroom','2026-04-21 07:32:55','2026-04-21 07:32:55');
/*!40000 ALTER TABLE `room_types` ENABLE KEYS */;
UNLOCK TABLES;

--
-- Table structure for table `route_pickup_point`
--

DROP TABLE IF EXISTS `route_pickup_point`;
/*!40101 SET @saved_cs_client     = @@character_set_client */;
/*!50503 SET character_set_client = utf8mb4 */;
CREATE TABLE `route_pickup_point` (
  `id` int NOT NULL AUTO_INCREMENT,
  `session_id` int DEFAULT NULL,
  `transport_route_id` int NOT NULL,
  `pickup_point_id` int NOT NULL,
  `fees` decimal(10,2) DEFAULT '0.00',
  `destination_distance` float(10,1) DEFAULT '0.0',
  `pickup_time` time DEFAULT NULL,
  `order_number` float NOT NULL,
  `created_at` timestamp NOT NULL DEFAULT CURRENT_TIMESTAMP,
  `updated_at` timestamp NOT NULL DEFAULT CURRENT_TIMESTAMP ON UPDATE CURRENT_TIMESTAMP,
  PRIMARY KEY (`id`),
  KEY `transport_route_id` (`transport_route_id`),
  KEY `pickup_point_id` (`pickup_point_id`),
  CONSTRAINT `route_pickup_point_ibfk_1` FOREIGN KEY (`transport_route_id`) REFERENCES `transport_route` (`id`) ON DELETE CASCADE,
  CONSTRAINT `route_pickup_point_ibfk_2` FOREIGN KEY (`pickup_point_id`) REFERENCES `pickup_point` (`id`) ON DELETE CASCADE
) ENGINE=InnoDB AUTO_INCREMENT=9 DEFAULT CHARSET=utf8mb3;
/*!40101 SET character_set_client = @saved_cs_client */;

--
-- Dumping data for table `route_pickup_point`
--

LOCK TABLES `route_pickup_point` WRITE;
/*!40000 ALTER TABLE `route_pickup_point` DISABLE KEYS */;
INSERT INTO `route_pickup_point` VALUES (1,21,1,1,1500.00,5.0,'06:39:00',1,'2026-04-22 11:40:28','2026-04-22 11:40:28'),(2,21,1,3,1600.00,8.0,'18:30:00',2,'2026-04-22 11:40:28','2026-04-22 11:40:28'),(3,21,1,2,1700.00,12.0,'18:20:00',3,'2026-04-22 11:40:28','2026-04-22 11:40:28'),(4,21,2,2,1500.00,5.0,'18:40:00',1,'2026-04-22 11:41:25','2026-04-22 11:41:25'),(5,21,2,3,1600.00,8.0,'18:30:00',2,'2026-04-22 11:41:25','2026-04-22 11:41:25'),(6,21,3,2,1500.00,5.0,'18:41:00',1,'2026-04-22 11:42:23','2026-04-22 11:42:23'),(7,21,3,3,1600.00,8.0,'18:27:00',2,'2026-04-22 11:42:23','2026-04-22 11:42:23'),(8,21,3,1,1700.00,14.0,'18:14:00',3,'2026-04-22 11:42:23','2026-04-22 11:42:23');
/*!40000 ALTER TABLE `route_pickup_point` ENABLE KEYS */;
UNLOCK TABLES;

--
-- Table structure for table `sch_settings`
--

DROP TABLE IF EXISTS `sch_settings`;
/*!40101 SET @saved_cs_client     = @@character_set_client */;
/*!50503 SET character_set_client = utf8mb4 */;
CREATE TABLE `sch_settings` (
  `id` int NOT NULL,
  `base_url` varchar(500) DEFAULT NULL,
  `folder_path` text,
  `name` varchar(100) DEFAULT NULL,
  `biometric` int DEFAULT '0',
  `biometric_device` text,
  `email` varchar(100) DEFAULT NULL,
  `phone` varchar(50) DEFAULT NULL,
  `address` text,
  `lang_id` int DEFAULT NULL,
  `languages` varchar(500) NOT NULL,
  `dise_code` varchar(50) DEFAULT NULL,
  `date_format` varchar(50) NOT NULL,
  `time_format` varchar(255) NOT NULL,
  `currency` varchar(50) NOT NULL,
  `currency_symbol` varchar(50) NOT NULL,
  `is_rtl` varchar(10) DEFAULT 'disabled',
  `is_duplicate_fees_invoice` varchar(100) DEFAULT '0',
  `collect_back_date_fees` int NOT NULL,
  `single_page_print` int DEFAULT '0',
  `timezone` varchar(30) DEFAULT 'UTC',
  `session_id` int DEFAULT NULL,
  `cron_secret_key` varchar(100) NOT NULL,
  `currency_place` varchar(50) NOT NULL DEFAULT 'before_number',
  `currency_format` varchar(20) DEFAULT NULL,
  `class_teacher` varchar(100) NOT NULL,
  `start_month` varchar(40) NOT NULL,
  `attendence_type` int NOT NULL DEFAULT '0',
  `low_attendance_limit` decimal(10,2) NOT NULL,
  `image` text,
  `admin_logo` text NOT NULL,
  `admin_small_logo` text NOT NULL,
  `admin_login_page_background` varchar(255) NOT NULL,
  `user_login_page_background` varchar(255) NOT NULL,
  `theme` varchar(200) NOT NULL DEFAULT 'default.jpg',
  `fee_due_days` int DEFAULT '0',
  `adm_auto_insert` int NOT NULL DEFAULT '1',
  `adm_prefix` varchar(50) NOT NULL DEFAULT 'ssadm19/20',
  `adm_start_from` varchar(11) NOT NULL,
  `adm_no_digit` int NOT NULL DEFAULT '6',
  `adm_update_status` int NOT NULL DEFAULT '0',
  `staffid_auto_insert` int NOT NULL DEFAULT '1',
  `staffid_prefix` varchar(100) NOT NULL DEFAULT 'staffss/19/20',
  `staffid_start_from` varchar(50) NOT NULL,
  `staffid_no_digit` int NOT NULL DEFAULT '6',
  `staffid_update_status` int NOT NULL DEFAULT '0',
  `is_active` varchar(255) DEFAULT 'no',
  `online_admission` int DEFAULT '0',
  `online_admission_payment` varchar(50) NOT NULL,
  `online_admission_amount` float NOT NULL,
  `online_admission_instruction` text NOT NULL,
  `online_admission_conditions` text NOT NULL,
  `online_admission_application_form` varchar(255) DEFAULT NULL,
  `exam_result` int NOT NULL,
  `is_blood_group` int NOT NULL DEFAULT '1',
  `is_student_house` int NOT NULL DEFAULT '1',
  `roll_no` int NOT NULL DEFAULT '1',
  `category` int NOT NULL,
  `religion` int NOT NULL DEFAULT '1',
  `cast` int NOT NULL DEFAULT '1',
  `mobile_no` int NOT NULL DEFAULT '1',
  `student_email` int NOT NULL DEFAULT '1',
  `admission_date` int NOT NULL DEFAULT '1',
  `lastname` int NOT NULL,
  `middlename` int NOT NULL DEFAULT '1',
  `student_photo` int NOT NULL DEFAULT '1',
  `student_height` int NOT NULL DEFAULT '1',
  `student_weight` int NOT NULL DEFAULT '1',
  `measurement_date` int NOT NULL DEFAULT '1',
  `father_name` int NOT NULL DEFAULT '1',
  `father_phone` int NOT NULL DEFAULT '1',
  `father_occupation` int NOT NULL DEFAULT '1',
  `father_pic` int NOT NULL DEFAULT '1',
  `mother_name` int NOT NULL DEFAULT '1',
  `mother_phone` int NOT NULL DEFAULT '1',
  `mother_occupation` int NOT NULL DEFAULT '1',
  `mother_pic` int NOT NULL DEFAULT '1',
  `guardian_name` int NOT NULL,
  `guardian_relation` int NOT NULL DEFAULT '1',
  `guardian_phone` int NOT NULL,
  `guardian_email` int NOT NULL DEFAULT '1',
  `guardian_pic` int NOT NULL DEFAULT '1',
  `guardian_occupation` int NOT NULL,
  `guardian_address` int NOT NULL DEFAULT '1',
  `current_address` int NOT NULL DEFAULT '1',
  `permanent_address` int NOT NULL DEFAULT '1',
  `route_list` int NOT NULL DEFAULT '1',
  `hostel_id` int NOT NULL DEFAULT '1',
  `bank_account_no` int NOT NULL DEFAULT '1',
  `ifsc_code` int NOT NULL,
  `bank_name` int NOT NULL,
  `national_identification_no` int NOT NULL DEFAULT '1',
  `local_identification_no` int NOT NULL DEFAULT '1',
  `rte` int NOT NULL DEFAULT '1',
  `previous_school_details` int NOT NULL DEFAULT '1',
  `student_note` int NOT NULL DEFAULT '1',
  `upload_documents` int NOT NULL DEFAULT '1',
  `student_barcode` int NOT NULL DEFAULT '1',
  `staff_designation` int NOT NULL DEFAULT '1',
  `staff_department` int NOT NULL DEFAULT '1',
  `staff_last_name` int NOT NULL DEFAULT '1',
  `staff_father_name` int NOT NULL DEFAULT '1',
  `staff_mother_name` int NOT NULL DEFAULT '1',
  `staff_date_of_joining` int NOT NULL DEFAULT '1',
  `staff_phone` int NOT NULL DEFAULT '1',
  `staff_emergency_contact` int NOT NULL DEFAULT '1',
  `staff_marital_status` int NOT NULL DEFAULT '1',
  `staff_photo` int NOT NULL DEFAULT '1',
  `staff_current_address` int NOT NULL DEFAULT '1',
  `staff_permanent_address` int NOT NULL DEFAULT '1',
  `staff_qualification` int NOT NULL DEFAULT '1',
  `staff_work_experience` int NOT NULL DEFAULT '1',
  `staff_note` int NOT NULL DEFAULT '1',
  `staff_epf_no` int NOT NULL DEFAULT '1',
  `staff_basic_salary` int NOT NULL DEFAULT '1',
  `staff_contract_type` int NOT NULL DEFAULT '1',
  `staff_work_shift` int NOT NULL DEFAULT '1',
  `staff_work_location` int NOT NULL DEFAULT '1',
  `staff_leaves` int NOT NULL DEFAULT '1',
  `staff_account_details` int NOT NULL DEFAULT '1',
  `staff_social_media` int NOT NULL DEFAULT '1',
  `staff_upload_documents` int NOT NULL DEFAULT '1',
  `staff_barcode` int NOT NULL DEFAULT '1',
  `staff_notification_email` varchar(50) NOT NULL,
  `mobile_api_url` tinytext NOT NULL,
  `app_primary_color_code` varchar(20) DEFAULT NULL,
  `app_secondary_color_code` varchar(20) DEFAULT NULL,
  `admin_mobile_api_url` tinytext NOT NULL,
  `admin_app_primary_color_code` varchar(20) NOT NULL,
  `admin_app_secondary_color_code` varchar(20) NOT NULL,
  `app_logo` text,
  `student_profile_edit` int NOT NULL DEFAULT '0',
  `start_week` varchar(10) NOT NULL,
  `my_question` int NOT NULL,
  `superadmin_restriction` varchar(20) NOT NULL,
  `student_timeline` varchar(20) NOT NULL,
  `calendar_event_reminder` int DEFAULT NULL,
  `event_reminder` varchar(20) NOT NULL,
  `student_login` varchar(100) DEFAULT NULL,
  `parent_login` varchar(100) DEFAULT NULL,
  `student_panel_login` int NOT NULL DEFAULT '1',
  `parent_panel_login` int NOT NULL DEFAULT '1',
  `is_student_feature_lock` int NOT NULL DEFAULT '0',
  `maintenance_mode` int NOT NULL DEFAULT '0',
  `lock_grace_period` int NOT NULL DEFAULT '0',
  `is_offline_fee_payment` int NOT NULL DEFAULT '0',
  `offline_bank_payment_instruction` text NOT NULL,
  `scan_code_type` varchar(50) NOT NULL DEFAULT 'barcode',
  `display_previous_fees` int NOT NULL DEFAULT '0',
  `student_resume_download` int NOT NULL DEFAULT '1',
  `download_admit_card` int NOT NULL DEFAULT '0',
  `fees_discount` int NOT NULL,
  `front_side_whatsapp` int NOT NULL DEFAULT '0',
  `front_side_whatsapp_mobile` varchar(50) DEFAULT NULL,
  `front_side_whatsapp_from` time DEFAULT NULL,
  `front_side_whatsapp_to` time DEFAULT NULL,
  `admin_panel_whatsapp` int NOT NULL DEFAULT '0',
  `admin_panel_whatsapp_mobile` varchar(50) DEFAULT NULL,
  `admin_panel_whatsapp_from` time DEFAULT NULL,
  `admin_panel_whatsapp_to` time DEFAULT NULL,
  `student_panel_whatsapp` int NOT NULL DEFAULT '0',
  `student_panel_whatsapp_mobile` varchar(50) DEFAULT NULL,
  `student_panel_whatsapp_from` time DEFAULT NULL,
  `student_panel_whatsapp_to` time DEFAULT NULL,
  `saas_key` text,
  `student_delete_chat` int NOT NULL,
  `guardian_delete_chat` int NOT NULL,
  `student_partial_payment` int DEFAULT NULL,
  `staff_delete_chat` int NOT NULL,
  `theme_color` varchar(50) NOT NULL DEFAULT '#7367f0',
  `theme_shadow` varchar(50) NOT NULL DEFAULT 'shadow-applied',
  `theme_background` varchar(50) NOT NULL DEFAULT 'light-mode',
  `theme_content` varchar(50) NOT NULL DEFAULT 'container-fluid',
  `theme_type` varchar(50) DEFAULT 'default',
  `theme_navigation` varchar(50) NOT NULL DEFAULT 'expanded',
  `theme_font_color` varchar(50) NOT NULL,
  `student_form_multi_class` varchar(50) NOT NULL,
  `created_at` timestamp NOT NULL DEFAULT CURRENT_TIMESTAMP,
  `updated_at` timestamp NOT NULL DEFAULT CURRENT_TIMESTAMP ON UPDATE CURRENT_TIMESTAMP,
  PRIMARY KEY (`id`),
  KEY `lang_id` (`lang_id`),
  KEY `session_id` (`session_id`)
) ENGINE=InnoDB DEFAULT CHARSET=utf8mb3;
/*!40101 SET character_set_client = @saved_cs_client */;

--
-- Dumping data for table `sch_settings`
--

LOCK TABLES `sch_settings` WRITE;
/*!40000 ALTER TABLE `sch_settings` DISABLE KEYS */;
INSERT INTO `sch_settings` VALUES (1,'https://t2.pixciletechnologies.com/','/var/www/smart_school_src/','Al Noor International School',NULL,'','info@alnoorschool.edu.sa','+966 11 456 7890','King Fahd Road, Al Olaya District, Riyadh, Saudi Arabia',4,'[\"4\"]','ANIS-RYD-001','m/d/Y','12-hour','124','$','disabled','0',0,0,'Asia/Riyadh',21,'','after_number','####.##','no','4',0,75.00,'1776780099-84009985269e78343649ca!TaleemX Logo.png','1776780107-99258018369e7834b2a67e!TaleemX Logo.png','1776780112-146572711169e78350499e8!TaleemX Logo.png','1776780033-11173387669e783012f500!717a1aa053a266f49e9830968f502cf6d29522d1.jpg','1776780042-53377655569e7830ab3810!717a1aa053a266f49e9830968f502cf6d29522d1.jpg','default.jpg',60,1,'SA- (Saudi Admission)','100001',6,1,1,'STF','10001',5,1,'no',1,'yes',1800,'Please fill all required fields carefully. Incomplete applications will be rejected.','<p>By submitting this form, you agree that the provided information is accurate and may be verified by the school administration.</p>\r\n','1776762184-148716984969e73d48cea24!Al_Noora_Admission_Form (1) (1).docx',0,1,1,1,1,1,1,1,1,1,1,0,1,1,1,1,1,1,1,1,1,1,1,1,1,1,1,1,1,1,1,1,1,1,1,1,1,1,1,1,1,1,1,1,1,1,1,1,1,1,1,1,1,1,1,1,1,1,1,1,1,1,1,1,1,1,1,1,1,1,'','https://t2.pixciletechnologies.com/api/','#442F24','#eeeeee','','','','1776780117-159199748369e783552b5e9!TaleemX Logo.png',0,'Monday',0,'enabled','disabled',0,'disabled','null','null',1,1,0,0,0,0,'','qrcode',0,1,0,0,0,NULL,NULL,NULL,0,NULL,NULL,NULL,0,NULL,NULL,NULL,NULL,0,0,0,1,'#442F24','','light-mode','container-fluid','custom','expanded','#fff','disabled','2022-12-30 06:44:20','2026-04-23 08:45:38');
/*!40000 ALTER TABLE `sch_settings` ENABLE KEYS */;
UNLOCK TABLES;

--
-- Table structure for table `school_houses`
--

DROP TABLE IF EXISTS `school_houses`;
/*!40101 SET @saved_cs_client     = @@character_set_client */;
/*!50503 SET character_set_client = utf8mb4 */;
CREATE TABLE `school_houses` (
  `id` int NOT NULL AUTO_INCREMENT,
  `house_name` varchar(200) NOT NULL,
  `description` varchar(400) NOT NULL,
  `is_active` varchar(50) NOT NULL,
  `created_at` timestamp NOT NULL DEFAULT CURRENT_TIMESTAMP,
  `updated_at` timestamp NOT NULL DEFAULT CURRENT_TIMESTAMP ON UPDATE CURRENT_TIMESTAMP,
  PRIMARY KEY (`id`)
) ENGINE=InnoDB AUTO_INCREMENT=5 DEFAULT CHARSET=utf8mb3;
/*!40101 SET character_set_client = @saved_cs_client */;

--
-- Dumping data for table `school_houses`
--

LOCK TABLES `school_houses` WRITE;
/*!40000 ALTER TABLE `school_houses` DISABLE KEYS */;
INSERT INTO `school_houses` VALUES (1,'Red House','','yes','2026-04-21 07:21:13','2026-04-21 07:21:13'),(2,'Blue House','','yes','2026-04-21 07:21:16','2026-04-21 07:21:16'),(3,'Green House','','yes','2026-04-21 07:21:27','2026-04-21 07:21:27'),(4,'Yellow House','','yes','2026-04-21 07:21:34','2026-04-21 07:21:34');
/*!40000 ALTER TABLE `school_houses` ENABLE KEYS */;
UNLOCK TABLES;

--
-- Table structure for table `sections`
--

DROP TABLE IF EXISTS `sections`;
/*!40101 SET @saved_cs_client     = @@character_set_client */;
/*!50503 SET character_set_client = utf8mb4 */;
CREATE TABLE `sections` (
  `id` int NOT NULL AUTO_INCREMENT,
  `section` varchar(60) DEFAULT NULL,
  `is_active` varchar(255) DEFAULT 'no',
  `created_at` timestamp NOT NULL DEFAULT CURRENT_TIMESTAMP,
  `updated_at` timestamp NOT NULL DEFAULT CURRENT_TIMESTAMP ON UPDATE CURRENT_TIMESTAMP,
  PRIMARY KEY (`id`)
) ENGINE=InnoDB AUTO_INCREMENT=5 DEFAULT CHARSET=utf8mb3;
/*!40101 SET character_set_client = @saved_cs_client */;

--
-- Dumping data for table `sections`
--

LOCK TABLES `sections` WRITE;
/*!40000 ALTER TABLE `sections` DISABLE KEYS */;
INSERT INTO `sections` VALUES (1,'A','no','2026-04-16 19:57:06','2026-04-16 19:57:06'),(2,'B','no','2026-04-16 19:57:09','2026-04-16 19:57:09'),(3,'C','no','2026-04-16 19:57:13','2026-04-16 19:57:13');
/*!40000 ALTER TABLE `sections` ENABLE KEYS */;
UNLOCK TABLES;

--
-- Table structure for table `send_notification`
--

DROP TABLE IF EXISTS `send_notification`;
/*!40101 SET @saved_cs_client     = @@character_set_client */;
/*!50503 SET character_set_client = utf8mb4 */;
CREATE TABLE `send_notification` (
  `id` int NOT NULL AUTO_INCREMENT,
  `title` varchar(50) DEFAULT NULL,
  `publish_date` date DEFAULT NULL,
  `date` date DEFAULT NULL,
  `attachment` varchar(500) DEFAULT NULL,
  `message` text,
  `visible_student` varchar(10) NOT NULL DEFAULT 'no',
  `visible_staff` varchar(10) NOT NULL DEFAULT 'no',
  `visible_parent` varchar(10) NOT NULL DEFAULT 'no',
  `created_by` varchar(60) DEFAULT NULL,
  `created_id` int DEFAULT NULL,
  `is_active` varchar(255) DEFAULT 'no',
  `created_at` timestamp NOT NULL DEFAULT CURRENT_TIMESTAMP,
  `updated_at` timestamp NOT NULL DEFAULT CURRENT_TIMESTAMP ON UPDATE CURRENT_TIMESTAMP,
  PRIMARY KEY (`id`),
  KEY `created_id` (`created_id`),
  CONSTRAINT `send_notification_ibfk_1` FOREIGN KEY (`created_id`) REFERENCES `staff` (`id`) ON DELETE CASCADE
) ENGINE=InnoDB DEFAULT CHARSET=utf8mb3;
/*!40101 SET character_set_client = @saved_cs_client */;

--
-- Dumping data for table `send_notification`
--

LOCK TABLES `send_notification` WRITE;
/*!40000 ALTER TABLE `send_notification` DISABLE KEYS */;
/*!40000 ALTER TABLE `send_notification` ENABLE KEYS */;
UNLOCK TABLES;

--
-- Table structure for table `sessions`
--

DROP TABLE IF EXISTS `sessions`;
/*!40101 SET @saved_cs_client     = @@character_set_client */;
/*!50503 SET character_set_client = utf8mb4 */;
CREATE TABLE `sessions` (
  `id` int NOT NULL AUTO_INCREMENT,
  `session` varchar(60) DEFAULT NULL,
  `is_active` varchar(255) DEFAULT 'no',
  `created_at` timestamp NOT NULL DEFAULT CURRENT_TIMESTAMP,
  `updated_at` timestamp NOT NULL DEFAULT CURRENT_TIMESTAMP ON UPDATE CURRENT_TIMESTAMP,
  PRIMARY KEY (`id`)
) ENGINE=InnoDB AUTO_INCREMENT=27 DEFAULT CHARSET=utf8mb3;
/*!40101 SET character_set_client = @saved_cs_client */;

--
-- Dumping data for table `sessions`
--

LOCK TABLES `sessions` WRITE;
/*!40000 ALTER TABLE `sessions` DISABLE KEYS */;
INSERT INTO `sessions` VALUES (7,'2016-17','no','2017-04-20 06:42:19','0000-00-00 00:00:00'),(11,'2017-18','no','2017-04-20 06:41:37','0000-00-00 00:00:00'),(13,'2018-19','no','2016-08-24 19:26:44','0000-00-00 00:00:00'),(14,'2019-20','no','2016-08-24 19:26:55','0000-00-00 00:00:00'),(15,'2020-21','no','2016-10-01 05:28:08','0000-00-00 00:00:00'),(16,'2021-22','no','2016-10-01 05:28:20','0000-00-00 00:00:00'),(18,'2022-23','no','2016-10-01 05:29:02','0000-00-00 00:00:00'),(19,'2023-24','no','2016-10-01 05:29:10','0000-00-00 00:00:00'),(20,'2024-25','no','2016-10-01 05:29:18','0000-00-00 00:00:00'),(21,'2025-26','no','2016-10-01 05:30:10','0000-00-00 00:00:00'),(22,'2026-27','no','2016-10-01 05:30:18','0000-00-00 00:00:00'),(23,'2027-28','no','2016-10-01 05:30:24','0000-00-00 00:00:00'),(24,'2028-29','no','2016-10-01 05:30:30','0000-00-00 00:00:00'),(25,'2029-30','no','2016-10-01 05:30:37','0000-00-00 00:00:00'),(26,'2030-2031','no','2026-04-16 08:35:01','2026-04-16 08:35:01');
/*!40000 ALTER TABLE `sessions` ENABLE KEYS */;
UNLOCK TABLES;

--
-- Table structure for table `share_content_for`
--

DROP TABLE IF EXISTS `share_content_for`;
/*!40101 SET @saved_cs_client     = @@character_set_client */;
/*!50503 SET character_set_client = utf8mb4 */;
CREATE TABLE `share_content_for` (
  `id` int NOT NULL AUTO_INCREMENT,
  `group_id` varchar(20) DEFAULT NULL,
  `student_id` int DEFAULT NULL,
  `user_parent_id` int DEFAULT NULL,
  `staff_id` int DEFAULT NULL,
  `class_section_id` int DEFAULT NULL,
  `share_content_id` int DEFAULT NULL,
  `created_at` timestamp NOT NULL DEFAULT CURRENT_TIMESTAMP,
  `updated_at` timestamp NOT NULL DEFAULT CURRENT_TIMESTAMP ON UPDATE CURRENT_TIMESTAMP,
  PRIMARY KEY (`id`),
  KEY `upload_content_id` (`share_content_id`),
  KEY `student_id` (`student_id`),
  KEY `staff_id` (`staff_id`),
  KEY `class_section_id` (`class_section_id`),
  KEY `user_parent_id` (`user_parent_id`),
  CONSTRAINT `share_content_for_ibfk_1` FOREIGN KEY (`share_content_id`) REFERENCES `share_contents` (`id`) ON DELETE CASCADE,
  CONSTRAINT `share_content_for_ibfk_2` FOREIGN KEY (`student_id`) REFERENCES `students` (`id`),
  CONSTRAINT `share_content_for_ibfk_3` FOREIGN KEY (`staff_id`) REFERENCES `staff` (`id`),
  CONSTRAINT `share_content_for_ibfk_4` FOREIGN KEY (`class_section_id`) REFERENCES `class_sections` (`id`),
  CONSTRAINT `share_content_for_ibfk_5` FOREIGN KEY (`user_parent_id`) REFERENCES `users` (`id`)
) ENGINE=InnoDB AUTO_INCREMENT=16 DEFAULT CHARSET=utf8mb3;
/*!40101 SET character_set_client = @saved_cs_client */;

--
-- Dumping data for table `share_content_for`
--

LOCK TABLES `share_content_for` WRITE;
/*!40000 ALTER TABLE `share_content_for` DISABLE KEYS */;
INSERT INTO `share_content_for` VALUES (1,NULL,NULL,NULL,NULL,1,1,'2026-04-21 14:05:25','2026-04-21 14:05:25'),(2,NULL,NULL,NULL,NULL,1,2,'2026-04-22 07:43:05','2026-04-22 07:43:05'),(3,NULL,NULL,NULL,NULL,2,2,'2026-04-22 07:43:05','2026-04-22 07:43:05'),(4,NULL,NULL,NULL,NULL,3,2,'2026-04-22 07:43:05','2026-04-22 07:43:05'),(5,NULL,NULL,NULL,NULL,1,3,'2026-04-22 07:43:59','2026-04-22 07:43:59'),(6,NULL,NULL,NULL,NULL,2,3,'2026-04-22 07:43:59','2026-04-22 07:43:59'),(7,NULL,NULL,NULL,NULL,3,3,'2026-04-22 07:43:59','2026-04-22 07:43:59'),(8,NULL,NULL,NULL,NULL,1,4,'2026-04-22 07:44:46','2026-04-22 07:44:46'),(9,NULL,NULL,NULL,NULL,2,4,'2026-04-22 07:44:46','2026-04-22 07:44:46'),(10,NULL,NULL,NULL,NULL,3,4,'2026-04-22 07:44:46','2026-04-22 07:44:46'),(11,NULL,NULL,NULL,NULL,1,5,'2026-04-22 07:45:32','2026-04-22 07:45:32'),(12,NULL,NULL,NULL,NULL,2,5,'2026-04-22 07:45:32','2026-04-22 07:45:32'),(13,NULL,NULL,NULL,NULL,3,5,'2026-04-22 07:45:32','2026-04-22 07:45:32'),(14,'student',NULL,NULL,NULL,NULL,6,'2026-04-22 07:46:47','2026-04-22 07:46:47'),(15,'student',NULL,NULL,NULL,NULL,7,'2026-04-22 07:47:50','2026-04-22 07:47:50');
/*!40000 ALTER TABLE `share_content_for` ENABLE KEYS */;
UNLOCK TABLES;

--
-- Table structure for table `share_contents`
--

DROP TABLE IF EXISTS `share_contents`;
/*!40101 SET @saved_cs_client     = @@character_set_client */;
/*!50503 SET character_set_client = utf8mb4 */;
CREATE TABLE `share_contents` (
  `id` int NOT NULL AUTO_INCREMENT,
  `send_to` varchar(50) DEFAULT NULL,
  `title` text,
  `share_date` date DEFAULT NULL,
  `valid_upto` date DEFAULT NULL,
  `description` text,
  `created_by` int DEFAULT NULL,
  `created_at` timestamp NOT NULL DEFAULT CURRENT_TIMESTAMP,
  `updated_at` timestamp NOT NULL DEFAULT CURRENT_TIMESTAMP ON UPDATE CURRENT_TIMESTAMP,
  PRIMARY KEY (`id`),
  KEY `created_by` (`created_by`),
  CONSTRAINT `share_contents_ibfk_1` FOREIGN KEY (`created_by`) REFERENCES `staff` (`id`) ON DELETE CASCADE
) ENGINE=InnoDB AUTO_INCREMENT=8 DEFAULT CHARSET=utf8mb3;
/*!40101 SET character_set_client = @saved_cs_client */;

--
-- Dumping data for table `share_contents`
--

LOCK TABLES `share_contents` WRITE;
/*!40000 ALTER TABLE `share_contents` DISABLE KEYS */;
INSERT INTO `share_contents` VALUES (1,'class','Learn the Arabic Alphabet','2026-04-15','2026-04-30','',1,'2026-04-21 14:05:25','2026-04-21 14:05:25'),(2,'class','Basic learning concepts for kids','2026-04-01','2026-06-30','Arabic Basic learning concepts for kids',1,'2026-04-22 07:43:05','2026-04-22 07:43:05'),(3,'class','Arabic Conversation for Beginners | 70 Basic Arabic Phrases To Know','2026-04-01','2026-06-30','Video Guidline for  Arabic Conversation for Beginners | 70 Basic Arabic Phrases To Know',1,'2026-04-22 07:43:59','2026-04-22 07:43:59'),(4,'class','The Best Note-taking System for the Talib Ilm (Student of Knowledge)','2026-04-01','2026-07-31','The Best Note-taking System for the Talib Ilm (Student of Knowledge)',1,'2026-04-22 07:44:46','2026-04-22 07:44:46'),(5,'class','Arabic Reading Class - How to Complete Worksheets','2026-04-01','2026-09-30','Arabic Reading Class - How to Complete Worksheets',1,'2026-04-22 07:45:32','2026-04-22 07:45:32'),(6,'group','Simple school project ideas','2026-04-01','2026-09-30','Simple school project ideas for school exhibition and events ',1,'2026-04-22 07:46:47','2026-04-22 07:46:47'),(7,'group','Arabic Conversation for Beginners | 70 Basic Arabic Phrases To Know','2026-04-01','2026-09-30','This Video Is For Beginners Those who want to Learn Arabic Conversation for Beginners | 70 Basic Arabic Phrases To Know',1,'2026-04-22 07:47:50','2026-04-22 07:47:50');
/*!40000 ALTER TABLE `share_contents` ENABLE KEYS */;
UNLOCK TABLES;

--
-- Table structure for table `share_upload_contents`
--

DROP TABLE IF EXISTS `share_upload_contents`;
/*!40101 SET @saved_cs_client     = @@character_set_client */;
/*!50503 SET character_set_client = utf8mb4 */;
CREATE TABLE `share_upload_contents` (
  `id` int NOT NULL AUTO_INCREMENT,
  `upload_content_id` int DEFAULT NULL,
  `share_content_id` int DEFAULT NULL,
  `created_at` timestamp NOT NULL DEFAULT CURRENT_TIMESTAMP,
  `updated_at` timestamp NOT NULL DEFAULT CURRENT_TIMESTAMP ON UPDATE CURRENT_TIMESTAMP,
  PRIMARY KEY (`id`),
  KEY `upload_content_id` (`upload_content_id`),
  KEY `share_content_id` (`share_content_id`),
  CONSTRAINT `share_upload_contents_ibfk_1` FOREIGN KEY (`upload_content_id`) REFERENCES `upload_contents` (`id`) ON DELETE CASCADE,
  CONSTRAINT `share_upload_contents_ibfk_2` FOREIGN KEY (`share_content_id`) REFERENCES `share_contents` (`id`) ON DELETE CASCADE
) ENGINE=InnoDB AUTO_INCREMENT=8 DEFAULT CHARSET=utf8mb3;
/*!40101 SET character_set_client = @saved_cs_client */;

--
-- Dumping data for table `share_upload_contents`
--

LOCK TABLES `share_upload_contents` WRITE;
/*!40000 ALTER TABLE `share_upload_contents` DISABLE KEYS */;
INSERT INTO `share_upload_contents` VALUES (1,1,1,'2026-04-21 14:05:25','2026-04-21 14:05:25'),(2,6,2,'2026-04-22 07:43:05','2026-04-22 07:43:05'),(3,5,3,'2026-04-22 07:43:59','2026-04-22 07:43:59'),(4,4,4,'2026-04-22 07:44:46','2026-04-22 07:44:46'),(5,3,5,'2026-04-22 07:45:32','2026-04-22 07:45:32'),(6,2,6,'2026-04-22 07:46:47','2026-04-22 07:46:47'),(7,5,7,'2026-04-22 07:47:50','2026-04-22 07:47:50');
/*!40000 ALTER TABLE `share_upload_contents` ENABLE KEYS */;
UNLOCK TABLES;

--
-- Table structure for table `sidebar_menus`
--

DROP TABLE IF EXISTS `sidebar_menus`;
/*!40101 SET @saved_cs_client     = @@character_set_client */;
/*!50503 SET character_set_client = utf8mb4 */;
CREATE TABLE `sidebar_menus` (
  `id` int NOT NULL AUTO_INCREMENT,
  `product_name` varchar(50) NOT NULL,
  `permission_group_id` int DEFAULT NULL,
  `icon` varchar(100) DEFAULT NULL,
  `menu` varchar(500) DEFAULT NULL,
  `activate_menu` varchar(100) DEFAULT NULL,
  `lang_key` varchar(250) NOT NULL,
  `system_level` int DEFAULT '0',
  `level` int DEFAULT NULL,
  `sidebar_display` int DEFAULT '0',
  `access_permissions` text,
  `is_active` int NOT NULL DEFAULT '1',
  `created_at` timestamp NOT NULL DEFAULT CURRENT_TIMESTAMP,
  `updated_at` timestamp NOT NULL DEFAULT CURRENT_TIMESTAMP ON UPDATE CURRENT_TIMESTAMP,
  PRIMARY KEY (`id`),
  KEY `permission_group_id` (`permission_group_id`),
  CONSTRAINT `sidebar_menus_ibfk_1` FOREIGN KEY (`permission_group_id`) REFERENCES `permission_group` (`id`) ON DELETE SET NULL
) ENGINE=InnoDB AUTO_INCREMENT=38 DEFAULT CHARSET=utf8mb3;
/*!40101 SET character_set_client = @saved_cs_client */;

--
-- Dumping data for table `sidebar_menus`
--

LOCK TABLES `sidebar_menus` WRITE;
/*!40000 ALTER TABLE `sidebar_menus` DISABLE KEYS */;
INSERT INTO `sidebar_menus` VALUES (1,'',17,'fa fa-ioxhost ftlayer','Front Office','front_office','front_office',10,1,1,'(\'admission_enquiry\', \'can_view\') || (\'visitor_book\', \'can_view\') ||       (\'phon_call_log\', \'can_view\') ||  (\'postal_dispatch\', \'can_view\') ||       (\'postal_receive\', \'can_view\') || (\'complaint\', \'can_view\') ||(\'setup_font_office\', \'can_view\')',1,'2023-01-10 12:49:51','2025-12-27 07:45:41'),(2,'',1,'fa fa-user-plus ftlayer','Student Information','student_information','student_information',20,2,1,'(\'student\', \'can_view\') || (\'student\', \'can_add\') || (\'student_categories\', \'can_view\') || (\'student_houses\', \'can_view\') || (\'disable_student\', \'can_view\') || (\'disable_reason\', \'can_view\') || (\'online_admission\', \'can_view\') || (\'multiclass_student\', \'can_view\') || (\'disable_reason\', \'can_view\')',1,'2023-01-10 12:49:51','2025-12-27 07:46:57'),(3,'',2,'fa fa-money ftlayer','Fees Collection','fees_collection','fees_collection',30,3,1,'(\'collect_fees\', \'can_view\') || (\'search_fees_payment\', \'can_view\') || (\'search_due_fees\', \'can_view\') || (\'fees_statement\', \'can_view\') || (\'fees_carry_forward\', \'can_view\') || (\'fees_master\', \'can_view\') || (\'fees_group\', \'can_view\') || (\'fees_type\', \'can_view\') || (\'fees_discount\', \'can_view\') || (\'fees_reminder\', \'can_view\') || (\'offline_bank_payments\', \'can_view\')',1,'2023-01-10 12:49:51','2025-12-27 07:46:57'),(4,'',3,'fa fa-usd ftlayer','Income','income','income',40,4,1,'(\'income\', \'can_view\') || (\'search_income\', \'can_view\') || (\'income_head\', \'can_view\')',1,'2023-01-10 12:49:37','2026-04-16 10:53:11'),(7,'',4,'fa fa-credit-card ftlayer','Expense','expense','expenses',50,5,1,'(\'expense\', \'can_view\') || (\'search_expense\', \'can_view\') || (\'expense_head\', \'can_view\')',1,'2023-01-10 12:49:37','2026-04-16 10:53:11'),(10,'',5,'fa fa-calendar-check-o ftlayer','Attendance','attendance','attendance',60,7,1,'(\'student_attendance\', \'can_view\')',1,'2023-01-10 12:49:37','2026-04-16 10:52:56'),(11,'',6,'fa fa-map-o ftlayer','Examinations','examinations','examinations',70,6,1,'(\'exam_group\', \'can_view\') || (\'exam_result\', \'can_view\') || (\'design_admit_card\', \'can_view\') || (\'print_admit_card\', \'can_view\') || (\'design_marksheet\', \'can_view\') || (\'print_marksheet\', \'can_view\') || (\'marks_grade\', \'can_view\') || (\'exam_schedule\', \'can_view\') || (\'generate_rank\', \'can_view\')',1,'2023-01-10 12:49:37','2026-04-16 10:52:56'),(12,'',23,'fa fa-rss ftlayer','Online Examinations','online_examinations','online_examinations',80,8,1,'(\'online_examination\', \'can_view\') ||  (\'question_bank\', \'can_view\'',1,'2023-01-10 12:49:37','2026-04-16 10:52:56'),(13,'',29,'fa fa-list-alt ftlayer','Lesson Plan','lesson_plan','lesson_plan',90,10,1,'(\'manage_lesson_plan\', \'can_view\') || (\'manage_syllabus_status\', \'can_view\') || (\'lesson\', \'can_view\') ||  (\'topic\', \'can_view\')||  (\'copy_old_lesson\', \'can_view\')',1,'2023-01-10 12:49:37','2026-04-16 10:52:56'),(14,'',7,'fa fa-mortar-board ftlayer','Academics','academics','academics',100,9,1,'(\'class_timetable\', \'can_view\') || (\'teachers_timetable\', \'can_view\') || (\'assign_class_teacher\', \'can_view\') || (\'promote_student\', \'can_view\') || (\'subject_group\', \'can_view\') || (\'section\', \'can_view\') || (\'subject\', \'can_view\') || (\'class\', \'can_view\') || (\'section\', \'can_view\')',1,'2023-01-10 12:49:37','2026-04-16 10:52:56'),(15,'',18,'fa fa-sitemap ftlayer','Human Resource','human_resource','human_resource',110,12,1,'(\'staff\', \'can_view\') || (\'approve_leave_request\', \'can_view\') || (\'apply_leave\', \'can_view\') || (\'leave_types\', \'can_view\') || (\'teachers_rating\', \'can_view\') || (\'department\', \'can_view\') || (\'designation\', \'can_view\') || (\'disable_staff\', \'can_view\')',1,'2023-01-10 12:49:37','2026-04-16 10:52:56'),(16,'',13,'fa fa-bullhorn ftlayer','Communicate','communicate','communicate',120,13,1,'(\'notice_board\', \'can_view\') || (\'email\', \'can_view\') || (\'sms\', \'can_view\') || (\'email_sms_log\', \'can_view\')',1,'2023-01-10 12:49:37','2026-04-16 10:52:56'),(17,'',8,'fa fa-download ftlayer','Download Center','download_center','download_center',130,14,1,'(\'upload_content\', \'can_view\') || (\'video_tutorial\', \'can_view\') || (\'content_type\', \'can_view\') || (\'content_share_list\', \'can_view\')',1,'2023-01-10 12:49:37','2026-04-16 10:52:56'),(18,'',19,'fa fa-flask ftlayer','Homework','homework','homework',140,15,1,'(\'homework\', \'can_view\') || (\'homework\', \'can_view\')',1,'2023-01-10 12:49:37','2026-04-16 10:52:56'),(19,'',9,'fa fa-book ftlayer','Library','library','library',150,16,1,'(\'books\', \'can_view\') || (\'issue_return\', \'can_view\') || (\'add_staff_member\', \'can_view\') || (\'add_student\', \'can_view\')',1,'2023-01-10 12:49:37','2026-04-16 10:52:56'),(20,'',10,'fa fa-object-group ftlayer','Inventory','inventory','inventory',160,17,1,'(\'issue_item\', \'can_view\') || (\'item_stock\', \'can_view\') || (\'item\', \'can_view\') || (\'item_category\', \'can_view\') || (\'item_category\', \'can_view\') || (\'store\', \'can_view\') || (\'supplier\', \'can_view\')',1,'2023-01-10 12:49:37','2026-04-16 10:52:56'),(21,'',11,'fa fa-bus ftlayer','Transport','transport','transport',170,18,1,'(\'routes\', \'can_view\') || (\'vehicle\', \'can_view\') || (\'assign_vehicle\', \'can_view\') || (\'transport_fees_master\', \'can_view\') || (\'pickup_point\', \'can_view\') || (\'route_pickup_point\', \'can_view\') || (\'student_transport_fees\', \'can_view\')      ',1,'2023-01-10 12:49:37','2026-04-16 10:52:56'),(22,'',12,'fa fa-building-o ftlayer','Hostel','hostel','hostel',180,20,1,'(\'hostel_rooms\', \'can_view\') || (\'room_type\', \'can_view\') || (\'hostel\', \'can_view\')',1,'2023-01-10 12:49:37','2026-04-16 10:52:56'),(23,'',20,'fa fa-newspaper-o ftlayer','Certificate','certificate','certificate',190,21,1,'(\'student_certificate\', \'can_view\') || (\'generate_certificate\', \'can_view\') || (\'student_id_card\', \'can_view\') || (\'generate_id_card\', \'can_view\') || (\'staff_id_card\', \'can_view\') || (\'generate_staff_id_card\', \'can_view\') || (\'download_tc\', \'can_view\') || (\'prepare_tc\', \'can_view\') || (\'tc_settings\', \'can_view\') || (\'verify_tc\', \'can_view\')',1,'2023-01-10 12:49:37','2026-04-16 10:52:56'),(24,'',16,'fa fa-empire ftlayer','Front CMS','front_cms','front_cms',200,22,1,'(\'event\', \'can_view\') || (\'gallery\', \'can_view\') || (\'notice\', \'can_view\') || (\'media_manager\', \'can_view\') || (\'pages\', \'can_view\') || (\'menus\', \'can_view\') || (\'banner_images\', \'can_view\')',1,'2023-01-10 12:49:37','2026-04-16 10:52:56'),(25,'',28,'fa fa-universal-access ftlayer','Alumni','alumni','alumni',210,23,1,'(\'manage_alumni\', \'can_view\') || (\'events\', \'can_view\')',1,'2023-01-10 12:49:37','2026-04-16 10:52:56'),(26,'',14,'fa fa-line-chart ftlayer','Reports','reports','reports',220,24,1,'(\'student_report\', \'can_view\') || (\'guardian_report\', \'can_view\') || (\'student_history\', \'can_view\') || (\'student_login_credential_report\', \'can_view\') || (\'class_subject_report\', \'can_view\') || (\'admission_report\', \'can_view\') || (\'sibling_report\', \'can_view\') || (\'evaluation_report\', \'can_view\') || (\'student_profile\', \'can_view\') || (\'fees_statement\', \'can_view\') || (\'balance_fees_report\', \'can_view\') || (\'fees_collection_report\', \'can_view\') || (\'online_fees_collection_report\', \'can_view\') || (\'income_report\', \'can_view\') || (\'expense_report\', \'can_view\') || (\'income_group_report\', \'can_view\') || (\'expense_group_report\', \'can_view\') || (\'attendance_report\', \'can_view\') || (\'staff_attendance_report\', \'can_view\') || (\'exam_marks_report\', \'can_view\') || (\'online_exam_wise_report\', \'can_view\') || (\'online_exams_report\', \'can_view\') || (\'online_exams_attempt_report\', \'can_view\') || (\'online_exams_rank_report\', \'can_view\') || (\'payroll_report\', \'can_view\') || (\'transport_report\', \'can_view\') || (\'hostel_report\', \'can_view\') || (\'audit_trail_report\', \'can_view\') || (\'user_log\', \'can_view\') || (\'book_issue_report\', \'can_view\') || (\'book_due_report\', \'can_view\') || (\'book_inventory_report\', \'can_view\') || (\'stock_report\', \'can_view\') ||      (\'add_item_report\', \'can_view\') || (\'issue_inventory_report\', \'can_view\') || (\'syllabus_status_report\', \'can_view\') ||    (\'subject_lesson_plan_report\', \'can_view\') || (\'daily_collection_report\', \'can_view\') || (\'balance_fees_statement\', \'can_view\') || (\'balance_fees_report_with_remark\', \'can_view\') || (\'staff_leave_request_report\', \'can_view\') || (\'my_leave_request_report\', \'can_view\')',1,'2023-01-10 12:49:37','2026-04-16 10:52:56'),(27,'',15,'fa fa-gears ftlayer','System Settings','system_settings','system_setting',230,25,1,'(\'general_setting\', \'can_view\') || (\'session_setting\', \'can_view\') || (\'notification_setting\', \'can_view\') || (\'sms_setting\', \'can_view\') || (\'email_setting\', \'can_view\') || (\'payment_methods\', \'can_view\') || (\'languages\', \'can_view\') || (\'user_status\', \'can_view\') || (\'backup_restore\', \'can_view\') || (\'print_header_footer\', \'can_view\') || (\'backup\', \'can_view\') || (\'front_cms_setting\', \'can_view\') || (\'custom_fields\', \'can_view\') || (\'system_fields\', \'can_view\') || (\'student_profile_update\', \'can_view\') || (\'currency\', \'can_view\') || (\'language_switcher\', \'can_view\') || (\'sidebar_menu\', \'can_view\') || (\'online_admission\', \'can_view\')\r\n',1,'2023-01-10 12:49:37','2026-04-16 10:52:56'),(28,'ssoclc',700,'fa fa-file-video-o ftlayer','Online Course','online_course','online_course',0,4,1,'(\'online_course\', \'can_view\') || (\'online_course_offline_payment\', \'can_view\') || (\'student_course_purchase_report\', \'can_view\') || (\'course_sell_count_report\', \'can_view\') || (\'online_course_setting\', \'can_view\')|| (\'course_category\', \'can_view\') || (\'guest_report\', \'can_view\') || (\'course_rating_report\', \'can_view\') || (\'course_assignment_report\', \'can_view\') || (\'course_exam_result_report\', \'can_view\') || (\'course_exam_report\', \'can_view\') || (\'course_exam_attempt_report\', \'can_view\') || (\'online_course_question_bank\', \'can_view\') || (\'course_certificate_template\',\'can_view\')',1,'2023-01-10 12:49:51','2026-04-22 10:04:25'),(36,'',30,'fa fa-calendar','Annual Calendar','holiday','annual_calendar',240,11,1,'(\'annual_calendar\', \'can_view\')\r\n',1,'2025-01-18 09:15:03','2026-04-16 10:52:56'),(37,'',31,'fa fa-ioxhost ftlayer','Student CV','student_cv','student_cv',1,19,1,'(\'download_cv\', \'can_view\') || (\'build_cv\', \'can_view\') || (\'resume_setting\', \'can_view\') || (\'student_resume_details\', \'can_view\')',1,'2025-01-18 09:15:07','2026-04-16 10:52:56');
/*!40000 ALTER TABLE `sidebar_menus` ENABLE KEYS */;
UNLOCK TABLES;

--
-- Table structure for table `sidebar_sub_menus`
--

DROP TABLE IF EXISTS `sidebar_sub_menus`;
/*!40101 SET @saved_cs_client     = @@character_set_client */;
/*!50503 SET character_set_client = utf8mb4 */;
CREATE TABLE `sidebar_sub_menus` (
  `id` int NOT NULL AUTO_INCREMENT,
  `sidebar_menu_id` int DEFAULT NULL,
  `menu` varchar(500) DEFAULT NULL,
  `key` varchar(500) DEFAULT NULL,
  `lang_key` varchar(250) DEFAULT NULL,
  `url` text,
  `level` int DEFAULT NULL,
  `access_permissions` varchar(500) DEFAULT NULL,
  `permission_group_id` int DEFAULT NULL,
  `activate_controller` varchar(100) DEFAULT NULL COMMENT 'income',
  `activate_methods` varchar(500) DEFAULT NULL COMMENT 'index,edit',
  `addon_permission` varchar(100) DEFAULT NULL,
  `is_active` int DEFAULT '1',
  `created_at` timestamp NOT NULL DEFAULT CURRENT_TIMESTAMP,
  `updated_at` timestamp NOT NULL DEFAULT CURRENT_TIMESTAMP ON UPDATE CURRENT_TIMESTAMP,
  PRIMARY KEY (`id`),
  KEY `sidebar_menu_id` (`sidebar_menu_id`),
  KEY `permission_group_id` (`permission_group_id`),
  CONSTRAINT `sidebar_sub_menus_ibfk_1` FOREIGN KEY (`sidebar_menu_id`) REFERENCES `sidebar_menus` (`id`) ON DELETE CASCADE,
  CONSTRAINT `sidebar_sub_menus_ibfk_2` FOREIGN KEY (`permission_group_id`) REFERENCES `permission_group` (`id`) ON DELETE SET NULL
) ENGINE=InnoDB AUTO_INCREMENT=231 DEFAULT CHARSET=utf8mb3;
/*!40101 SET character_set_client = @saved_cs_client */;

--
-- Dumping data for table `sidebar_sub_menus`
--

LOCK TABLES `sidebar_sub_menus` WRITE;
/*!40000 ALTER TABLE `sidebar_sub_menus` DISABLE KEYS */;
INSERT INTO `sidebar_sub_menus` VALUES (1,1,'admission_enquiry',NULL,'admission_enquiry','admin/enquiry',1,'(\'admission_enquiry\', \'can_view\')',NULL,'enquiry','index',NULL,1,'2022-07-11 12:04:46','2025-12-27 07:45:41'),(2,1,'visitor_book',NULL,'visitor_book','admin/visitors',2,'(\'visitor_book\', \'can_view\')',NULL,'visitors','index',NULL,1,'2022-07-11 12:04:46','2025-12-27 07:45:41'),(3,1,'phone_call_log',NULL,'phone_call_log','admin/generalcall',3,'(\'phone_call_log\', \'can_view\')',NULL,'generalcall','index,edit',NULL,1,'2022-05-10 11:40:07','2025-12-27 07:45:41'),(4,1,'postal_dispatch',NULL,'postal_dispatch','admin/dispatch',4,'(\'postal_dispatch\', \'can_view\')',NULL,'dispatch','index,editdispatch',NULL,1,'2022-05-10 11:40:09','2025-12-27 07:45:41'),(5,1,'postal_receive',NULL,'postal_receive','admin/receive',5,'(\'postal_receive\', \'can_view\')',NULL,'receive','index,editreceive',NULL,1,'2022-05-10 11:40:09','2025-12-27 07:45:41'),(6,1,'complain',NULL,'complain','admin/complaint',6,'(\'complaint\', \'can_view\')',NULL,'complaint','index,edit',NULL,1,'2022-05-10 11:40:00','2025-12-27 07:45:41'),(7,1,'setup_front_office',NULL,'setup_front_office','admin/visitorspurpose',7,'(\'setup_font_office\', \'can_view\')',NULL,'visitorspurpose','index,edit',NULL,1,'2022-04-18 15:43:15','2025-12-27 07:45:41'),(9,2,'student_admission',NULL,'student_admission','student/create',2,'(\'student\', \'can_add\')',NULL,'student','create,import',NULL,1,'2022-08-30 07:51:02','2025-12-27 07:45:41'),(10,2,'online_admission',NULL,'online_admission','admin/onlinestudent',3,'(\'online_admission\', \'can_view\')',27,'onlinestudent','index,edit',NULL,1,'2022-05-10 11:40:30','2025-12-27 07:45:41'),(11,2,'disable_student',NULL,'disabled_students','student/disablestudentslist',4,'(\'disable_student\', \'can_view\')',NULL,'student','disablestudentslist','',1,'2022-07-23 06:49:00','2025-12-27 07:45:41'),(12,3,'collect_fees',NULL,'collect_fees','studentfee',1,'(\'collect_fees\', \'can_view\')',NULL,'studentfee','index,addfee',NULL,1,'2022-07-23 06:53:34','2025-12-27 07:45:41'),(13,3,'search_fees_payment',NULL,'search_fees_payment','studentfee/searchpayment',3,'(\'search_fees_payment\', \'can_view\')',NULL,'studentfee','searchpayment',NULL,1,'2022-08-08 06:03:40','2025-12-27 07:45:41'),(14,3,'search_due_fees',NULL,'search_due_fees','studentfee/feesearch',4,'(\'search_due_fees\', \'can_view\')',NULL,'studentfee','feesearch',NULL,1,'2022-08-08 06:03:38','2025-12-27 07:45:41'),(15,3,'fees_master',NULL,'fees_master','admin/feemaster',5,'(\'fees_master\', \'can_view\')',NULL,'feemaster','index,assign,edit',NULL,1,'2022-09-24 07:35:55','2025-12-27 07:45:41'),(16,3,'fees_group',NULL,'fees_group','admin/feegroup',6,'(\'fees_group\', \'can_view\')',NULL,'feegroup','index,edit',NULL,1,'2022-08-08 06:03:32','2025-12-27 07:45:41'),(17,4,'add_income',NULL,'add_income','admin/income',1,'(\'income\', \'can_view\')',NULL,'income','index,edit',NULL,1,'2022-07-23 07:03:40','2025-12-27 07:45:41'),(18,4,'search_income',NULL,'search_income','admin/income/incomesearch',2,'(\'search_income\', \'can_view\')',NULL,'income','incomesearch',NULL,1,'2022-07-23 07:10:13','2025-12-27 07:45:41'),(19,4,'income_head',NULL,'income_head','admin/incomehead',3,'(\'income_head\', \'can_view\')',NULL,'incomehead','index,edit',NULL,1,'2022-07-23 07:11:11','2025-12-27 07:45:41'),(20,2,'student_details',NULL,'student_details','student/search',1,'(\'student\', \'can_view\')',NULL,'student','search,view,edit',NULL,1,'2022-08-30 07:51:05','2025-12-27 07:45:41'),(21,2,'multi_class_student',NULL,'multi_class_student','student/multiclass',5,'(\'multi_class_student\', \'can_view\')',26,'student','multiclass',NULL,1,'2022-07-23 06:48:37','2025-12-27 07:45:41'),(22,2,'bulk_delete',NULL,'bulk_delete','student/bulkdelete',6,'(\'student\', \'can_delete\')',NULL,'student','bulkdelete',NULL,1,'2022-07-23 06:48:11','2025-12-27 07:45:41'),(23,2,'student_categories',NULL,'student_categories','category',7,'(\'student_categories\', \'can_view\')',NULL,'category','index,edit',NULL,1,'2022-07-23 06:47:24','2025-12-27 07:45:41'),(24,2,'student_house',NULL,'student_house','admin/schoolhouse',8,'(\'student_houses\', \'can_view\')',NULL,'schoolhouse','index,edit',NULL,1,'2022-07-23 06:49:59','2025-12-27 07:45:41'),(25,2,'disable_reason',NULL,'disable_reason','admin/disable_reason',9,'(\'disable_reason\', \'can_view\')',NULL,'disable_reason','index,edit',NULL,1,'2022-07-23 06:50:41','2025-12-27 07:45:41'),(29,7,'add_expense',NULL,'add_expense','admin/expense',1,'(\'expense\', \'can_view\')',NULL,'expense','index,edit','',1,'2022-07-23 07:12:25','2025-12-27 07:45:41'),(32,3,'fees_type',NULL,'fees_type','admin/feetype',7,'(\'fees_type\', \'can_view\')',NULL,'feetype','index,edit','',1,'2022-08-08 06:03:29','2025-12-27 07:45:41'),(33,10,'attendance_by_date','attendance_by_date','attendance_by_date','admin/stuattendence/attendencereport',3,'(\'attendance_by_date\', \'can_view\')',NULL,'stuattendence','attendencereport','',1,'2022-10-20 05:50:25','2025-12-27 07:45:41'),(34,10,'student_attendance','student_attendance','student_attendance','admin/stuattendence',1,'(\'student_attendance\', \'can_view\')',NULL,'stuattendence','index','',1,'2022-10-20 05:50:25','2025-12-27 07:45:41'),(35,10,'approve_leave','approve_leave','approve_leave','admin/approve_leave',2,'(\'approve_leave\', \'can_view\')',NULL,'approve_leave','index','',1,'2022-10-14 16:16:44','2025-12-27 07:45:41'),(36,11,'exam_group',NULL,'exam_group','admin/examgroup',1,'(\'exam_group\', \'can_view\')',NULL,'examgroup','index,addexam,edit','',1,'2022-07-23 07:23:01','2025-12-27 07:45:41'),(37,11,'exam_schedule',NULL,'exam_schedule','admin/exam_schedule',2,'(\'exam_schedule\', \'can_view\')',NULL,'exam_schedule','index','',1,'2022-05-16 07:01:34','2025-12-27 07:46:57'),(38,11,'exam_result',NULL,'exam_result','admin/examresult',3,'(\'exam_result\', \'can_view\')',NULL,'examresult','index','',1,'2022-05-16 07:01:34','2025-12-27 07:45:41'),(39,11,'design_admit_card',NULL,'design_admit_card','admin/admitcard',4,'(\'design_admit_card\', \'can_view\')',NULL,'admitcard','index,edit','',1,'2022-07-23 07:28:02','2025-12-27 07:45:41'),(40,11,'print_admit_card',NULL,'print_admit_card','admin/examresult/admitcard',5,'(\'print_admit_card\', \'can_view\')',NULL,'examresult','admitcard','',1,'2022-05-16 07:01:34','2025-12-27 07:45:41'),(41,11,'design_marksheet',NULL,'design_marksheet','admin/marksheet',6,'(\'design_marksheet\', \'can_view\')',NULL,'marksheet','index,edit','',1,'2022-07-23 07:35:35','2025-12-27 07:45:41'),(42,11,'print_marksheet',NULL,'print_marksheet','admin/examresult/marksheet',7,'(\'print_marksheet\', \'can_view\')',NULL,'examresult','marksheet','',1,'2022-05-16 07:01:38','2025-12-27 07:45:41'),(43,11,'marks_grade',NULL,'marks_grade','admin/grade',8,'(\'marks_grade\', \'can_view\')',NULL,'grade','index,edit','',1,'2022-07-23 07:37:15','2025-12-27 07:45:41'),(44,11,'marks_division',NULL,'marks_division','admin/marksdivision',9,'(\'marks_division\', \'can_view\')',NULL,'marksdivision','index,edit','',1,'2022-08-25 06:04:26','2025-12-27 07:45:41'),(45,12,'online_exam',NULL,'online_exam','admin/onlineexam',1,'(\'online_examination\', \'can_view\')',NULL,'onlineexam','index,evalution,assign','',1,'2022-08-30 13:03:45','2025-12-27 07:45:41'),(46,12,'question_bank',NULL,'question_bank','admin/question',1,'(\'question_bank\', \'can_view\')',NULL,'question','index,read','',1,'2022-08-30 11:03:13','2025-12-27 07:45:41'),(47,13,'manage_lesson_plan',NULL,'manage_lesson_plan','admin/syllabus',2,'(\'manage_lesson_plan\', \'can_view\')',NULL,'syllabus','index','',1,'2022-09-03 16:59:31','2025-12-27 07:45:41'),(48,13,'manage_syllabus_status',NULL,'manage_syllabus_status','admin/syllabus/status',3,'(\'manage_syllabus_status\', \'can_view\')',NULL,'syllabus','status','',1,'2022-09-03 16:59:35','2025-12-27 07:45:41'),(49,13,'lesson',NULL,'lesson','admin/lessonplan/lesson',4,'(\'lesson\', \'can_view\')',NULL,'lessonplan','lesson,editlesson','',1,'2022-09-15 11:30:55','2025-12-27 07:45:41'),(50,13,'topic',NULL,'topic','admin/lessonplan/topic',5,'(\'topic\', \'can_view\')',NULL,'lessonplan','topic,edittopic','',1,'2022-09-15 11:30:24','2025-12-27 07:45:41'),(51,14,'class_timetable',NULL,'class_timetable','admin/timetable/classreport',1,'(\'class_timetable\', \'can_view\')',NULL,'timetable','classreport,create','',1,'2022-07-23 09:01:22','2025-12-27 07:45:41'),(52,14,'teachers_timetable',NULL,'teachers_timetable','admin/timetable/mytimetable',2,'(\'teachers_time_table\', \'can_view\')',NULL,'timetable','mytimetable','',1,'2022-07-20 12:22:59','2025-12-27 07:45:41'),(53,14,'assign_class_teacher',NULL,'assign_class_teacher','admin/teacher/assign_class_teacher',3,'(\'assign_class_teacher\', \'can_view\')',NULL,'teacher','assign_class_teacher,update_class_teacher','',1,'2022-07-23 09:00:19','2025-12-27 07:45:41'),(54,14,'promote_students',NULL,'promote_students','admin/stdtransfer',4,'(\'promote_student\', \'can_view\')',NULL,'stdtransfer','index','',1,'2022-07-20 12:22:54','2025-12-27 07:45:41'),(55,14,'subject_group',NULL,'subject_group','admin/subjectgroup',5,'(\'subject_group\', \'can_view\')',NULL,'subjectgroup','index,edit','',1,'2022-07-23 08:59:42','2025-12-27 07:45:41'),(56,14,'subjects',NULL,'subjects','admin/subject',6,'(\'subject\', \'can_view\')',NULL,'subject','index,edit','',1,'2022-07-23 08:59:20','2025-12-27 07:45:41'),(57,14,'class',NULL,'class','classes',7,'(\'class\', \'can_view\')',NULL,'classes','index,edit','',1,'2022-07-23 08:58:49','2025-12-27 07:45:41'),(58,14,'sections',NULL,'sections','sections',8,'(\'section\', \'can_view\')',NULL,'sections','index,edit','',1,'2022-07-23 08:58:21','2025-12-27 07:45:41'),(59,15,'staff_directory',NULL,'staff_directory','admin/staff',1,'(\'staff\', \'can_view\')',NULL,'staff','index,edit,profile,create','',1,'2022-10-12 09:13:24','2025-12-27 07:45:41'),(60,15,'staff_attendance',NULL,'staff_attendance','admin/staffattendance',1,'(\'staff_attendance\', \'can_view\')',NULL,'staffattendance','index','',1,'2022-09-07 12:04:15','2025-12-27 07:45:41'),(61,15,'payroll',NULL,'payroll','admin/payroll',1,'(\'staff_payroll\', \'can_view\')',NULL,'payroll','index,edit,create','',1,'2022-08-16 11:58:44','2025-12-27 07:45:41'),(62,15,'approve_leave_request',NULL,'approve_leave_request','admin/leaverequest/leaverequest',1,'(\'approve_leave_request\', \'can_view\')',NULL,'leaverequest','leaverequest','',1,'2022-05-16 09:04:33','2025-12-27 07:45:41'),(74,15,'apply_leave',NULL,'apply_leave','admin/staff/leaverequest',1,'(\'apply_leave\', \'can_view\')',NULL,'staff','leaverequest','',1,'2022-05-16 09:11:41','2025-12-27 07:45:41'),(75,15,'leave_type',NULL,'leave_type','admin/leavetypes',1,'(\'leave_types\', \'can_view\')',NULL,'leavetypes','index,leaveedit,createleavetype','',1,'2022-10-18 11:19:22','2025-12-27 07:45:41'),(76,15,'teachers_rating',NULL,'teachers_rating','admin/staff/rating',1,'(\'teachers_rating\', \'can_view\')',NULL,'staff','rating','',1,'2022-05-16 09:15:31','2025-12-27 07:45:41'),(77,15,'department',NULL,'department','admin/department/department',1,'(\'department\', \'can_view\')',NULL,'department','department,departmentedit','',1,'2022-07-23 09:14:20','2025-12-27 07:45:41'),(78,15,'designation',NULL,'designation','admin/designation/designation',1,'(\'designation\', \'can_view\')',NULL,'designation','designation,designationedit','',1,'2022-07-23 09:15:04','2025-12-27 07:45:41'),(79,15,'disabled_staff',NULL,'disabled_staff','admin/staff/disablestafflist',1,'(\'disable_staff\', \'can_view\')',NULL,'staff','disablestafflist','',1,'2022-09-13 07:46:56','2025-12-27 07:45:41'),(80,16,'notice_board',NULL,'notice_board','admin/notification',1,'(\'notice_board\', \'can_view\')',NULL,'notification','index,edit,add','',1,'2022-07-23 09:17:24','2025-12-27 07:45:41'),(81,16,'send_email',NULL,'send_email','admin/mailsms/compose',2,'(\'email\', \'can_view\')',NULL,'mailsms','compose','',1,'2022-09-02 16:52:46','2025-12-27 07:45:41'),(82,16,'send_sms',NULL,'send_sms','admin/mailsms/compose_sms',3,'(\'sms\', \'can_view\')',NULL,'mailsms','compose_sms','',1,'2022-09-02 16:52:46','2025-12-27 07:45:41'),(83,16,'email_sms_log',NULL,'email_sms_log','admin/mailsms/index',4,'(\'email_sms_log\', \'can_view\')',NULL,'mailsms','index','',1,'2022-09-02 16:52:50','2025-12-27 07:45:41'),(84,16,'schedule_email_sms_log',NULL,'schedule_email_sms_log','admin/mailsms/schedule',5,'(\'schedule_email_sms_log\', \'can_view\')',NULL,'mailsms','schedule,edit_schedule','',1,'2022-09-13 07:07:38','2025-12-27 07:45:41'),(85,16,'login_credentials_send',NULL,'login_credentials_send','student/bulkmail',6,'(\'login_credentials_send\', \'can_view\')',NULL,'student','bulkmail','',1,'2022-09-02 16:52:46','2025-12-27 07:45:41'),(86,16,'email_template',NULL,'email_template','admin/mailsms/email_template',7,'(\'email_template\', \'can_view\')',NULL,'mailsms','email_template','',1,'2022-09-02 16:52:46','2025-12-27 07:45:41'),(87,16,'sms_template',NULL,'sms_template','admin/mailsms/sms_template',8,'(\'sms_template\', \'can_view\')',NULL,'mailsms','sms_template','',1,'2022-09-02 16:52:46','2025-12-27 07:45:41'),(88,17,'content_type',NULL,'content_type','admin/contenttype',4,'(\'content_type\', \'can_view\')',NULL,'contenttype','index,edit','',1,'2022-07-23 09:24:45','2026-04-13 11:46:35'),(89,17,'content_share_list',NULL,'content_share_list','admin/content/list',2,'(\'content_share_list\', \'can_view\')',NULL,'content','list','',1,'2022-07-22 10:07:17','2025-12-27 07:45:41'),(90,17,'upload_content',NULL,'upload_content','admin/content/upload',1,'(\'upload_content\', \'can_view\')',NULL,'content','upload','',1,'2022-07-22 10:07:17','2025-12-27 07:45:41'),(91,17,'video_tutorial',NULL,'video_tutorial','admin/video_tutorial',3,'(\'video_tutorial\', \'can_view\')',NULL,'video_tutorial','index','',1,'2022-07-22 10:07:17','2026-04-13 11:46:35'),(92,18,'add_homework',NULL,'add_homework','homework',1,'(\'homework\', \'can_view\')',NULL,'homework','index','',1,'2022-06-25 09:50:01','2025-12-27 07:45:41'),(93,18,'daily_assignment',NULL,'daily_assignment','homework/dailyassignment',2,'(\'daily_assignment\', \'can_view\')',NULL,'homework','dailyassignment','',1,'2022-07-23 09:27:23','2025-12-27 07:45:41'),(94,19,'book_list',NULL,'book_list','admin/book/getall',1,'(\'books\', \'can_view\')',NULL,'book','getall,index,edit,import,issue_returnreport','',1,'2022-09-07 11:45:50','2025-12-27 07:45:41'),(95,19,'issue_return',NULL,'issue_return','admin/member',1,'(\'issue_return\', \'can_view\')',NULL,'member','index,issue','',1,'2022-07-23 09:32:48','2025-12-27 07:45:41'),(96,19,'add_student',NULL,'add_student','admin/member/student',1,'(\'add_student\', \'can_view\')',NULL,'member','student','',1,'2022-05-16 11:22:54','2025-12-27 07:45:41'),(97,19,'add_staff_member',NULL,'add_staff_member','admin/member/teacher',1,'(\'add_staff_member\', \'can_view\')',NULL,'member','teacher','',1,'2022-05-16 11:31:43','2025-12-27 07:45:41'),(98,7,'search_expense',NULL,'search_expense','admin/expense/expensesearch',1,'(\'search_expense\', \'can_view\')',NULL,'expense','expensesearch','',1,'2022-05-16 11:36:09','2025-12-27 07:45:41'),(99,7,'expense_head',NULL,'expense_head','admin/expensehead',1,'(\'expense_head\', \'can_view\')',NULL,'expensehead','index,edit','',1,'2022-07-23 07:16:17','2025-12-27 07:45:41'),(100,20,'issue_item',NULL,'issue_item','admin/issueitem',1,'(\'issue_item\', \'can_view\')',NULL,'issueitem','index,create','',1,'2022-07-23 09:35:03','2025-12-27 07:45:41'),(101,20,'add_item_stock',NULL,'add_item_stock','admin/itemstock',1,'(\'item_stock\', \'can_view\')',NULL,'itemstock','index,edit','',1,'2022-07-23 09:36:17','2025-12-27 07:45:41'),(102,20,'add_item',NULL,'add_item','admin/item',1,'(\'item\', \'can_view\')',NULL,'item','index,edit','',1,'2022-07-23 09:36:56','2025-12-27 07:45:41'),(103,20,'item_category',NULL,'item_category','admin/itemcategory',1,'(\'item_category\', \'can_view\')',NULL,'itemcategory','index,edit','',1,'2022-07-23 09:37:12','2025-12-27 07:45:41'),(104,20,'item_store',NULL,'item_store','admin/itemstore',1,'(\'store\', \'can_view\')',NULL,'itemstore','index,edit,create','',1,'2022-09-16 11:49:03','2025-12-27 07:45:41'),(105,20,'item_supplier',NULL,'item_supplier','admin/itemsupplier',1,'(\'supplier\', \'can_view\')',NULL,'itemsupplier','index,edit,create','',1,'2022-07-23 09:38:22','2025-12-27 07:45:41'),(106,21,'fees_master',NULL,'fees_master','admin/transport/feemaster',1,'(\'transport_fees_master\', \'can_view\')',NULL,'transport','feemaster','',1,'2023-03-31 05:33:14','2025-12-27 07:45:41'),(107,21,'pickup_point',NULL,'pickup_point','admin/pickuppoint',1,'(\'pickup_point\', \'can_view\')',NULL,'pickuppoint','index','',1,'2023-03-31 05:24:24','2025-12-27 07:45:41'),(108,21,'routes',NULL,'routes','admin/route',1,'(\'routes\', \'can_view\')',NULL,'route','index,edit','',1,'2022-09-17 06:21:23','2025-12-27 07:45:41'),(109,21,'vehicles',NULL,'vehicles','admin/vehicle',1,'(\'vehicle\', \'can_view\')',NULL,'vehicle','index','',1,'2022-05-16 12:29:35','2025-12-27 07:45:41'),(110,21,'assign_vehicle',NULL,'assign_vehicle','admin/vehroute',1,'(\'assign_vehicle\',\'can_view\')',NULL,'vehroute','index,edit','',1,'2022-10-19 07:06:08','2025-12-27 07:45:41'),(111,21,'route_pickup_point',NULL,'route_pickup_point','admin/pickuppoint/assign',1,'(\'route_pickup_point\', \'can_view\')',NULL,'pickuppoint','assign','',1,'2023-03-31 05:25:08','2025-12-27 07:45:41'),(112,21,'student_transport_fees',NULL,'student_transport_fees','admin/pickuppoint/student_fees',1,'(\'student_transport_fees\', \'can_view\')',NULL,'pickuppoint','student_fees','',1,'2023-03-31 05:25:43','2025-12-27 07:45:41'),(113,22,'hostel_rooms',NULL,'hostel_rooms','admin/hostelroom',1,'(\'hostel_rooms\', \'can_view\')',NULL,'hostelroom','index,edit','',1,'2022-07-23 10:27:48','2025-12-27 07:45:41'),(114,22,'room_type',NULL,'room_type','admin/roomtype',2,'(\'room_type\', \'can_view\')',NULL,'roomtype','index,edit','',1,'2022-07-23 10:32:14','2025-12-27 07:45:41'),(115,22,'hostel',NULL,'hostel','admin/hostel',3,'(\'hostel\', \'can_view\')',NULL,'hostel','index,edit','',1,'2022-07-23 10:32:39','2025-12-27 07:45:41'),(116,23,'student_certificate',NULL,'student_certificate','admin/certificate',2,'(\'student_certificate\', \'can_view\')',NULL,'certificate','index,edit','',1,'2022-07-23 10:44:30','2026-04-13 11:46:35'),(117,23,'generate_certificate',NULL,'generate_certificate','admin/generatecertificate',2,'(\'generate_certificate\', \'can_view\')',NULL,'generatecertificate','index,search','',1,'2022-07-23 10:46:16','2026-04-13 11:46:35'),(118,23,'student_id_card',NULL,'student_id_card','admin/studentidcard',2,'(\'student_id_card\', \'can_view\')',NULL,'studentidcard','index,edit','',1,'2022-07-23 10:47:01','2026-04-13 11:46:35'),(119,23,'generate_id_card',NULL,'generate_id_card','admin/generateidcard/search',2,'(\'generate_id_card\', \'can_view\')',NULL,'generateidcard','search','',1,'2022-05-18 05:35:13','2026-04-13 11:46:35'),(120,23,'staff_id_card',NULL,'staff_id_card','admin/staffidcard',2,'(\'staff_id_card\', \'can_view\')',NULL,'staffidcard','index,edit','',1,'2022-07-23 10:48:13','2026-04-13 11:46:35'),(121,23,'generate_staff_id_card',NULL,'generate_staff_id_card','admin/generatestaffidcard',2,'(\'generate_staff_id_card\', \'can_view\')',NULL,'generatestaffidcard','index,search','',1,'2022-07-23 10:49:06','2026-04-13 11:46:35'),(122,24,'event',NULL,'event','admin/front/events',1,'(\'event\', \'can_view\')',NULL,'events','index,edit,create','',1,'2022-07-23 10:51:51','2025-12-27 07:45:41'),(123,24,'gallery',NULL,'gallery','admin/front/gallery',1,'(\'gallery\', \'can_view\')',NULL,'gallery','index,edit,create','',1,'2022-07-23 10:52:22','2025-12-27 07:45:41'),(124,24,'news',NULL,'news','admin/front/notice',1,'(\'notice\', \'can_view\')',NULL,'notice','index,edit,create','',1,'2022-07-23 10:54:23','2025-12-27 07:45:41'),(125,24,'media_manager',NULL,'media_manager','admin/front/media',1,'(\'media_manager\', \'can_view\')',NULL,'media','index','',1,'2022-05-18 06:03:32','2025-12-27 07:45:41'),(126,24,'pages',NULL,'pages','admin/front/page',1,'(\'pages\', \'can_view\')',NULL,'page','index,edit,create','',1,'2022-07-23 10:55:28','2025-12-27 07:45:41'),(127,24,'menus',NULL,'menus','admin/front/menus/additem/main-menu',1,'(\'menus\', \'can_view\')',NULL,'menus','index,additem','',1,'2022-07-23 10:56:31','2025-12-27 07:46:57'),(128,24,'banner_images',NULL,'banner_images','admin/front/banner',1,'(\'banner_images\', \'can_view\')',NULL,'banner','index','',1,'2022-05-18 06:10:53','2025-12-27 07:45:41'),(129,25,'manage_alumini',NULL,'manage_alumini','admin/alumni/alumnilist',1,'(\'manage_alumni\', \'can_view\')',NULL,'alumni','alumnilist','',1,'2022-07-23 10:58:36','2025-12-27 07:45:41'),(130,25,'events',NULL,'events','admin/alumni/events',1,'(\'events\', \'can_view\')',NULL,'alumni','events','',1,'2022-07-23 10:59:09','2025-12-27 07:45:41'),(131,26,'student_information',NULL,'student_information','report/studentinformation',1,'(\'student_report\', \'can_view\') || (\'guardian_report\', \'can_view\') || (\'student_history\', \'can_view\') || (\'student_login_credential_report\', \'can_view\') || (\'class_subject_report\', \'can_view\') || (\'admission_report\', \'can_view\') || (\'sibling_report\', \'can_view\') || (\'homehork_evaluation_report\', \'can_view\') || (\'student_profile\', \'can_view\') || (\'student_gender_ratio_report\', \'can_view\') || (\'student_teacher_ratio_report\', \'can_view\')',NULL,'report','studentinformation,studentreport,online_admission_report,student_teacher_ratio,boys_girls_ratio,student_profile,sibling_report,admission_report,class_subject,classsectionreport,guardianreport,admissionreport,logindetailreport,parentlogindetailreport','',1,'2022-09-26 05:26:53','2025-12-27 07:45:41'),(132,26,'finance',NULL,'finance','financereports/finance',2,'(\'fees_statement\', \'can_view\') || (\'balance_fees_report\', \'can_view\') || (\'fees_collection_report\', \'can_view\') || (\'online_fees_collection_report\', \'can_view\') || (\'income_report\', \'can_view\') || (\'expense_report\', \'can_view\') || (\'payroll_report\', \'can_view\') || (\'income_group_report\', \'can_view\') || (\'expense_group_report\', \'can_view\') || (\'online_admission\', \'can_view\')',NULL,'financereports','finance,reportduefees,reportdailycollection,reportbyname,studentacademicreport,collection_report,onlinefees_report,duefeesremark,income,expense,payroll,incomegroup,expensegroup,onlineadmission','',1,'2022-09-24 12:20:32','2025-12-27 07:45:41'),(133,26,'attendance',NULL,'attendance','attendencereports/attendance',3,'(\'attendance_report\', \'can_view\') || (\'student_attendance_type_report\', \'can_view\') || (\'daily_attendance_report\', \'can_view\') || (\'staff_attendance_report\', \'can_view\')',NULL,'attendencereports','attendance,classattendencereport,attendancereport,daily_attendance_report,staffattendancereport,biometric_attlog,reportbymonthstudent,reportbymonth,staffdaywiseattendancereport','',1,'2022-09-26 11:36:08','2025-12-27 07:46:57'),(134,26,'examinations',NULL,'examinations','admin/examresult/examinations',4,'(\'rank_report\', \'can_view\')',NULL,'examresult','rankreport,examinations','',1,'2022-09-20 08:34:13','2025-12-27 07:45:41'),(135,26,'lesson_plan',NULL,'lesson_plan','report/lesson_plan',6,'(\'syllabus_status_report\', \'can_view\') || (\'subject_lesson_plan_report\', \'can_view\')',NULL,'report','lesson_plan,teachersyllabusstatus','',1,'2022-07-25 11:39:17','2025-12-27 07:46:57'),(136,26,'human_resource',NULL,'human_resource','report/human_resource',7,'(\'staff_report\', \'can_view\') || (\'payroll_report\', \'can_view\') || (\'staff_leave_request_report\', \'can_view\') || (\'my_leave_request_report\', \'can_view\')  ',NULL,'report','human_resource,staff_report,payrollreport,myleaverequestreport,leaverequestreport','',1,'2022-07-25 11:38:20','2025-12-27 07:46:57'),(137,26,'library',NULL,'library','report/library',9,'(\'book_issue_report\', \'can_view\') || (\'book_due_report\', \'can_view\') || (\'book_issue_return_report\', \'can_view\') || (\'book_inventory_report\', \'can_view\')',NULL,'report','library,studentbookissuereport,bookduereport,bookinventory','',1,'2022-09-07 11:53:15','2025-12-27 07:45:41'),(138,26,'inventory',NULL,'inventory','report/inventory',10,'(\'stock_report\', \'can_view\') || (\'add_item_report\', \'can_view\') || (\'issue_item_report\', \'can_view\')',NULL,'report','inventory,inventorystock,additem,issueinventory','',1,'2022-07-25 11:30:57','2025-12-27 07:45:41'),(139,26,'hostel',NULL,'hostel','admin/hostelroom/studenthosteldetails',12,'(\'hostel_report\', \'can_view\')',NULL,'hostelroom','studenthosteldetails','',1,'2022-07-20 12:30:07','2025-12-27 07:45:41'),(140,26,'alumni',NULL,'alumni','report/alumnireport',13,'(\'alumni_report\', \'can_view\')',NULL,'report','alumnireport','',1,'2022-07-20 12:30:07','2025-12-27 07:45:41'),(141,26,'user_log',NULL,'user_log','admin/userlog',14,'(\'user_log\', \'can_view\')',NULL,'userlog','index','',1,'2022-07-20 12:30:07','2025-12-27 07:45:41'),(142,26,'audit_trail_report',NULL,'audit_trail_report','admin/audit',15,'(\'audit_trail_report\', \'can_view\')',NULL,'audit','index','',1,'2022-07-20 12:30:07','2025-12-27 07:45:41'),(143,26,'online_examinations',NULL,'online_examinations','admin/onlineexam/report',5,'(\'online_exam_wise_report\', \'can_view\') || (\'online_exams_report\', \'can_view\') || (\'online_exams_attempt_report\', \'can_view\') || (\'online_exams_rank_report\', \'can_view\')',NULL,'onlineexam','report,onlineexams','',1,'2022-07-25 11:48:23','2025-12-27 07:45:41'),(144,26,'homework',NULL,'homework','homework/homeworkordailyassignmentreport',8,'(\'homework\', \'can_view\') || (\'daily_assignment\', \'can_view\') || (\'homework_marks_report\', \'can_view\') || (\'homehork_evaluation_report\', \'can_view\')',NULL,'homework','homeworkordailyassignmentreport,homeworkreport,evaluation_report,dailyassignmentreport,homework_marksreport','',1,'2022-09-21 09:28:47','2025-12-27 07:46:57'),(145,26,'transport',NULL,'transport','admin/route/studenttransportdetails',11,'(\'transport_report\', \'can_view\')',NULL,'route','studenttransportdetails','',1,'2022-07-20 12:30:07','2025-12-27 07:45:41'),(146,27,'general_setting',NULL,'general_setting','schsettings',1,'(\'general_setting\', \'can_view\')',NULL,'schsettings','index,logo,miscellaneous,backendtheme,mobileapp,studentguardianpanel,fees,idautogeneration,attendancetype,maintenance,whatsappsettings,chatsetting','',1,'2025-02-13 09:03:12','2025-12-27 07:46:57'),(147,27,'session_setting',NULL,'session_setting','sessions',2,'(\'session_setting\', \'can_view\')',NULL,'sessions','index,edit','',1,'2022-07-23 11:57:16','2025-12-27 07:45:41'),(148,27,'notification_setting',NULL,'notification_setting','admin/notification/setting',3,'(\'notification_setting\', \'can_view\')',NULL,'notification','setting','',1,'2022-07-08 08:12:28','2025-12-27 07:45:41'),(149,27,'sms_setting',NULL,'sms_setting','smsconfig',4,'(\'sms_setting\', \'can_view\')',NULL,'smsconfig','index','',1,'2022-07-08 08:12:28','2025-12-27 07:45:41'),(150,27,'email_setting',NULL,'email_setting','emailconfig',5,'(\'email_setting\', \'can_view\')',NULL,'emailconfig','index','',1,'2022-07-08 08:12:28','2025-12-27 07:45:41'),(151,27,'payment_methods',NULL,'payment_methods','admin/paymentsettings',6,'(\'payment_methods\', \'can_view\')',NULL,'paymentsettings','index','',1,'2022-07-08 08:12:28','2025-12-27 07:45:41'),(152,27,'print_headerfooter',NULL,'print_headerfooter','admin/print_headerfooter',7,'(\'print_header_footer\', \'can_view\')',NULL,'print_headerfooter','index','',1,'2022-07-08 08:12:28','2025-12-27 07:45:41'),(153,27,'front_cms_setting',NULL,'front_cms_setting','admin/frontcms',8,'(\'front_cms_setting\', \'can_view\')',NULL,'frontcms','index','',1,'2022-07-08 08:12:28','2025-12-27 07:45:41'),(154,27,'roles_permissions',NULL,'roles_permissions','admin/roles',9,'(\'superadmin\', \'can_view\')',NULL,'roles','index,permission','',1,'2022-09-09 11:03:34','2025-12-27 07:45:41'),(155,27,'backup_restore',NULL,'backup_restore','admin/admin/backup',10,'(\'backup\', \'can_view\')',NULL,'admin','backup','',1,'2022-07-08 08:12:28','2025-12-27 07:45:41'),(156,27,'users',NULL,'users','admin/users',13,'(\'user_status\', \'can_view\')',NULL,'users','index','',1,'2022-07-20 12:34:09','2025-12-27 07:45:41'),(157,27,'languages',NULL,'languages','admin/language',11,'(\'languages\', \'can_view\')',NULL,'language','index,create','',1,'2022-09-10 09:14:52','2025-12-27 07:45:41'),(158,27,'modules',NULL,'modules','admin/module',14,'(\'superadmin\', \'can_view\')',NULL,'module','index','',1,'2022-07-20 12:34:06','2025-12-27 07:45:41'),(159,27,'custom_fields',NULL,'custom_fields','admin/customfield',15,'(\'custom_fields\', \'can_view\')',NULL,'customfield','index,edit','',1,'2022-07-23 12:02:14','2025-12-27 07:45:41'),(160,27,'captcha_setting',NULL,'captcha_setting','admin/captcha',16,'(\'superadmin\', \'can_view\')',NULL,'captcha','index','',1,'2022-07-20 12:34:06','2025-12-27 07:45:41'),(161,27,'system_fields',NULL,'system_fields','admin/systemfield',17,'(\'system_fields\', \'can_view\')',NULL,'systemfield','index','',1,'2022-07-22 06:07:38','2025-12-27 07:45:41'),(162,27,'student_profile_update',NULL,'student_profile_update','student/profilesetting',18,'(\'student_profile_update\', \'can_view\')',NULL,'student','profilesetting','',1,'2022-07-20 12:34:06','2025-12-27 07:45:41'),(163,27,'online_admission',NULL,'online_admission','admin/onlineadmission/admissionsetting',19,'(\'online_admission\', \'can_view\')',NULL,'onlineadmission','admissionsetting','',1,'2022-07-20 12:34:06','2025-12-27 07:45:41'),(164,27,'file_types',NULL,'file_types','admin/admin/filetype',20,'(\'superadmin\', \'can_view\')',NULL,'admin','filetype','',1,'2022-07-20 12:34:30','2025-12-27 07:45:41'),(165,27,'system_update',NULL,'system_update','admin/updater',22,'(\'superadmin\', \'can_view\')',NULL,'updater','index','',1,'2022-10-13 11:49:51','2025-12-27 07:45:41'),(166,27,'sidebar_menu',NULL,'sidebar_menu','admin/sidemenu',21,'(\'sidebar_menu\', \'can_view\')',NULL,'sidemenu','index','',1,'2022-10-13 11:49:51','2025-12-27 07:45:41'),(167,28,'online_course',NULL,'online_course','onlinecourse/course/index',1,'(\'online_course\', \'can_view\')',NULL,'course','index','ssoclc',1,'2022-05-18 07:50:11','2026-04-22 09:44:29'),(168,28,'offline_payment',NULL,'offline_payment','onlinecourse/offlinepayment/payment',3,'(\'online_course_offline_payment\', \'can_view\')',NULL,'offlinepayment','payment','ssoclc',1,'2022-12-04 10:26:40','2026-04-22 09:44:37'),(169,28,'course_category',NULL,'course_category','onlinecourse/coursecategory/categoryadd',4,'(\'course_category\', \'can_view\') || (\'course_category\', \'can_add\') || (\'course_category\', \'can_edit\') || (\'course_category\', \'can_delete\')',NULL,'coursecategory','categoryadd,categoryedit','ssoclc',1,'2023-01-02 09:23:54','2026-04-22 09:44:37'),(180,28,'online_course_report',NULL,'online_course_report','onlinecourse/coursereport/report',6,'(\'student_course_purchase_report\', \'can_view\') || (\'course_sell_count_report\', \'can_view\') || (\'course_trending_report\', \'can_view\') || (\'course_complete_report\', \'can_view\') || (\'course_rating_report\', \'can_view\') || (\'guest_report\', \'can_view\') || (\'course_assignment_report\', \'can_view\') || (\'course_exam_result_report\', \'can_view\') || (\'course_exam_report\', \'can_view\') || (\'course_exam_attempt_report\', \'can_view\')',NULL,'coursereport','report,coursepurchase,coursesellreport,trendingreport,completereport,courseratingreport,guestlist,quizperformance,course_exam_attempt_report,course_exam_report,result_report,course_assignment_report','ssoclc',1,'2022-12-09 05:00:31','2026-04-22 09:44:37'),(181,3,'fees_discount',NULL,'fees_discount','admin/feediscount',8,'(\'fees_discount\', \'can_view\')',NULL,'feediscount','index,edit,assign','',1,'2022-08-08 06:03:27','2025-12-27 07:45:41'),(182,3,'fees_carry_forward',NULL,'fees_carry_forward','admin/feesforward',9,'(\'fees_carry_forward\', \'can_view\')',NULL,'feesforward','index','',1,'2022-08-08 06:03:24','2025-12-27 07:45:41'),(183,3,'fees_reminder',NULL,'fees_reminder','admin/feereminder/setting',10,'(\'fees_reminder\', \'can_view\')',NULL,'feereminder','setting','',1,'2022-08-08 06:03:21','2025-12-27 07:45:41'),(184,27,'currency',NULL,'currency','admin/currency',12,'(\'currency\', \'can_view\')',NULL,'currency','index','',1,'2022-07-20 12:34:09','2025-12-27 07:45:41'),(190,3,'offline_bank_payments',NULL,'offline_bank_payments','admin/offlinepayment',2,'(\'offline_bank_payments\', \'can_view\')',NULL,'offlinepayment','index','',1,'2022-08-08 06:05:29','2025-12-27 07:45:41'),(191,13,'Copy Old Lessons',NULL,'copy_old_lesson','admin/lessonplan/copylesson',1,'(\'copy_old_lesson\', \'can_view\')',NULL,'lessonplan','copylesson',NULL,1,'2022-09-09 10:20:37','2025-12-27 07:45:41'),(192,10,'Period Attendance','period_attendance','period_attendance','admin/subjectattendence/index',4,'(\'student_attendance\',\'can_view\')',NULL,'subjectattendence','index',NULL,0,'2022-10-20 05:50:25','2025-12-27 07:45:41'),(193,10,'Period Attendance By Date','period_attendance_by_date','period_attendance_by_date','admin/subjectattendence/reportbydate',5,'(\'attendance_by_date\', \'can_view\')',NULL,'subjectattendence','reportbydate',NULL,0,'2022-10-20 05:50:25','2025-12-27 07:45:41'),(197,28,'setting',NULL,'setting','onlinecourse/course/setting',7,'(\'online_course_setting\', \'can_view\')',NULL,'course','setting','',1,'2022-07-22 01:13:30','2026-04-22 09:44:37'),(215,36,'annual_calendar',NULL,'annual_calendar','admin/holiday/index',1,'(\'annual_calendar\', \'can_view\')',NULL,'holiday','index','',1,'2024-10-14 12:07:58','2025-12-27 07:45:41'),(216,36,'holiday_type',NULL,'holiday_type','admin/holiday/holidaytype',1,'(\'holiday_type\', \'can_view\')',NULL,'holiday','holidaytype,editholidaytype','',1,'2024-10-14 12:06:02','2025-12-27 07:45:41'),(217,37,'download_cv',NULL,'download_cv','admin/resume/download',2,'(\'download_cv\', \'can_view\')',NULL,'resume','download',NULL,1,'2025-01-09 08:05:11','2025-12-27 07:45:41'),(218,37,'build_cv',NULL,'build_cv','admin/resume/index',1,'(\'build_cv\', \'can_view\')',NULL,'resume','index,resume_setting,student_resume_details',NULL,1,'2024-12-06 11:42:02','2025-12-27 07:45:41'),(219,27,'addons',NULL,'addons','admin/addons',13,'(\'superadmin\', \'can_view\')',NULL,'addons','index','',1,'2024-12-21 11:43:48','2025-12-27 07:45:41'),(222,28,'online_course_question_bank',NULL,'online_course_question_bank','onlinecourse/courseexamquestion/index',2,'(\'online_course_question_bank\', \'can_view\') || (\'online_course_question_tag\', \'can_view\')',NULL,'courseexamquestion','index',NULL,1,'2024-12-24 07:02:50','2026-04-22 09:44:37'),(227,28,'certificate_template',NULL,'certificate_template','onlinecourse/coursecertificate/templatelist',5,'(\'course_certificate_template\', \'can_view\')',NULL,'coursecertificate','templatelist,addcertificate','ssoclc',1,'2022-05-18 05:50:11','2026-04-22 09:44:37'),(230,23,'transfer_certificate',NULL,'transfer_certificate','admin/transfercertificate/download',1,'(\'download_tc\', \'can_view\') || (\'prepare_tc\', \'can_view\') || (\'tc_settings\', \'can_view\') || (\'verify_tc\', \'can_view\')',NULL,'transfercertificate','download,index,verify_tc,prepare_tc,edit_custom_field,edit_header','',1,'2022-07-23 08:44:30','2025-10-03 11:54:09');
/*!40000 ALTER TABLE `sidebar_sub_menus` ENABLE KEYS */;
UNLOCK TABLES;

--
-- Table structure for table `sms_config`
--

DROP TABLE IF EXISTS `sms_config`;
/*!40101 SET @saved_cs_client     = @@character_set_client */;
/*!50503 SET character_set_client = utf8mb4 */;
CREATE TABLE `sms_config` (
  `id` int NOT NULL AUTO_INCREMENT,
  `type` varchar(50) NOT NULL,
  `name` varchar(100) NOT NULL,
  `api_id` varchar(100) NOT NULL,
  `authkey` varchar(100) NOT NULL,
  `senderid` varchar(100) NOT NULL,
  `contact` text,
  `username` varchar(150) DEFAULT NULL,
  `url` varchar(150) DEFAULT NULL,
  `password` varchar(150) DEFAULT NULL,
  `is_active` varchar(255) DEFAULT 'disabled',
  `created_at` timestamp NOT NULL DEFAULT CURRENT_TIMESTAMP,
  `updated_at` timestamp NOT NULL DEFAULT CURRENT_TIMESTAMP ON UPDATE CURRENT_TIMESTAMP,
  PRIMARY KEY (`id`)
) ENGINE=InnoDB DEFAULT CHARSET=utf8mb3;
/*!40101 SET character_set_client = @saved_cs_client */;

--
-- Dumping data for table `sms_config`
--

LOCK TABLES `sms_config` WRITE;
/*!40000 ALTER TABLE `sms_config` DISABLE KEYS */;
/*!40000 ALTER TABLE `sms_config` ENABLE KEYS */;
UNLOCK TABLES;

--
-- Table structure for table `sms_template`
--

DROP TABLE IF EXISTS `sms_template`;
/*!40101 SET @saved_cs_client     = @@character_set_client */;
/*!50503 SET character_set_client = utf8mb4 */;
CREATE TABLE `sms_template` (
  `id` int NOT NULL AUTO_INCREMENT,
  `title` varchar(100) NOT NULL,
  `message` text NOT NULL,
  `created_at` timestamp NOT NULL DEFAULT CURRENT_TIMESTAMP,
  `updated_at` timestamp NOT NULL DEFAULT CURRENT_TIMESTAMP ON UPDATE CURRENT_TIMESTAMP,
  PRIMARY KEY (`id`)
) ENGINE=InnoDB DEFAULT CHARSET=utf8mb3;
/*!40101 SET character_set_client = @saved_cs_client */;

--
-- Dumping data for table `sms_template`
--

LOCK TABLES `sms_template` WRITE;
/*!40000 ALTER TABLE `sms_template` DISABLE KEYS */;
/*!40000 ALTER TABLE `sms_template` ENABLE KEYS */;
UNLOCK TABLES;

--
-- Table structure for table `source`
--

DROP TABLE IF EXISTS `source`;
/*!40101 SET @saved_cs_client     = @@character_set_client */;
/*!50503 SET character_set_client = utf8mb4 */;
CREATE TABLE `source` (
  `id` int NOT NULL AUTO_INCREMENT,
  `source` varchar(100) NOT NULL,
  `description` text NOT NULL,
  PRIMARY KEY (`id`)
) ENGINE=InnoDB AUTO_INCREMENT=8 DEFAULT CHARSET=utf8mb3;
/*!40101 SET character_set_client = @saved_cs_client */;

--
-- Dumping data for table `source`
--

LOCK TABLES `source` WRITE;
/*!40000 ALTER TABLE `source` DISABLE KEYS */;
INSERT INTO `source` VALUES (1,'Website','lead came from website'),(2,'Facebook','lead generated from facebook'),(4,'Google Search','lead came from google adds or search'),(5,'Walk-in','lead generated due to appearance of school  or other reason\r\n'),(7,'Friend Referral','some friends referred this school');
/*!40000 ALTER TABLE `source` ENABLE KEYS */;
UNLOCK TABLES;

--
-- Table structure for table `staff`
--

DROP TABLE IF EXISTS `staff`;
/*!40101 SET @saved_cs_client     = @@character_set_client */;
/*!50503 SET character_set_client = utf8mb4 */;
CREATE TABLE `staff` (
  `id` int NOT NULL AUTO_INCREMENT,
  `employee_id` varchar(200) NOT NULL,
  `lang_id` int NOT NULL,
  `currency_id` int DEFAULT '0',
  `department` int DEFAULT NULL,
  `designation` int DEFAULT NULL,
  `qualification` varchar(200) NOT NULL,
  `work_exp` varchar(200) NOT NULL,
  `name` varchar(200) NOT NULL,
  `surname` varchar(200) NOT NULL,
  `father_name` varchar(200) NOT NULL,
  `mother_name` varchar(200) NOT NULL,
  `contact_no` varchar(200) NOT NULL,
  `emergency_contact_no` varchar(200) NOT NULL,
  `email` varchar(200) NOT NULL,
  `dob` date NOT NULL,
  `marital_status` varchar(100) NOT NULL,
  `date_of_joining` date DEFAULT NULL,
  `date_of_leaving` date DEFAULT NULL,
  `local_address` varchar(300) NOT NULL,
  `permanent_address` varchar(200) NOT NULL,
  `note` varchar(200) NOT NULL,
  `image` text NOT NULL,
  `password` varchar(250) NOT NULL,
  `gender` varchar(50) NOT NULL,
  `account_title` varchar(200) NOT NULL,
  `bank_account_no` varchar(200) NOT NULL,
  `bank_name` varchar(200) NOT NULL,
  `ifsc_code` varchar(200) NOT NULL,
  `bank_branch` varchar(100) NOT NULL,
  `payscale` varchar(200) NOT NULL,
  `basic_salary` int DEFAULT NULL,
  `epf_no` varchar(200) NOT NULL,
  `contract_type` varchar(100) NOT NULL,
  `shift` varchar(100) NOT NULL,
  `location` varchar(100) NOT NULL,
  `facebook` varchar(200) NOT NULL,
  `twitter` varchar(200) NOT NULL,
  `linkedin` varchar(200) NOT NULL,
  `instagram` varchar(200) NOT NULL,
  `resume` text NOT NULL,
  `joining_letter` text NOT NULL,
  `resignation_letter` text NOT NULL,
  `other_document_name` varchar(200) NOT NULL,
  `other_document_file` text NOT NULL,
  `user_id` int NOT NULL,
  `is_active` int NOT NULL,
  `verification_code` varchar(100) NOT NULL,
  `disable_at` date DEFAULT NULL,
  `created_at` timestamp NOT NULL DEFAULT CURRENT_TIMESTAMP,
  `updated_at` timestamp NOT NULL DEFAULT CURRENT_TIMESTAMP ON UPDATE CURRENT_TIMESTAMP,
  PRIMARY KEY (`id`),
  UNIQUE KEY `employee_id` (`employee_id`),
  KEY `designation` (`designation`),
  KEY `department` (`department`),
  CONSTRAINT `staff_ibfk_1` FOREIGN KEY (`designation`) REFERENCES `staff_designation` (`id`) ON DELETE CASCADE,
  CONSTRAINT `staff_ibfk_2` FOREIGN KEY (`department`) REFERENCES `department` (`id`) ON DELETE CASCADE
) ENGINE=InnoDB AUTO_INCREMENT=9 DEFAULT CHARSET=utf8mb3;
/*!40101 SET character_set_client = @saved_cs_client */;

--
-- Dumping data for table `staff`
--

LOCK TABLES `staff` WRITE;
/*!40000 ALTER TABLE `staff` DISABLE KEYS */;
INSERT INTO `staff` VALUES (1,'9000',4,0,NULL,NULL,'MBA – Information Systems','12 Years in Education Management Systems','Muhammad Abdullah','','Abdul Rehman','Fatima abdullah','+966501234567','+966509876543','ahmedbakhtiar41@gmail.com','1985-03-12','Married','2022-01-01','2026-04-23','Al Olaya District, Riyadh, Saudi Arabia','Al Olaya District, Riyadh, Saudi Arabia','Responsible for system administration, staff management, and overall school operations.','1776346129-83927392669e0e41131e9b!ChatGPT Image Apr 16, 2026, 06_27_59 PM.png','$2y$10$aUKeAVsPYpmJqhpHxHxkLec.meoxdGOVdKrvPLxUiYl5b3jwbYqgO','Male','Muhammad Abdullah','12345678901234','Al Rajhi Bank','RJHISARIXXX','Riyadh Olaya Branch','',18000,'SA-EPF-11223','permanent','Full Time','Morning','','','','','','','','Other Document','',0,1,'',NULL,'2026-04-13 11:46:35','2026-04-23 09:51:13'),(2,'STF10001',0,0,2,6,'M.Sc Mathematics','8 Years Teaching','Fatima Al Qahtani','','yaseer','salma','+966 32425691','+966 32425692','sara@gmail.com','2000-04-15','Single','2026-01-01',NULL,'Al Naseem, Riyadh','Al Naseem, Riyadh','Handles Grade 5 Mathematics','1776339691-41407776769e0caeb65564!ChatGPT Image Apr 16, 2026, 04_37_57 PM (1).png','$2y$12$lAmgXcV89px8moYRlTQaxeE5VmTx9/6NeA6Jf3b/1nAFhQVV4zdna','Female','Sara yaseer','123456789012','Al Rajhi Bank','','dammam Main Branch','',3500,'EPF-1001','permanent',' Morning Shift (07:00 AM – 02:00 PM)','Al Noor Campus - Dammam','','','','','1776339958-212266610069e0cbf6688bf!Al_Noora_Admission_Form.docx','1776339958-72903272269e0cbf668a13!Al_Noora_Admission_Form.docx','1776339958-174701857369e0cbf668b6f!Al_Noora_Admission_Form.docx','Other Document','1776339958-142353844169e0cbf668cfc!Al_Noora_Admission_Form.docx',0,1,'',NULL,'2026-04-16 11:41:31','2026-04-22 07:59:30'),(3,'STF10002',0,0,2,6,'M.Sc Mathematics','7 Years Teaching','Mohammed','Al Dosari','Khalid Al dosari','Fatima Ali','+966501234567','+966509876543','ahmed.al@alnoor.edu.sa','2022-10-08','Married','2015-06-08',NULL,'Al Olaya District, Riyadh','Riyadh, Saudi Arabia','Senior Mathematics Teacher','1776346063-32868334269e0e3cf8d443!ChatGPT Image Apr 16, 2026, 06_27_14 PM.png','$2y$12$f2xwgbdo2Oyj5UWTTr/maOSmMpf2F1tnhCpVyxdQJYYjFWTKZKN1W','Male','Ahmed Ali','200000000001','Al Rajhi Bank','','Riyadh Main Branch','',6500,'EPF2001','permanent','Morning Shift','Main Campus','','','','','','','','Other Document','',0,1,'',NULL,'2026-04-16 13:22:54','2026-04-21 09:32:40'),(4,'STF10003',0,0,2,6,'B.Ed English','9 Years Teaching\r\n','Abdullah Al Harbi','','Abdullah Hassan','Noor Abdullah','+966502345678','+966508765432','mohammed.hassan@alnoor.edu.sa','2014-08-03','Married','0001-05-09',NULL,'Al Malaz, Riyadh','Jeddah, Saudi Arabia','English Language Teacher','1776346225-151011273069e0e471b358e!ChatGPT Image Apr 16, 2026, 06_30_06 PM.png','$2y$12$yakfSju7tcnt/p991xpqp.Zi3hIWFsGNz36I/lN4iLSoWHo1zBTUW','Male','Mohammed Hassan','20000000000','National Commercial Bank','','Malaz Branch','',6200,'EPF2002','permanent','Morning Shift','Main Campus','','','','','','','','Other Document','',0,1,'',NULL,'2026-04-16 13:27:25','2026-04-21 06:21:24'),(5,'STF10004',0,0,3,7,'B.Com Accounting','7 Years Finance & Payroll','Khalid Al Mutairi','','Yasir Sheikh','Nazia Yasir','966507112233','966507112233','bilal.sheikh@alnoor.edu.sa','2003-09-12','Married','2026-04-16',NULL,'Al Wizarat, Riyadh\r\n','Riyadh, Saudi Arabia','Handles fees, payroll and accounts','1776346965-124397290669e0e755404eb!4XgN8y3LopNsxIbF2nTAPFBUNCODR5kPwun1PkG7kjdd1lx2gTM-6np4-OH9Z1QK-XB8CFdW5s2Hjy5kfdf7LlUNIXOoAi2600E_bULh6Fz1E31nZrDdQMESmEgka4ToRD1fEVqQU9graciueMyMzDpGuBEdWwe1vynUIm5yt7bWoGB7Bi7eLlC6RcuexoynGh.jpg','$2y$12$OyiTc/WjG05pO0AAVeg9X.NtUPs/vmHcpmYToXf4ajWv4L/mUTiIi','Male','Bilal Sheikh','300000000001','Al Rajhi Bank','','Riyadh Main Branch','',5000,'EPF3001','permanent','Morning Shift','Accounts Office','','','','','','','','Other Document','',0,1,'',NULL,'2026-04-16 13:35:10','2026-04-21 06:20:59'),(6,'STF10005',0,0,5,5,'MLIS','2 years','Nida','Nida','Javed Iqbal','Rubina Javed','+966508223344','+966508223344','nida.javed@alnoor.edu.sa','2027-01-04','Married','0005-07-09',NULL,'Al Rabwah, Riyadh','Al Rabwah, Riyadh','Manages front office','','$2y$12$4Ik6xRc9aSbgo5qQ20DDrO9hcbqp0HoS6UqCz3kiXct930.02vhTi','Female','Nida Javed','300000000002','Alinma Bank','','Rabwah Branch','',2000,'EPF3002','permanent','morning','main office','','','','','','','','','',0,1,'',NULL,'2026-04-16 13:38:15','2026-04-16 13:38:15'),(7,'STF10006',0,0,2,10,'Master in Library Science (MLIS','6 Years Library Management','Fatima','Al Zahrani','Abdullah Al Zahrani','Huda Abdullah','+966509334455','+966509334455','fatima.zahrani@alnoor.edu.sa','2015-11-02','Single','2020-06-08',NULL,'Al Nakheel District, Riyadh','Al Nakheel District, Riyadh','Senior librarian, manages digital and physical resources','','$2y$12$pcWC9FcixunI.j.rmcFmi.e.jvbVV1FW7VaqlM3i4xndKgMXZ6RcC','Male','','','','','','',0,'','','','','','','','','','','','','',0,1,'',NULL,'2026-04-16 13:41:19','2026-04-16 13:41:19'),(8,'STF10007',0,0,NULL,1,'M.A Education','15 Years in School Administration','Yaser al','dosari','ahmed al dosari','Aisha al dosari','+966300123456','+966300123456','Yaseraldosari@school.com','1994-04-07','Married','2026-04-03',NULL,'House 45, al olaya street , Riyadh','House 45, al olaya street , Riyadh','Experienced principal with strong leadership and management skills.','1776937481-194019917369e9ea0915ca9!ChatGPT Image Apr 16, 2026, 06_30_06 PM.png','$2y$12$dB2tH8HWv8H2iUvwqbefoO0Q3XW8Whre7tBQjS2TYm0bH5jNjOQoW','Male','yaser al dosari','123456789012','Al Rajhi Bank','NBP0001234','al Olaya Branch','',15000,'EPF12345','permanent','Morning','Main Campus','','','','','','','','','',0,1,'',NULL,'2026-04-23 09:44:41','2026-04-23 09:44:41');
/*!40000 ALTER TABLE `staff` ENABLE KEYS */;
UNLOCK TABLES;

--
-- Table structure for table `staff_attendance`
--

DROP TABLE IF EXISTS `staff_attendance`;
/*!40101 SET @saved_cs_client     = @@character_set_client */;
/*!50503 SET character_set_client = utf8mb4 */;
CREATE TABLE `staff_attendance` (
  `id` int NOT NULL AUTO_INCREMENT,
  `date` date NOT NULL,
  `staff_id` int NOT NULL,
  `staff_attendance_type_id` int NOT NULL,
  `biometric_attendence` int DEFAULT '0',
  `qrcode_attendance` int NOT NULL DEFAULT '0',
  `biometric_device_data` text,
  `user_agent` varchar(250) DEFAULT NULL,
  `remark` varchar(200) NOT NULL,
  `is_active` int NOT NULL,
  `in_time` time DEFAULT NULL,
  `out_time` time DEFAULT NULL,
  `created_at` datetime NOT NULL,
  `updated_at` timestamp NOT NULL DEFAULT CURRENT_TIMESTAMP ON UPDATE CURRENT_TIMESTAMP,
  PRIMARY KEY (`id`),
  KEY `FK_staff_attendance_staff` (`staff_id`),
  KEY `FK_staff_attendance_staff_attendance_type` (`staff_attendance_type_id`),
  CONSTRAINT `FK_staff_attendance_staff` FOREIGN KEY (`staff_id`) REFERENCES `staff` (`id`) ON DELETE CASCADE,
  CONSTRAINT `FK_staff_attendance_staff_attendance_type` FOREIGN KEY (`staff_attendance_type_id`) REFERENCES `staff_attendance_type` (`id`) ON DELETE CASCADE
) ENGINE=InnoDB DEFAULT CHARSET=utf8mb3;
/*!40101 SET character_set_client = @saved_cs_client */;

--
-- Dumping data for table `staff_attendance`
--

LOCK TABLES `staff_attendance` WRITE;
/*!40000 ALTER TABLE `staff_attendance` DISABLE KEYS */;
/*!40000 ALTER TABLE `staff_attendance` ENABLE KEYS */;
UNLOCK TABLES;

--
-- Table structure for table `staff_attendance_type`
--

DROP TABLE IF EXISTS `staff_attendance_type`;
/*!40101 SET @saved_cs_client     = @@character_set_client */;
/*!50503 SET character_set_client = utf8mb4 */;
CREATE TABLE `staff_attendance_type` (
  `id` int NOT NULL AUTO_INCREMENT,
  `type` varchar(200) NOT NULL,
  `key_value` varchar(200) NOT NULL,
  `is_active` varchar(50) NOT NULL,
  `for_qr_attendance` int NOT NULL DEFAULT '1',
  `long_lang_name` varchar(250) DEFAULT NULL,
  `long_name_style` varchar(250) DEFAULT NULL,
  `for_schedule` int NOT NULL DEFAULT '0',
  `created_at` timestamp NOT NULL DEFAULT CURRENT_TIMESTAMP,
  `updated_at` timestamp NOT NULL DEFAULT CURRENT_TIMESTAMP ON UPDATE CURRENT_TIMESTAMP,
  PRIMARY KEY (`id`)
) ENGINE=InnoDB AUTO_INCREMENT=7 DEFAULT CHARSET=utf8mb3;
/*!40101 SET character_set_client = @saved_cs_client */;

--
-- Dumping data for table `staff_attendance_type`
--

LOCK TABLES `staff_attendance_type` WRITE;
/*!40000 ALTER TABLE `staff_attendance_type` DISABLE KEYS */;
INSERT INTO `staff_attendance_type` VALUES (1,'Present','<b class=\"text text-success\">P</b>','yes',1,'present','label label-success',1,'2023-12-13 10:15:57','2023-11-10 00:00:00'),(2,'Late','<b class=\"text text-warning\">L</b>','yes',1,'late','label label-warning',1,'2023-12-13 10:16:01','2023-11-10 00:00:00'),(3,'Absent','<b class=\"text text-danger\">A</b>','yes',0,'absent','label label-danger',0,'2023-12-13 10:16:06','2023-11-10 00:00:00'),(4,'Half Day','<b class=\"text text-warning\">F</b>','yes',1,'half_day','label label-info',1,'2023-12-14 12:57:07','2023-11-10 00:00:00'),(5,'Holiday','H','yes',0,'holiday','label label-warning text-dark',0,'2023-12-13 10:16:17','2023-11-10 00:00:00'),(6,'Half Day Second Shift','<b class=\"text text-warning\">SH</b>','yes',1,'half_day_second_shift','label label-info',1,'2024-09-24 12:28:42','0000-00-00 00:00:00');
/*!40000 ALTER TABLE `staff_attendance_type` ENABLE KEYS */;
UNLOCK TABLES;

--
-- Table structure for table `staff_attendence_schedules`
--

DROP TABLE IF EXISTS `staff_attendence_schedules`;
/*!40101 SET @saved_cs_client     = @@character_set_client */;
/*!50503 SET character_set_client = utf8mb4 */;
CREATE TABLE `staff_attendence_schedules` (
  `id` int NOT NULL AUTO_INCREMENT,
  `staff_attendence_type_id` int DEFAULT NULL,
  `role_id` int DEFAULT NULL,
  `entry_time_from` time DEFAULT NULL,
  `entry_time_to` time DEFAULT NULL,
  `total_institute_hour` time DEFAULT '00:00:00',
  `is_active` int NOT NULL,
  `created_at` timestamp NOT NULL DEFAULT CURRENT_TIMESTAMP,
  `updated_at` timestamp NOT NULL DEFAULT CURRENT_TIMESTAMP ON UPDATE CURRENT_TIMESTAMP,
  PRIMARY KEY (`id`)
) ENGINE=InnoDB AUTO_INCREMENT=33 DEFAULT CHARSET=utf8mb3;
/*!40101 SET character_set_client = @saved_cs_client */;

--
-- Dumping data for table `staff_attendence_schedules`
--

LOCK TABLES `staff_attendence_schedules` WRITE;
/*!40000 ALTER TABLE `staff_attendence_schedules` DISABLE KEYS */;
INSERT INTO `staff_attendence_schedules` VALUES (9,1,7,'07:00:00','07:30:00','06:50:00',0,'2026-04-16 08:13:45','2026-04-16 08:13:45'),(10,2,7,'07:30:00','08:00:00','06:00:00',0,'2026-04-16 08:13:45','2026-04-16 08:13:45'),(11,4,7,'08:00:00','10:30:00','03:50:00',0,'2026-04-16 08:13:45','2026-04-16 08:13:45'),(12,6,7,'10:30:00','13:30:00','03:00:00',0,'2026-04-16 08:13:45','2026-04-16 08:13:45'),(13,1,6,'07:00:00','07:30:00','06:50:00',0,'2026-04-16 08:13:47','2026-04-16 08:13:47'),(14,2,6,'07:30:00','08:00:00','06:00:00',0,'2026-04-16 08:13:47','2026-04-16 08:13:47'),(15,4,6,'08:00:00','10:30:00','03:50:00',0,'2026-04-16 08:13:47','2026-04-16 08:13:47'),(16,6,6,'10:30:00','13:30:00','03:00:00',0,'2026-04-16 08:13:47','2026-04-16 08:13:47'),(17,1,4,'07:30:00','08:00:00','06:50:00',0,'2026-04-16 08:13:48','2026-04-16 08:13:48'),(18,2,4,'08:00:00','08:30:00','06:00:00',0,'2026-04-16 08:13:48','2026-04-16 08:13:48'),(19,4,4,'08:00:00','10:30:08','03:50:00',0,'2026-04-16 08:13:48','2026-04-16 08:13:48'),(20,6,4,'10:30:34','01:30:00','03:00:00',0,'2026-04-16 08:13:48','2026-04-16 08:13:48'),(21,1,3,'07:30:00','08:00:00','06:05:00',0,'2026-04-16 08:13:50','2026-04-16 08:13:50'),(22,2,3,'08:00:01','08:30:23','06:00:00',0,'2026-04-16 08:13:50','2026-04-16 08:13:50'),(23,4,3,'08:00:10','10:30:00','03:50:00',0,'2026-04-16 08:13:50','2026-04-16 08:13:50'),(24,6,3,'10:30:59','01:30:08','03:00:00',0,'2026-04-16 08:13:50','2026-04-16 08:13:50'),(25,1,2,'07:00:00','07:30:00','13:09:10',0,'2026-04-16 08:13:52','2026-04-16 08:13:52'),(26,2,2,'07:30:01','08:00:00','06:00:00',0,'2026-04-16 08:13:52','2026-04-16 08:13:52'),(27,4,2,'08:00:05','10:30:00','03:05:00',0,'2026-04-16 08:13:52','2026-04-16 08:13:52'),(28,6,2,'10:30:00','13:30:00','03:00:00',0,'2026-04-16 08:13:52','2026-04-16 08:13:52'),(29,1,1,'07:00:00','07:30:00','06:30:00',0,'2026-04-16 08:13:54','2026-04-16 08:13:54'),(30,2,1,'07:30:05','08:30:00','06:00:00',0,'2026-04-16 08:13:54','2026-04-16 08:13:54'),(31,4,1,'08:00:00','10:30:00','03:00:00',0,'2026-04-16 08:13:54','2026-04-16 08:13:54'),(32,6,1,'10:30:00','01:30:00','03:00:00',0,'2026-04-16 08:13:54','2026-04-16 08:13:54');
/*!40000 ALTER TABLE `staff_attendence_schedules` ENABLE KEYS */;
UNLOCK TABLES;

--
-- Table structure for table `staff_designation`
--

DROP TABLE IF EXISTS `staff_designation`;
/*!40101 SET @saved_cs_client     = @@character_set_client */;
/*!50503 SET character_set_client = utf8mb4 */;
CREATE TABLE `staff_designation` (
  `id` int NOT NULL AUTO_INCREMENT,
  `designation` varchar(200) NOT NULL,
  `is_active` varchar(100) NOT NULL,
  `created_at` timestamp NOT NULL DEFAULT CURRENT_TIMESTAMP,
  `updated_at` timestamp NOT NULL DEFAULT CURRENT_TIMESTAMP,
  PRIMARY KEY (`id`)
) ENGINE=InnoDB AUTO_INCREMENT=11 DEFAULT CHARSET=utf8mb3;
/*!40101 SET character_set_client = @saved_cs_client */;

--
-- Dumping data for table `staff_designation`
--

LOCK TABLES `staff_designation` WRITE;
/*!40000 ALTER TABLE `staff_designation` DISABLE KEYS */;
INSERT INTO `staff_designation` VALUES (1,'Principal','yes','2026-04-16 11:23:31','2026-04-16 11:23:31'),(2,'Vice Principal','yes','2026-04-16 11:23:44','2026-04-16 11:23:44'),(3,'Admission ','yes','2026-04-16 11:23:58','2026-04-16 11:23:58'),(4,'Officer','yes','2026-04-16 11:24:09','2026-04-16 11:24:09'),(5,'Receptionist','yes','2026-04-16 11:24:16','2026-04-16 11:24:16'),(6,' Teacher','yes','2026-04-16 11:24:23','2026-04-16 11:24:23'),(7,'Accountant','yes','2026-04-16 11:24:31','2026-04-16 11:24:31'),(8,'HR Officer','yes','2026-04-16 11:24:35','2026-04-16 11:24:35'),(10,'Librarian','yes','2026-04-16 13:38:36','2026-04-16 13:38:36');
/*!40000 ALTER TABLE `staff_designation` ENABLE KEYS */;
UNLOCK TABLES;

--
-- Table structure for table `staff_id_card`
--

DROP TABLE IF EXISTS `staff_id_card`;
/*!40101 SET @saved_cs_client     = @@character_set_client */;
/*!50503 SET character_set_client = utf8mb4 */;
CREATE TABLE `staff_id_card` (
  `id` int NOT NULL AUTO_INCREMENT,
  `title` varchar(255) NOT NULL,
  `school_name` varchar(255) NOT NULL,
  `school_address` varchar(255) NOT NULL,
  `background` text NOT NULL,
  `logo` text NOT NULL,
  `sign_image` text NOT NULL,
  `header_color` varchar(100) NOT NULL,
  `enable_vertical_card` int NOT NULL DEFAULT '0',
  `enable_staff_role` tinyint(1) NOT NULL COMMENT '0=disable,1=enable',
  `enable_staff_id` tinyint(1) NOT NULL COMMENT '0=disable,1=enable',
  `enable_staff_department` tinyint(1) NOT NULL COMMENT '0=disable,1=enable',
  `enable_designation` tinyint(1) NOT NULL COMMENT '0=disable,1=enable',
  `enable_name` tinyint(1) NOT NULL COMMENT '0=disable,1=enable',
  `enable_fathers_name` tinyint(1) NOT NULL COMMENT '0=disable,1=enable',
  `enable_mothers_name` tinyint(1) NOT NULL COMMENT '0=disable,1=enable',
  `enable_date_of_joining` tinyint(1) NOT NULL COMMENT '0=disable,1=enable',
  `enable_permanent_address` tinyint(1) NOT NULL COMMENT '0=disable,1=enable',
  `enable_staff_dob` tinyint(1) NOT NULL COMMENT '0=disable,1=enable',
  `enable_staff_phone` tinyint(1) NOT NULL COMMENT '0=disable,1=enable',
  `enable_staff_barcode` tinyint(1) NOT NULL COMMENT '0=disable,1=enable',
  `status` tinyint(1) NOT NULL COMMENT '0=disable,1=enable',
  PRIMARY KEY (`id`)
) ENGINE=InnoDB AUTO_INCREMENT=3 DEFAULT CHARSET=utf8mb3;
/*!40101 SET character_set_client = @saved_cs_client */;

--
-- Dumping data for table `staff_id_card`
--

LOCK TABLES `staff_id_card` WRITE;
/*!40000 ALTER TABLE `staff_id_card` DISABLE KEYS */;
INSERT INTO `staff_id_card` VALUES (1,'Sample Staff ID Card Horizontal','Mount Carmel School','110 Kings Street, CA','background1.png','logo1.png','sign1.png','#9b1818',0,0,1,0,0,1,1,1,1,1,1,1,0,1),(2,'Sample Staff ID Card Vertical','Mount Carmel School','110 Kings Street, CA','background1.png','logo1.png','sign1.png','#9b1818',1,0,1,0,0,1,1,1,1,1,1,1,0,1);
/*!40000 ALTER TABLE `staff_id_card` ENABLE KEYS */;
UNLOCK TABLES;

--
-- Table structure for table `staff_leave_details`
--

DROP TABLE IF EXISTS `staff_leave_details`;
/*!40101 SET @saved_cs_client     = @@character_set_client */;
/*!50503 SET character_set_client = utf8mb4 */;
CREATE TABLE `staff_leave_details` (
  `id` int NOT NULL AUTO_INCREMENT,
  `staff_id` int NOT NULL,
  `leave_type_id` int NOT NULL,
  `alloted_leave` decimal(10,2) NOT NULL,
  `session_id` int DEFAULT NULL,
  `created_at` timestamp NOT NULL DEFAULT CURRENT_TIMESTAMP,
  `updated_at` timestamp NOT NULL DEFAULT CURRENT_TIMESTAMP,
  PRIMARY KEY (`id`),
  KEY `FK_staff_leave_details_staff` (`staff_id`),
  KEY `FK_staff_leave_details_leave_types` (`leave_type_id`),
  CONSTRAINT `FK_staff_leave_details_leave_types` FOREIGN KEY (`leave_type_id`) REFERENCES `leave_types` (`id`) ON DELETE CASCADE,
  CONSTRAINT `FK_staff_leave_details_staff` FOREIGN KEY (`staff_id`) REFERENCES `staff` (`id`) ON DELETE CASCADE
) ENGINE=InnoDB DEFAULT CHARSET=utf8mb3;
/*!40101 SET character_set_client = @saved_cs_client */;

--
-- Dumping data for table `staff_leave_details`
--

LOCK TABLES `staff_leave_details` WRITE;
/*!40000 ALTER TABLE `staff_leave_details` DISABLE KEYS */;
/*!40000 ALTER TABLE `staff_leave_details` ENABLE KEYS */;
UNLOCK TABLES;

--
-- Table structure for table `staff_leave_request`
--

DROP TABLE IF EXISTS `staff_leave_request`;
/*!40101 SET @saved_cs_client     = @@character_set_client */;
/*!50503 SET character_set_client = utf8mb4 */;
CREATE TABLE `staff_leave_request` (
  `id` int NOT NULL AUTO_INCREMENT,
  `staff_id` int NOT NULL,
  `leave_type_id` int NOT NULL,
  `leave_from` date NOT NULL,
  `leave_to` date NOT NULL,
  `leave_days` decimal(10,2) NOT NULL,
  `employee_remark` varchar(200) NOT NULL,
  `admin_remark` varchar(200) NOT NULL,
  `approve_date` date DEFAULT NULL,
  `status` varchar(50) NOT NULL,
  `applied_by` int DEFAULT NULL,
  `document_file` text NOT NULL,
  `session_id` int DEFAULT NULL,
  `date` date NOT NULL,
  `half_day_leave` varchar(50) DEFAULT NULL,
  `created_at` timestamp NOT NULL DEFAULT CURRENT_TIMESTAMP,
  `updated_at` timestamp NOT NULL DEFAULT CURRENT_TIMESTAMP ON UPDATE CURRENT_TIMESTAMP,
  PRIMARY KEY (`id`),
  KEY `FK_staff_leave_request_staff` (`staff_id`),
  KEY `FK_staff_leave_request_leave_types` (`leave_type_id`),
  KEY `applied_by` (`applied_by`),
  CONSTRAINT `FK_staff_leave_request_staff` FOREIGN KEY (`staff_id`) REFERENCES `staff` (`id`) ON DELETE CASCADE,
  CONSTRAINT `staff_leave_request_ibfk_1` FOREIGN KEY (`applied_by`) REFERENCES `staff` (`id`) ON DELETE CASCADE,
  CONSTRAINT `staff_leave_request_ibfk_2` FOREIGN KEY (`leave_type_id`) REFERENCES `leave_types` (`id`) ON DELETE CASCADE
) ENGINE=InnoDB DEFAULT CHARSET=utf8mb3;
/*!40101 SET character_set_client = @saved_cs_client */;

--
-- Dumping data for table `staff_leave_request`
--

LOCK TABLES `staff_leave_request` WRITE;
/*!40000 ALTER TABLE `staff_leave_request` DISABLE KEYS */;
/*!40000 ALTER TABLE `staff_leave_request` ENABLE KEYS */;
UNLOCK TABLES;

--
-- Table structure for table `staff_payroll`
--

DROP TABLE IF EXISTS `staff_payroll`;
/*!40101 SET @saved_cs_client     = @@character_set_client */;
/*!50503 SET character_set_client = utf8mb4 */;
CREATE TABLE `staff_payroll` (
  `id` int NOT NULL AUTO_INCREMENT,
  `basic_salary` int NOT NULL,
  `pay_scale` varchar(200) NOT NULL,
  `grade` varchar(50) NOT NULL,
  `is_active` varchar(50) NOT NULL,
  `created_at` timestamp NOT NULL DEFAULT CURRENT_TIMESTAMP,
  `updated_at` timestamp NOT NULL DEFAULT CURRENT_TIMESTAMP,
  PRIMARY KEY (`id`)
) ENGINE=InnoDB DEFAULT CHARSET=utf8mb3;
/*!40101 SET character_set_client = @saved_cs_client */;

--
-- Dumping data for table `staff_payroll`
--

LOCK TABLES `staff_payroll` WRITE;
/*!40000 ALTER TABLE `staff_payroll` DISABLE KEYS */;
/*!40000 ALTER TABLE `staff_payroll` ENABLE KEYS */;
UNLOCK TABLES;

--
-- Table structure for table `staff_payslip`
--

DROP TABLE IF EXISTS `staff_payslip`;
/*!40101 SET @saved_cs_client     = @@character_set_client */;
/*!50503 SET character_set_client = utf8mb4 */;
CREATE TABLE `staff_payslip` (
  `id` int NOT NULL AUTO_INCREMENT,
  `staff_id` int NOT NULL,
  `basic` decimal(10,2) NOT NULL,
  `total_allowance` decimal(10,2) NOT NULL,
  `total_deduction` decimal(10,2) NOT NULL,
  `leave_deduction` int NOT NULL,
  `tax` varchar(200) NOT NULL,
  `net_salary` decimal(10,2) NOT NULL,
  `status` varchar(100) NOT NULL,
  `month` varchar(200) NOT NULL,
  `year` varchar(200) NOT NULL,
  `payment_mode` varchar(200) NOT NULL,
  `payment_date` date NOT NULL,
  `remark` varchar(200) NOT NULL,
  `generated_by` int DEFAULT NULL,
  `created_at` timestamp NOT NULL DEFAULT CURRENT_TIMESTAMP,
  `updated_at` timestamp NOT NULL DEFAULT CURRENT_TIMESTAMP ON UPDATE CURRENT_TIMESTAMP,
  PRIMARY KEY (`id`),
  KEY `FK_staff_payslip_staff` (`staff_id`),
  CONSTRAINT `FK_staff_payslip_staff` FOREIGN KEY (`staff_id`) REFERENCES `staff` (`id`) ON DELETE CASCADE
) ENGINE=InnoDB DEFAULT CHARSET=utf8mb3;
/*!40101 SET character_set_client = @saved_cs_client */;

--
-- Dumping data for table `staff_payslip`
--

LOCK TABLES `staff_payslip` WRITE;
/*!40000 ALTER TABLE `staff_payslip` DISABLE KEYS */;
/*!40000 ALTER TABLE `staff_payslip` ENABLE KEYS */;
UNLOCK TABLES;

--
-- Table structure for table `staff_rating`
--

DROP TABLE IF EXISTS `staff_rating`;
/*!40101 SET @saved_cs_client     = @@character_set_client */;
/*!50503 SET character_set_client = utf8mb4 */;
CREATE TABLE `staff_rating` (
  `id` int NOT NULL AUTO_INCREMENT,
  `staff_id` int NOT NULL,
  `comment` text NOT NULL,
  `rate` int NOT NULL,
  `user_id` int NOT NULL,
  `role` varchar(255) NOT NULL,
  `status` int NOT NULL COMMENT '0 decline, 1 Approve',
  `entrydt` timestamp NOT NULL DEFAULT CURRENT_TIMESTAMP,
  `created_at` timestamp NOT NULL DEFAULT CURRENT_TIMESTAMP,
  `updated_at` timestamp NOT NULL DEFAULT CURRENT_TIMESTAMP ON UPDATE CURRENT_TIMESTAMP,
  PRIMARY KEY (`id`),
  KEY `FK_staff_rating_staff` (`staff_id`),
  CONSTRAINT `FK_staff_rating_staff` FOREIGN KEY (`staff_id`) REFERENCES `staff` (`id`) ON DELETE CASCADE
) ENGINE=InnoDB AUTO_INCREMENT=10 DEFAULT CHARSET=utf8mb3;
/*!40101 SET character_set_client = @saved_cs_client */;

--
-- Dumping data for table `staff_rating`
--

LOCK TABLES `staff_rating` WRITE;
/*!40000 ALTER TABLE `staff_rating` DISABLE KEYS */;
/*!40000 ALTER TABLE `staff_rating` ENABLE KEYS */;
UNLOCK TABLES;

--
-- Table structure for table `staff_roles`
--

DROP TABLE IF EXISTS `staff_roles`;
/*!40101 SET @saved_cs_client     = @@character_set_client */;
/*!50503 SET character_set_client = utf8mb4 */;
CREATE TABLE `staff_roles` (
  `id` int NOT NULL AUTO_INCREMENT,
  `role_id` int DEFAULT NULL,
  `staff_id` int DEFAULT NULL,
  `is_active` int DEFAULT '0',
  `created_at` timestamp NOT NULL DEFAULT CURRENT_TIMESTAMP,
  `updated_at` timestamp NOT NULL DEFAULT CURRENT_TIMESTAMP ON UPDATE CURRENT_TIMESTAMP,
  PRIMARY KEY (`id`),
  KEY `role_id` (`role_id`),
  KEY `staff_id` (`staff_id`),
  CONSTRAINT `FK_staff_roles_roles` FOREIGN KEY (`role_id`) REFERENCES `roles` (`id`) ON DELETE CASCADE,
  CONSTRAINT `FK_staff_roles_staff` FOREIGN KEY (`staff_id`) REFERENCES `staff` (`id`) ON DELETE CASCADE
) ENGINE=InnoDB AUTO_INCREMENT=9 DEFAULT CHARSET=utf8mb3;
/*!40101 SET character_set_client = @saved_cs_client */;

--
-- Dumping data for table `staff_roles`
--

LOCK TABLES `staff_roles` WRITE;
/*!40000 ALTER TABLE `staff_roles` DISABLE KEYS */;
INSERT INTO `staff_roles` VALUES (1,7,1,0,'2026-04-13 11:46:35','2026-04-13 11:46:35'),(2,2,2,0,'2026-04-16 11:41:31','2026-04-16 11:41:31'),(3,2,3,0,'2026-04-16 13:22:54','2026-04-16 13:22:54'),(4,2,4,0,'2026-04-16 13:27:25','2026-04-16 13:27:25'),(5,1,5,0,'2026-04-16 13:35:10','2026-04-16 13:35:10'),(6,1,6,0,'2026-04-16 13:38:15','2026-04-16 13:38:15'),(7,4,7,0,'2026-04-16 13:41:19','2026-04-16 13:41:19'),(8,1,8,0,'2026-04-23 09:44:41','2026-04-23 09:44:41');
/*!40000 ALTER TABLE `staff_roles` ENABLE KEYS */;
UNLOCK TABLES;

--
-- Table structure for table `staff_timeline`
--

DROP TABLE IF EXISTS `staff_timeline`;
/*!40101 SET @saved_cs_client     = @@character_set_client */;
/*!50503 SET character_set_client = utf8mb4 */;
CREATE TABLE `staff_timeline` (
  `id` int NOT NULL AUTO_INCREMENT,
  `staff_id` int NOT NULL,
  `title` varchar(200) NOT NULL,
  `timeline_date` date NOT NULL,
  `description` varchar(300) NOT NULL,
  `document` text NOT NULL,
  `status` varchar(200) NOT NULL,
  `date` date NOT NULL,
  `created_at` timestamp NOT NULL DEFAULT CURRENT_TIMESTAMP,
  `updated_at` timestamp NOT NULL DEFAULT CURRENT_TIMESTAMP ON UPDATE CURRENT_TIMESTAMP,
  PRIMARY KEY (`id`),
  KEY `FK_staff_timeline_staff` (`staff_id`),
  CONSTRAINT `FK_staff_timeline_staff` FOREIGN KEY (`staff_id`) REFERENCES `staff` (`id`) ON DELETE CASCADE
) ENGINE=InnoDB DEFAULT CHARSET=utf8mb3;
/*!40101 SET character_set_client = @saved_cs_client */;

--
-- Dumping data for table `staff_timeline`
--

LOCK TABLES `staff_timeline` WRITE;
/*!40000 ALTER TABLE `staff_timeline` DISABLE KEYS */;
/*!40000 ALTER TABLE `staff_timeline` ENABLE KEYS */;
UNLOCK TABLES;

--
-- Table structure for table `student_applied_discounts`
--

DROP TABLE IF EXISTS `student_applied_discounts`;
/*!40101 SET @saved_cs_client     = @@character_set_client */;
/*!50503 SET character_set_client = utf8mb4 */;
CREATE TABLE `student_applied_discounts` (
  `id` int NOT NULL AUTO_INCREMENT,
  `student_fees_deposite_id` int DEFAULT NULL,
  `student_fees_discount_id` int DEFAULT NULL,
  `date` date DEFAULT NULL,
  `invoice_id` int DEFAULT NULL,
  `sub_invoice_id` int DEFAULT NULL,
  `created_at` timestamp NOT NULL DEFAULT CURRENT_TIMESTAMP,
  `updated_at` timestamp NOT NULL DEFAULT CURRENT_TIMESTAMP ON UPDATE CURRENT_TIMESTAMP,
  PRIMARY KEY (`id`),
  KEY `student_fees_deposite_id` (`student_fees_deposite_id`),
  KEY `student_fees_discount_id` (`student_fees_discount_id`),
  CONSTRAINT `student_applied_discounts_ibfk_1` FOREIGN KEY (`student_fees_deposite_id`) REFERENCES `student_fees_deposite` (`id`) ON DELETE CASCADE,
  CONSTRAINT `student_applied_discounts_ibfk_2` FOREIGN KEY (`student_fees_discount_id`) REFERENCES `student_fees_discounts` (`id`) ON DELETE CASCADE
) ENGINE=InnoDB AUTO_INCREMENT=2 DEFAULT CHARSET=utf8mb3;
/*!40101 SET character_set_client = @saved_cs_client */;

--
-- Dumping data for table `student_applied_discounts`
--

LOCK TABLES `student_applied_discounts` WRITE;
/*!40000 ALTER TABLE `student_applied_discounts` DISABLE KEYS */;
INSERT INTO `student_applied_discounts` VALUES (1,1,1,'2026-04-21',1,1,'2026-04-21 10:12:10','2026-04-21 10:12:10');
/*!40000 ALTER TABLE `student_applied_discounts` ENABLE KEYS */;
UNLOCK TABLES;

--
-- Table structure for table `student_applyleave`
--

DROP TABLE IF EXISTS `student_applyleave`;
/*!40101 SET @saved_cs_client     = @@character_set_client */;
/*!50503 SET character_set_client = utf8mb4 */;
CREATE TABLE `student_applyleave` (
  `id` int NOT NULL AUTO_INCREMENT,
  `student_session_id` int NOT NULL,
  `from_date` date NOT NULL,
  `to_date` date NOT NULL,
  `apply_date` date NOT NULL,
  `status` int NOT NULL,
  `docs` text,
  `reason` text NOT NULL,
  `approve_by` int DEFAULT NULL,
  `approve_date` date DEFAULT NULL,
  `request_type` int NOT NULL COMMENT '0 student,1 staff',
  `created_at` timestamp NOT NULL DEFAULT CURRENT_TIMESTAMP,
  `updated_at` timestamp NOT NULL DEFAULT CURRENT_TIMESTAMP ON UPDATE CURRENT_TIMESTAMP,
  PRIMARY KEY (`id`),
  KEY `student_session_id` (`student_session_id`),
  KEY `approve_by` (`approve_by`),
  CONSTRAINT `student_applyleave_ibfk_1` FOREIGN KEY (`student_session_id`) REFERENCES `student_session` (`id`) ON DELETE CASCADE,
  CONSTRAINT `student_applyleave_ibfk_2` FOREIGN KEY (`approve_by`) REFERENCES `staff` (`id`) ON DELETE CASCADE
) ENGINE=InnoDB AUTO_INCREMENT=5 DEFAULT CHARSET=utf8mb3;
/*!40101 SET character_set_client = @saved_cs_client */;

--
-- Dumping data for table `student_applyleave`
--

LOCK TABLES `student_applyleave` WRITE;
/*!40000 ALTER TABLE `student_applyleave` DISABLE KEYS */;
INSERT INTO `student_applyleave` VALUES (1,3,'2026-04-30','2026-05-02','2026-04-21',1,NULL,'Family Function',1,'2026-04-21',1,'2026-04-21 13:33:29','2026-04-21 13:33:29'),(2,4,'2026-04-21','2026-04-25','2026-04-21',0,NULL,'sick leave',NULL,NULL,1,'2026-04-21 13:34:09','2026-04-21 13:34:09'),(3,5,'2026-05-15','2026-05-21','2026-04-21',0,NULL,'Outing with family',NULL,NULL,1,'2026-04-21 13:34:38','2026-04-21 13:34:38');
/*!40000 ALTER TABLE `student_applyleave` ENABLE KEYS */;
UNLOCK TABLES;

--
-- Table structure for table `student_attendence_schedules`
--

DROP TABLE IF EXISTS `student_attendence_schedules`;
/*!40101 SET @saved_cs_client     = @@character_set_client */;
/*!50503 SET character_set_client = utf8mb4 */;
CREATE TABLE `student_attendence_schedules` (
  `id` int NOT NULL AUTO_INCREMENT,
  `attendence_type_id` int DEFAULT NULL,
  `class_section_id` int DEFAULT NULL,
  `entry_time_from` time DEFAULT NULL,
  `entry_time_to` time DEFAULT NULL,
  `total_institute_hour` time DEFAULT NULL,
  `is_active` int DEFAULT '0',
  `created_at` timestamp NOT NULL DEFAULT CURRENT_TIMESTAMP,
  `updated_at` timestamp NOT NULL DEFAULT CURRENT_TIMESTAMP ON UPDATE CURRENT_TIMESTAMP,
  PRIMARY KEY (`id`)
) ENGINE=InnoDB DEFAULT CHARSET=utf8mb3;
/*!40101 SET character_set_client = @saved_cs_client */;

--
-- Dumping data for table `student_attendence_schedules`
--

LOCK TABLES `student_attendence_schedules` WRITE;
/*!40000 ALTER TABLE `student_attendence_schedules` DISABLE KEYS */;
/*!40000 ALTER TABLE `student_attendence_schedules` ENABLE KEYS */;
UNLOCK TABLES;

--
-- Table structure for table `student_attendences`
--

DROP TABLE IF EXISTS `student_attendences`;
/*!40101 SET @saved_cs_client     = @@character_set_client */;
/*!50503 SET character_set_client = utf8mb4 */;
CREATE TABLE `student_attendences` (
  `id` int NOT NULL AUTO_INCREMENT,
  `student_session_id` int DEFAULT NULL,
  `biometric_attendence` int NOT NULL DEFAULT '0',
  `qrcode_attendance` int NOT NULL DEFAULT '0',
  `date` date DEFAULT NULL,
  `attendence_type_id` int DEFAULT NULL,
  `remark` varchar(200) NOT NULL,
  `biometric_device_data` text,
  `user_agent` varchar(250) DEFAULT NULL,
  `in_time` time DEFAULT NULL,
  `out_time` time DEFAULT NULL,
  `is_active` varchar(255) DEFAULT 'no',
  `created_at` timestamp NOT NULL DEFAULT CURRENT_TIMESTAMP,
  `updated_at` timestamp NOT NULL DEFAULT CURRENT_TIMESTAMP ON UPDATE CURRENT_TIMESTAMP,
  PRIMARY KEY (`id`),
  KEY `student_session_id` (`student_session_id`),
  KEY `attendence_type_id` (`attendence_type_id`),
  CONSTRAINT `student_attendences_ibfk_1` FOREIGN KEY (`attendence_type_id`) REFERENCES `attendence_type` (`id`) ON DELETE CASCADE,
  CONSTRAINT `student_attendences_ibfk_2` FOREIGN KEY (`student_session_id`) REFERENCES `student_session` (`id`) ON DELETE CASCADE
) ENGINE=InnoDB AUTO_INCREMENT=22 DEFAULT CHARSET=utf8mb3;
/*!40101 SET character_set_client = @saved_cs_client */;

--
-- Dumping data for table `student_attendences`
--

LOCK TABLES `student_attendences` WRITE;
/*!40000 ALTER TABLE `student_attendences` DISABLE KEYS */;
INSERT INTO `student_attendences` VALUES (1,3,0,0,'2026-04-21',1,'',NULL,NULL,'07:00:00','18:28:00','no','2026-04-21 13:29:16','2026-04-21 13:29:16'),(2,4,0,0,'2026-04-21',1,'',NULL,NULL,'07:00:00','18:29:00','no','2026-04-21 13:29:16','2026-04-21 13:29:16'),(3,9,0,0,'2026-04-21',1,'',NULL,NULL,'07:00:00','18:29:00','no','2026-04-21 13:29:16','2026-04-21 13:29:16'),(4,3,0,0,'2026-04-20',3,'',NULL,NULL,'07:30:00','18:29:00','no','2026-04-21 13:29:50','2026-04-21 13:29:50'),(5,4,0,0,'2026-04-20',1,'',NULL,NULL,'07:00:00','18:29:00','no','2026-04-21 13:29:50','2026-04-21 13:29:50'),(6,9,0,0,'2026-04-20',4,'',NULL,NULL,NULL,NULL,'no','2026-04-21 13:29:50','2026-04-21 13:29:50'),(7,3,0,0,'2026-04-19',1,'',NULL,NULL,'07:00:00','18:30:00','no','2026-04-21 13:30:19','2026-04-21 13:30:19'),(8,4,0,0,'2026-04-19',1,'',NULL,NULL,'07:00:00','18:30:00','no','2026-04-21 13:30:19','2026-04-21 13:30:19'),(9,9,0,0,'2026-04-19',1,'',NULL,NULL,'07:00:00','18:30:00','no','2026-04-21 13:30:19','2026-04-21 13:30:19'),(10,3,0,0,'2026-04-18',1,'',NULL,NULL,NULL,NULL,'no','2026-04-21 13:30:41','2026-04-21 13:30:41'),(11,4,0,0,'2026-04-18',1,'',NULL,NULL,NULL,NULL,'no','2026-04-21 13:30:41','2026-04-21 13:30:41'),(12,9,0,0,'2026-04-18',1,'',NULL,NULL,NULL,NULL,'no','2026-04-21 13:30:41','2026-04-21 13:30:41'),(13,3,0,0,'2026-04-17',1,'',NULL,NULL,NULL,NULL,'no','2026-04-21 13:31:00','2026-04-21 13:31:00'),(14,4,0,0,'2026-04-17',1,'',NULL,NULL,NULL,NULL,'no','2026-04-21 13:31:00','2026-04-21 13:31:00'),(15,9,0,0,'2026-04-17',1,'',NULL,NULL,NULL,NULL,'no','2026-04-21 13:31:00','2026-04-21 13:31:00'),(16,3,0,0,'2026-04-22',1,'',NULL,NULL,NULL,NULL,'no','2026-04-21 13:32:21','2026-04-21 13:32:21'),(17,4,0,0,'2026-04-22',1,'',NULL,NULL,NULL,NULL,'no','2026-04-21 13:32:21','2026-04-21 13:32:21'),(18,9,0,0,'2026-04-22',1,'',NULL,NULL,NULL,NULL,'no','2026-04-21 13:32:21','2026-04-21 13:32:21'),(19,3,0,0,'2026-04-23',1,'',NULL,NULL,NULL,NULL,'no','2026-04-21 13:32:37','2026-04-21 13:32:37'),(20,4,0,0,'2026-04-23',1,'',NULL,NULL,NULL,NULL,'no','2026-04-21 13:32:37','2026-04-21 13:32:37'),(21,9,0,0,'2026-04-23',1,'',NULL,NULL,NULL,NULL,'no','2026-04-21 13:32:37','2026-04-21 13:32:37');
/*!40000 ALTER TABLE `student_attendences` ENABLE KEYS */;
UNLOCK TABLES;

--
-- Table structure for table `student_dashboard_settings`
--

DROP TABLE IF EXISTS `student_dashboard_settings`;
/*!40101 SET @saved_cs_client     = @@character_set_client */;
/*!50503 SET character_set_client = utf8mb4 */;
CREATE TABLE `student_dashboard_settings` (
  `id` int NOT NULL AUTO_INCREMENT,
  `name` varchar(250) DEFAULT NULL,
  `short_code` varchar(255) NOT NULL,
  `is_student` int DEFAULT NULL,
  `is_parent` int DEFAULT NULL,
  `created_at` timestamp NOT NULL DEFAULT CURRENT_TIMESTAMP,
  `updated_at` timestamp NOT NULL DEFAULT CURRENT_TIMESTAMP ON UPDATE CURRENT_TIMESTAMP,
  PRIMARY KEY (`id`)
) ENGINE=InnoDB AUTO_INCREMENT=9 DEFAULT CHARSET=utf8mb3;
/*!40101 SET character_set_client = @saved_cs_client */;

--
-- Dumping data for table `student_dashboard_settings`
--

LOCK TABLES `student_dashboard_settings` WRITE;
/*!40000 ALTER TABLE `student_dashboard_settings` DISABLE KEYS */;
INSERT INTO `student_dashboard_settings` VALUES (1,'welcome_student','',1,1,'2024-10-15 12:14:22','2025-12-27 07:45:42'),(2,'notice_board','communicate',1,1,'2024-10-15 12:14:25','2025-12-27 07:45:42'),(3,'subject_progress','lesson_plan',1,1,'2024-10-15 12:14:27','2025-12-27 07:45:42'),(4,'upcomming_class','academics',1,1,'2024-10-15 12:14:55','2025-12-27 07:45:42'),(5,'homework','homework',1,1,'2024-10-15 12:14:56','2025-12-27 07:45:42'),(6,'teacher_list','human_resource',1,1,'2024-10-15 12:14:57','2025-12-27 07:45:42'),(7,'visitor_list','front_office',1,1,'2024-10-15 12:14:58','2025-12-27 07:45:42'),(8,'library','library',1,1,'2024-10-15 12:14:59','2025-12-27 07:45:42');
/*!40000 ALTER TABLE `student_dashboard_settings` ENABLE KEYS */;
UNLOCK TABLES;

--
-- Table structure for table `student_doc`
--

DROP TABLE IF EXISTS `student_doc`;
/*!40101 SET @saved_cs_client     = @@character_set_client */;
/*!50503 SET character_set_client = utf8mb4 */;
CREATE TABLE `student_doc` (
  `id` int NOT NULL AUTO_INCREMENT,
  `student_id` int DEFAULT NULL,
  `title` varchar(200) DEFAULT NULL,
  `doc` text,
  `created_at` timestamp NOT NULL DEFAULT CURRENT_TIMESTAMP,
  `updated_at` timestamp NOT NULL DEFAULT CURRENT_TIMESTAMP,
  PRIMARY KEY (`id`),
  KEY `idx_student_id` (`student_id`)
) ENGINE=InnoDB AUTO_INCREMENT=2 DEFAULT CHARSET=utf8mb3;
/*!40101 SET character_set_client = @saved_cs_client */;

--
-- Dumping data for table `student_doc`
--

LOCK TABLES `student_doc` WRITE;
/*!40000 ALTER TABLE `student_doc` DISABLE KEYS */;
INSERT INTO `student_doc` VALUES (1,3,'New Mobile test','scaled_eec34a3f-e28b-4086-882e-3bb4be349d4c5433847588644599115.jpg','2026-04-22 07:47:42','2026-04-22 07:47:42');
/*!40000 ALTER TABLE `student_doc` ENABLE KEYS */;
UNLOCK TABLES;

--
-- Table structure for table `student_edit_fields`
--

DROP TABLE IF EXISTS `student_edit_fields`;
/*!40101 SET @saved_cs_client     = @@character_set_client */;
/*!50503 SET character_set_client = utf8mb4 */;
CREATE TABLE `student_edit_fields` (
  `id` int NOT NULL AUTO_INCREMENT,
  `name` varchar(250) DEFAULT NULL,
  `status` int DEFAULT NULL,
  `created_at` timestamp NOT NULL DEFAULT CURRENT_TIMESTAMP,
  `updated_at` timestamp NOT NULL DEFAULT CURRENT_TIMESTAMP ON UPDATE CURRENT_TIMESTAMP,
  PRIMARY KEY (`id`)
) ENGINE=InnoDB AUTO_INCREMENT=9 DEFAULT CHARSET=utf8mb3;
/*!40101 SET character_set_client = @saved_cs_client */;

--
-- Dumping data for table `student_edit_fields`
--

LOCK TABLES `student_edit_fields` WRITE;
/*!40000 ALTER TABLE `student_edit_fields` DISABLE KEYS */;
INSERT INTO `student_edit_fields` VALUES (1,'firstname',1,'2026-04-16 10:01:10','2026-04-16 10:01:10'),(2,'student_email',1,'2026-04-16 10:01:16','2026-04-16 10:01:16'),(3,'is_blood_group',1,'2026-04-16 10:01:23','2026-04-16 10:01:23'),(4,'current_address',1,'2026-04-16 10:01:30','2026-04-16 10:01:30'),(5,'lastname',1,'2026-04-16 10:01:36','2026-04-16 10:01:36'),(6,'student_photo',1,'2026-04-16 10:01:40','2026-04-16 10:01:40'),(7,'Iqama Number',1,'2026-04-16 10:01:57','2026-04-16 10:01:57'),(8,'Blood Group',1,'2026-04-16 10:02:01','2026-04-16 10:02:01');
/*!40000 ALTER TABLE `student_edit_fields` ENABLE KEYS */;
UNLOCK TABLES;

--
-- Table structure for table `student_educational_details`
--

DROP TABLE IF EXISTS `student_educational_details`;
/*!40101 SET @saved_cs_client     = @@character_set_client */;
/*!50503 SET character_set_client = utf8mb4 */;
CREATE TABLE `student_educational_details` (
  `id` int NOT NULL AUTO_INCREMENT,
  `course` varchar(255) NOT NULL,
  `university` varchar(255) NOT NULL,
  `education_year` varchar(255) NOT NULL,
  `education_detail` varchar(255) NOT NULL,
  `student_id` varchar(255) NOT NULL,
  `created_at` timestamp NOT NULL DEFAULT CURRENT_TIMESTAMP,
  `updated_at` timestamp NOT NULL DEFAULT CURRENT_TIMESTAMP ON UPDATE CURRENT_TIMESTAMP,
  PRIMARY KEY (`id`)
) ENGINE=InnoDB DEFAULT CHARSET=utf8mb3;
/*!40101 SET character_set_client = @saved_cs_client */;

--
-- Dumping data for table `student_educational_details`
--

LOCK TABLES `student_educational_details` WRITE;
/*!40000 ALTER TABLE `student_educational_details` DISABLE KEYS */;
/*!40000 ALTER TABLE `student_educational_details` ENABLE KEYS */;
UNLOCK TABLES;

--
-- Table structure for table `student_fees`
--

DROP TABLE IF EXISTS `student_fees`;
/*!40101 SET @saved_cs_client     = @@character_set_client */;
/*!50503 SET character_set_client = utf8mb4 */;
CREATE TABLE `student_fees` (
  `id` int NOT NULL AUTO_INCREMENT,
  `student_session_id` int DEFAULT NULL,
  `feemaster_id` int DEFAULT NULL,
  `amount` decimal(10,2) DEFAULT NULL,
  `amount_discount` decimal(10,2) NOT NULL,
  `amount_fine` decimal(10,2) NOT NULL DEFAULT '0.00',
  `description` text,
  `date` date DEFAULT NULL,
  `payment_mode` varchar(50) NOT NULL,
  `is_active` varchar(255) DEFAULT 'no',
  `created_at` timestamp NOT NULL DEFAULT CURRENT_TIMESTAMP,
  `updated_at` timestamp NOT NULL DEFAULT CURRENT_TIMESTAMP ON UPDATE CURRENT_TIMESTAMP,
  PRIMARY KEY (`id`),
  KEY `feemaster_id` (`feemaster_id`),
  KEY `student_session_id` (`student_session_id`),
  CONSTRAINT `student_fees_ibfk_1` FOREIGN KEY (`feemaster_id`) REFERENCES `feemasters` (`id`) ON DELETE CASCADE,
  CONSTRAINT `student_fees_ibfk_2` FOREIGN KEY (`student_session_id`) REFERENCES `student_session` (`id`) ON DELETE CASCADE
) ENGINE=InnoDB DEFAULT CHARSET=utf8mb3;
/*!40101 SET character_set_client = @saved_cs_client */;

--
-- Dumping data for table `student_fees`
--

LOCK TABLES `student_fees` WRITE;
/*!40000 ALTER TABLE `student_fees` DISABLE KEYS */;
/*!40000 ALTER TABLE `student_fees` ENABLE KEYS */;
UNLOCK TABLES;

--
-- Table structure for table `student_fees_deposite`
--

DROP TABLE IF EXISTS `student_fees_deposite`;
/*!40101 SET @saved_cs_client     = @@character_set_client */;
/*!50503 SET character_set_client = utf8mb4 */;
CREATE TABLE `student_fees_deposite` (
  `id` int NOT NULL AUTO_INCREMENT,
  `student_fees_master_id` int DEFAULT NULL,
  `fee_groups_feetype_id` int DEFAULT NULL,
  `student_transport_fee_id` int DEFAULT NULL,
  `amount_detail` text,
  `is_active` varchar(10) NOT NULL DEFAULT 'no',
  `created_at` timestamp NOT NULL DEFAULT CURRENT_TIMESTAMP,
  `updated_at` timestamp NOT NULL DEFAULT CURRENT_TIMESTAMP ON UPDATE CURRENT_TIMESTAMP,
  PRIMARY KEY (`id`),
  KEY `student_fees_master_id` (`student_fees_master_id`),
  KEY `fee_groups_feetype_id` (`fee_groups_feetype_id`),
  KEY `student_transport_fee_id` (`student_transport_fee_id`),
  CONSTRAINT `student_fees_deposite_ibfk_1` FOREIGN KEY (`student_transport_fee_id`) REFERENCES `student_transport_fees` (`id`) ON DELETE CASCADE,
  CONSTRAINT `student_fees_deposite_ibfk_2` FOREIGN KEY (`student_fees_master_id`) REFERENCES `student_fees_master` (`id`) ON DELETE CASCADE,
  CONSTRAINT `student_fees_deposite_ibfk_3` FOREIGN KEY (`fee_groups_feetype_id`) REFERENCES `fee_groups_feetype` (`id`) ON DELETE CASCADE
) ENGINE=InnoDB AUTO_INCREMENT=6 DEFAULT CHARSET=utf8mb3;
/*!40101 SET character_set_client = @saved_cs_client */;

--
-- Dumping data for table `student_fees_deposite`
--

LOCK TABLES `student_fees_deposite` WRITE;
/*!40000 ALTER TABLE `student_fees_deposite` DISABLE KEYS */;
INSERT INTO `student_fees_deposite` VALUES (1,1,2,NULL,'{\"1\":{\"amount\":\"180.000000\",\"amount_discount\":\"20.000000\",\"amount_fine\":\"0.000000\",\"date\":\"2026-04-21\",\"description\":\"\",\"collected_by\":\"Super Admin(9000)\",\"payment_mode\":\"Cash\",\"received_by\":\"1\",\"inv_no\":1}}','no','2026-04-21 10:12:10','2026-04-21 10:12:10'),(2,2,1,NULL,'{\"1\":{\"amount\":\"2000.000000\",\"date\":\"2026-04-21\",\"description\":\"\",\"amount_discount\":0,\"collected_by\":\"Super Admin(9000)\",\"amount_fine\":\"0.000000\",\"payment_mode\":\"Cash\",\"received_by\":\"1\",\"inv_no\":1}}','no','2026-04-21 10:13:46','2026-04-21 10:13:46'),(3,2,2,NULL,'{\"1\":{\"amount\":\"200.000000\",\"date\":\"2026-04-21\",\"description\":\"\",\"amount_discount\":0,\"collected_by\":\"Super Admin(9000)\",\"amount_fine\":\"0.000000\",\"payment_mode\":\"Cash\",\"received_by\":\"1\",\"inv_no\":1}}','no','2026-04-21 10:14:16','2026-04-21 10:14:16'),(4,2,4,NULL,'{\"1\":{\"amount\":\"100.000000\",\"date\":\"2026-04-21\",\"description\":\"\",\"amount_discount\":0,\"collected_by\":\"Super Admin(9000)\",\"amount_fine\":\"0.000000\",\"payment_mode\":\"Cash\",\"received_by\":\"1\",\"inv_no\":1}}','no','2026-04-21 10:14:16','2026-04-21 10:14:16'),(5,1,1,NULL,'{\"1\":{\"amount\":\"500.000000\",\"date\":\"2026-04-21\",\"description\":\"\",\"amount_discount\":0,\"collected_by\":\"Super Admin(9000)\",\"amount_fine\":\"0.000000\",\"payment_mode\":\"bank_transfer\",\"received_by\":\"1\",\"inv_no\":1}}','no','2026-04-21 10:18:33','2026-04-21 10:18:33');
/*!40000 ALTER TABLE `student_fees_deposite` ENABLE KEYS */;
UNLOCK TABLES;

--
-- Table structure for table `student_fees_discounts`
--

DROP TABLE IF EXISTS `student_fees_discounts`;
/*!40101 SET @saved_cs_client     = @@character_set_client */;
/*!50503 SET character_set_client = utf8mb4 */;
CREATE TABLE `student_fees_discounts` (
  `id` int NOT NULL AUTO_INCREMENT,
  `student_session_id` int DEFAULT NULL,
  `fees_discount_id` int DEFAULT NULL,
  `status` varchar(20) DEFAULT 'assigned',
  `payment_id` varchar(50) DEFAULT NULL,
  `description` text,
  `is_active` varchar(10) NOT NULL DEFAULT 'no',
  `created_at` timestamp NOT NULL DEFAULT CURRENT_TIMESTAMP,
  `updated_at` timestamp NOT NULL DEFAULT CURRENT_TIMESTAMP ON UPDATE CURRENT_TIMESTAMP,
  PRIMARY KEY (`id`),
  KEY `student_session_id` (`student_session_id`),
  KEY `fees_discount_id` (`fees_discount_id`),
  CONSTRAINT `student_fees_discounts_ibfk_1` FOREIGN KEY (`fees_discount_id`) REFERENCES `fees_discounts` (`id`) ON DELETE CASCADE,
  CONSTRAINT `student_fees_discounts_ibfk_2` FOREIGN KEY (`student_session_id`) REFERENCES `student_session` (`id`) ON DELETE CASCADE
) ENGINE=InnoDB AUTO_INCREMENT=2 DEFAULT CHARSET=utf8mb3;
/*!40101 SET character_set_client = @saved_cs_client */;

--
-- Dumping data for table `student_fees_discounts`
--

LOCK TABLES `student_fees_discounts` WRITE;
/*!40000 ALTER TABLE `student_fees_discounts` DISABLE KEYS */;
INSERT INTO `student_fees_discounts` VALUES (1,3,1,'assigned',NULL,NULL,'no','2026-04-21 10:08:28','2026-04-21 10:08:28');
/*!40000 ALTER TABLE `student_fees_discounts` ENABLE KEYS */;
UNLOCK TABLES;

--
-- Table structure for table `student_fees_master`
--

DROP TABLE IF EXISTS `student_fees_master`;
/*!40101 SET @saved_cs_client     = @@character_set_client */;
/*!50503 SET character_set_client = utf8mb4 */;
CREATE TABLE `student_fees_master` (
  `id` int NOT NULL AUTO_INCREMENT,
  `is_system` int NOT NULL DEFAULT '0',
  `student_session_id` int DEFAULT NULL,
  `fee_session_group_id` int DEFAULT NULL,
  `amount` decimal(10,2) DEFAULT '0.00',
  `is_active` varchar(10) NOT NULL DEFAULT 'no',
  `created_at` timestamp NOT NULL DEFAULT CURRENT_TIMESTAMP,
  `updated_at` timestamp NOT NULL DEFAULT CURRENT_TIMESTAMP ON UPDATE CURRENT_TIMESTAMP,
  PRIMARY KEY (`id`),
  KEY `student_session_id` (`student_session_id`),
  KEY `fee_session_group_id` (`fee_session_group_id`),
  CONSTRAINT `student_fees_master_ibfk_1` FOREIGN KEY (`fee_session_group_id`) REFERENCES `fee_session_groups` (`id`) ON DELETE CASCADE,
  CONSTRAINT `student_fees_master_ibfk_2` FOREIGN KEY (`student_session_id`) REFERENCES `student_session` (`id`) ON DELETE CASCADE
) ENGINE=InnoDB AUTO_INCREMENT=4 DEFAULT CHARSET=utf8mb3;
/*!40101 SET character_set_client = @saved_cs_client */;

--
-- Dumping data for table `student_fees_master`
--

LOCK TABLES `student_fees_master` WRITE;
/*!40000 ALTER TABLE `student_fees_master` DISABLE KEYS */;
INSERT INTO `student_fees_master` VALUES (1,0,3,1,0.00,'no','2026-04-21 10:06:42','2026-04-21 10:06:42'),(2,0,4,1,0.00,'no','2026-04-21 10:06:42','2026-04-21 10:06:42'),(3,0,9,1,0.00,'no','2026-04-21 10:06:42','2026-04-21 10:06:42');
/*!40000 ALTER TABLE `student_fees_master` ENABLE KEYS */;
UNLOCK TABLES;

--
-- Table structure for table `student_fees_processing`
--

DROP TABLE IF EXISTS `student_fees_processing`;
/*!40101 SET @saved_cs_client     = @@character_set_client */;
/*!50503 SET character_set_client = utf8mb4 */;
CREATE TABLE `student_fees_processing` (
  `id` int NOT NULL AUTO_INCREMENT,
  `gateway_ins_id` int NOT NULL,
  `fee_category` varchar(255) NOT NULL,
  `student_fees_master_id` int DEFAULT NULL,
  `fee_groups_feetype_id` int DEFAULT NULL,
  `student_transport_fee_id` int DEFAULT NULL,
  `amount_detail` text,
  `is_active` varchar(10) NOT NULL DEFAULT 'no',
  `created_at` timestamp NOT NULL DEFAULT CURRENT_TIMESTAMP,
  `updated_at` timestamp NOT NULL DEFAULT CURRENT_TIMESTAMP ON UPDATE CURRENT_TIMESTAMP,
  PRIMARY KEY (`id`),
  KEY `student_fees_master_id` (`student_fees_master_id`),
  KEY `fee_groups_feetype_id` (`fee_groups_feetype_id`),
  KEY `student_transport_fee_id` (`student_transport_fee_id`),
  KEY `gateway_ins_id` (`gateway_ins_id`),
  CONSTRAINT `student_fees_processing_ibfk_1` FOREIGN KEY (`student_fees_master_id`) REFERENCES `student_fees_master` (`id`) ON DELETE CASCADE,
  CONSTRAINT `student_fees_processing_ibfk_2` FOREIGN KEY (`student_transport_fee_id`) REFERENCES `student_transport_fees` (`id`) ON DELETE CASCADE,
  CONSTRAINT `student_fees_processing_ibfk_3` FOREIGN KEY (`fee_groups_feetype_id`) REFERENCES `fee_groups_feetype` (`id`) ON DELETE CASCADE,
  CONSTRAINT `student_fees_processing_ibfk_4` FOREIGN KEY (`gateway_ins_id`) REFERENCES `gateway_ins` (`id`) ON DELETE CASCADE
) ENGINE=InnoDB DEFAULT CHARSET=utf8mb3;
/*!40101 SET character_set_client = @saved_cs_client */;

--
-- Dumping data for table `student_fees_processing`
--

LOCK TABLES `student_fees_processing` WRITE;
/*!40000 ALTER TABLE `student_fees_processing` DISABLE KEYS */;
/*!40000 ALTER TABLE `student_fees_processing` ENABLE KEYS */;
UNLOCK TABLES;

--
-- Table structure for table `student_quiz_status`
--

DROP TABLE IF EXISTS `student_quiz_status`;
/*!40101 SET @saved_cs_client     = @@character_set_client */;
/*!50503 SET character_set_client = utf8mb4 */;
CREATE TABLE `student_quiz_status` (
  `id` int NOT NULL AUTO_INCREMENT,
  `student_id` int DEFAULT NULL,
  `guest_id` int DEFAULT NULL,
  `course_quiz_id` int DEFAULT NULL,
  `total_question` int DEFAULT NULL,
  `correct_answer` int DEFAULT NULL,
  `wrong_answer` int DEFAULT NULL,
  `not_answer` int DEFAULT NULL,
  `status` tinyint(1) DEFAULT NULL COMMENT '1-completed,0-incomplete	',
  `created_date` timestamp NULL DEFAULT CURRENT_TIMESTAMP,
  `updated_date` timestamp NULL DEFAULT CURRENT_TIMESTAMP,
  PRIMARY KEY (`id`),
  KEY `student_id` (`student_id`),
  KEY `course_quiz_id` (`course_quiz_id`) USING BTREE,
  CONSTRAINT `student_quiz_status_ibfk_1` FOREIGN KEY (`student_id`) REFERENCES `students` (`id`) ON DELETE CASCADE,
  CONSTRAINT `student_quiz_status_ibfk_2` FOREIGN KEY (`course_quiz_id`) REFERENCES `online_course_quiz` (`id`) ON DELETE CASCADE
) ENGINE=InnoDB AUTO_INCREMENT=2 DEFAULT CHARSET=utf8mb3;
/*!40101 SET character_set_client = @saved_cs_client */;

--
-- Dumping data for table `student_quiz_status`
--

LOCK TABLES `student_quiz_status` WRITE;
/*!40000 ALTER TABLE `student_quiz_status` DISABLE KEYS */;
/*!40000 ALTER TABLE `student_quiz_status` ENABLE KEYS */;
UNLOCK TABLES;

--
-- Table structure for table `student_refrence`
--

DROP TABLE IF EXISTS `student_refrence`;
/*!40101 SET @saved_cs_client     = @@character_set_client */;
/*!50503 SET character_set_client = utf8mb4 */;
CREATE TABLE `student_refrence` (
  `id` int NOT NULL AUTO_INCREMENT,
  `name` varchar(255) NOT NULL,
  `relation` varchar(255) NOT NULL,
  `age` varchar(255) NOT NULL,
  `profession` varchar(255) NOT NULL,
  `contact` varchar(255) NOT NULL,
  `student_id` int NOT NULL,
  `created_at` timestamp NOT NULL DEFAULT CURRENT_TIMESTAMP,
  `updated_at` timestamp NOT NULL DEFAULT CURRENT_TIMESTAMP ON UPDATE CURRENT_TIMESTAMP,
  PRIMARY KEY (`id`)
) ENGINE=InnoDB DEFAULT CHARSET=utf8mb3;
/*!40101 SET character_set_client = @saved_cs_client */;

--
-- Dumping data for table `student_refrence`
--

LOCK TABLES `student_refrence` WRITE;
/*!40000 ALTER TABLE `student_refrence` DISABLE KEYS */;
/*!40000 ALTER TABLE `student_refrence` ENABLE KEYS */;
UNLOCK TABLES;

--
-- Table structure for table `student_session`
--

DROP TABLE IF EXISTS `student_session`;
/*!40101 SET @saved_cs_client     = @@character_set_client */;
/*!50503 SET character_set_client = utf8mb4 */;
CREATE TABLE `student_session` (
  `id` int NOT NULL AUTO_INCREMENT,
  `session_id` int DEFAULT NULL,
  `student_id` int DEFAULT NULL,
  `class_id` int DEFAULT NULL,
  `section_id` int DEFAULT NULL,
  `hostel_room_id` int DEFAULT NULL,
  `vehroute_id` int DEFAULT NULL,
  `route_pickup_point_id` int DEFAULT NULL,
  `transport_fees` decimal(10,2) NOT NULL DEFAULT '0.00',
  `fees_discount` decimal(10,2) NOT NULL DEFAULT '0.00',
  `is_leave` int NOT NULL DEFAULT '0',
  `is_active` varchar(255) DEFAULT 'no',
  `is_alumni` int NOT NULL,
  `default_login` int NOT NULL DEFAULT '0',
  `created_at` timestamp NOT NULL DEFAULT CURRENT_TIMESTAMP,
  `updated_at` timestamp NOT NULL DEFAULT CURRENT_TIMESTAMP ON UPDATE CURRENT_TIMESTAMP,
  PRIMARY KEY (`id`),
  KEY `session_id` (`session_id`),
  KEY `student_id` (`student_id`),
  KEY `class_id` (`class_id`),
  KEY `section_id` (`section_id`),
  KEY `student_session_ibfk_5` (`vehroute_id`),
  KEY `hostel_room_id` (`hostel_room_id`),
  KEY `student_session_ibfk_6` (`route_pickup_point_id`),
  CONSTRAINT `student_session_ibfk_1` FOREIGN KEY (`session_id`) REFERENCES `sessions` (`id`) ON DELETE CASCADE,
  CONSTRAINT `student_session_ibfk_2` FOREIGN KEY (`student_id`) REFERENCES `students` (`id`) ON DELETE CASCADE,
  CONSTRAINT `student_session_ibfk_3` FOREIGN KEY (`class_id`) REFERENCES `classes` (`id`) ON DELETE CASCADE,
  CONSTRAINT `student_session_ibfk_4` FOREIGN KEY (`section_id`) REFERENCES `sections` (`id`) ON DELETE CASCADE,
  CONSTRAINT `student_session_ibfk_5` FOREIGN KEY (`vehroute_id`) REFERENCES `vehicle_routes` (`id`) ON DELETE SET NULL,
  CONSTRAINT `student_session_ibfk_6` FOREIGN KEY (`route_pickup_point_id`) REFERENCES `route_pickup_point` (`id`) ON DELETE SET NULL,
  CONSTRAINT `student_session_ibfk_7` FOREIGN KEY (`hostel_room_id`) REFERENCES `hostel_rooms` (`id`) ON DELETE SET NULL
) ENGINE=InnoDB AUTO_INCREMENT=10 DEFAULT CHARSET=utf8mb3;
/*!40101 SET character_set_client = @saved_cs_client */;

--
-- Dumping data for table `student_session`
--

LOCK TABLES `student_session` WRITE;
/*!40000 ALTER TABLE `student_session` DISABLE KEYS */;
INSERT INTO `student_session` VALUES (1,21,1,1,1,NULL,NULL,NULL,0.00,0.00,0,'no',0,1,'2026-04-20 10:22:11','2026-04-20 10:22:11'),(2,21,2,1,1,NULL,NULL,NULL,0.00,0.00,0,'no',0,0,'2026-04-21 07:12:13','2026-04-21 07:12:13'),(3,21,3,1,1,NULL,1,1,0.00,0.00,0,'no',0,1,'2026-04-21 07:43:04','2026-04-22 11:44:09'),(4,21,4,1,1,NULL,2,5,0.00,0.00,0,'no',0,1,'2026-04-21 07:50:20','2026-04-22 11:44:38'),(5,21,5,2,1,NULL,2,4,0.00,0.00,0,'no',0,1,'2026-04-21 07:53:00','2026-04-22 11:45:43'),(6,21,6,2,1,NULL,3,6,0.00,0.00,0,'no',0,1,'2026-04-21 07:55:59','2026-04-22 11:46:13'),(9,21,9,1,1,NULL,3,8,0.00,0.00,0,'no',0,1,'2026-04-21 08:21:24','2026-04-22 11:45:14');
/*!40000 ALTER TABLE `student_session` ENABLE KEYS */;
UNLOCK TABLES;

--
-- Table structure for table `student_skills_detail`
--

DROP TABLE IF EXISTS `student_skills_detail`;
/*!40101 SET @saved_cs_client     = @@character_set_client */;
/*!50503 SET character_set_client = utf8mb4 */;
CREATE TABLE `student_skills_detail` (
  `id` int NOT NULL AUTO_INCREMENT,
  `skill_category` varchar(255) NOT NULL,
  `skill_detail` varchar(255) NOT NULL,
  `student_id` varchar(255) NOT NULL,
  `created_at` timestamp NOT NULL DEFAULT CURRENT_TIMESTAMP,
  `updated_at` timestamp NOT NULL DEFAULT CURRENT_TIMESTAMP,
  PRIMARY KEY (`id`)
) ENGINE=InnoDB DEFAULT CHARSET=utf8mb3;
/*!40101 SET character_set_client = @saved_cs_client */;

--
-- Dumping data for table `student_skills_detail`
--

LOCK TABLES `student_skills_detail` WRITE;
/*!40000 ALTER TABLE `student_skills_detail` DISABLE KEYS */;
/*!40000 ALTER TABLE `student_skills_detail` ENABLE KEYS */;
UNLOCK TABLES;

--
-- Table structure for table `student_subject_attendances`
--

DROP TABLE IF EXISTS `student_subject_attendances`;
/*!40101 SET @saved_cs_client     = @@character_set_client */;
/*!50503 SET character_set_client = utf8mb4 */;
CREATE TABLE `student_subject_attendances` (
  `id` int NOT NULL AUTO_INCREMENT,
  `student_session_id` int DEFAULT NULL,
  `subject_timetable_id` int DEFAULT NULL,
  `attendence_type_id` int DEFAULT NULL,
  `date` date DEFAULT NULL,
  `remark` text,
  `created_at` timestamp NOT NULL DEFAULT CURRENT_TIMESTAMP,
  `updated_at` timestamp NOT NULL DEFAULT CURRENT_TIMESTAMP ON UPDATE CURRENT_TIMESTAMP,
  PRIMARY KEY (`id`),
  KEY `attendence_type_id` (`attendence_type_id`),
  KEY `student_session_id` (`student_session_id`),
  KEY `subject_timetable_id` (`subject_timetable_id`),
  CONSTRAINT `student_subject_attendances_ibfk_1` FOREIGN KEY (`attendence_type_id`) REFERENCES `attendence_type` (`id`) ON DELETE CASCADE,
  CONSTRAINT `student_subject_attendances_ibfk_2` FOREIGN KEY (`student_session_id`) REFERENCES `student_session` (`id`) ON DELETE CASCADE,
  CONSTRAINT `student_subject_attendances_ibfk_3` FOREIGN KEY (`subject_timetable_id`) REFERENCES `subject_timetable` (`id`) ON DELETE CASCADE
) ENGINE=InnoDB DEFAULT CHARSET=utf8mb3;
/*!40101 SET character_set_client = @saved_cs_client */;

--
-- Dumping data for table `student_subject_attendances`
--

LOCK TABLES `student_subject_attendances` WRITE;
/*!40000 ALTER TABLE `student_subject_attendances` DISABLE KEYS */;
/*!40000 ALTER TABLE `student_subject_attendances` ENABLE KEYS */;
UNLOCK TABLES;

--
-- Table structure for table `student_timeline`
--

DROP TABLE IF EXISTS `student_timeline`;
/*!40101 SET @saved_cs_client     = @@character_set_client */;
/*!50503 SET character_set_client = utf8mb4 */;
CREATE TABLE `student_timeline` (
  `id` int NOT NULL AUTO_INCREMENT,
  `student_id` int NOT NULL,
  `title` varchar(200) NOT NULL,
  `timeline_date` date NOT NULL,
  `description` text NOT NULL,
  `document` text,
  `status` varchar(200) NOT NULL,
  `created_student_id` int NOT NULL,
  `date` date NOT NULL,
  `created_at` timestamp NOT NULL DEFAULT CURRENT_TIMESTAMP,
  `updated_at` timestamp NOT NULL DEFAULT CURRENT_TIMESTAMP,
  PRIMARY KEY (`id`),
  KEY `student_id` (`student_id`),
  CONSTRAINT `student_timeline_ibfk_1` FOREIGN KEY (`student_id`) REFERENCES `students` (`id`) ON DELETE CASCADE
) ENGINE=InnoDB DEFAULT CHARSET=utf8mb3;
/*!40101 SET character_set_client = @saved_cs_client */;

--
-- Dumping data for table `student_timeline`
--

LOCK TABLES `student_timeline` WRITE;
/*!40000 ALTER TABLE `student_timeline` DISABLE KEYS */;
/*!40000 ALTER TABLE `student_timeline` ENABLE KEYS */;
UNLOCK TABLES;

--
-- Table structure for table `student_transport_fees`
--

DROP TABLE IF EXISTS `student_transport_fees`;
/*!40101 SET @saved_cs_client     = @@character_set_client */;
/*!50503 SET character_set_client = utf8mb4 */;
CREATE TABLE `student_transport_fees` (
  `id` int NOT NULL AUTO_INCREMENT,
  `transport_feemaster_id` int NOT NULL,
  `student_session_id` int NOT NULL,
  `route_pickup_point_id` int NOT NULL,
  `generated_by` int DEFAULT NULL,
  `created_at` timestamp NOT NULL DEFAULT CURRENT_TIMESTAMP,
  `updated_at` timestamp NOT NULL DEFAULT CURRENT_TIMESTAMP ON UPDATE CURRENT_TIMESTAMP,
  PRIMARY KEY (`id`),
  KEY `student_session_id` (`student_session_id`),
  KEY `route_pickup_point_id` (`route_pickup_point_id`),
  KEY `transport_feemaster_id` (`transport_feemaster_id`),
  CONSTRAINT `student_transport_fees_ibfk_1` FOREIGN KEY (`student_session_id`) REFERENCES `student_session` (`id`) ON DELETE CASCADE,
  CONSTRAINT `student_transport_fees_ibfk_2` FOREIGN KEY (`route_pickup_point_id`) REFERENCES `route_pickup_point` (`id`) ON DELETE CASCADE,
  CONSTRAINT `student_transport_fees_ibfk_3` FOREIGN KEY (`transport_feemaster_id`) REFERENCES `transport_feemaster` (`id`) ON DELETE CASCADE
) ENGINE=InnoDB AUTO_INCREMENT=15 DEFAULT CHARSET=utf8mb3;
/*!40101 SET character_set_client = @saved_cs_client */;

--
-- Dumping data for table `student_transport_fees`
--

LOCK TABLES `student_transport_fees` WRITE;
/*!40000 ALTER TABLE `student_transport_fees` DISABLE KEYS */;
INSERT INTO `student_transport_fees` VALUES (1,1,3,1,NULL,'2026-04-22 11:50:07','2026-04-22 11:50:07'),(2,2,3,1,NULL,'2026-04-22 11:50:07','2026-04-22 11:50:07'),(3,1,4,5,NULL,'2026-04-22 11:50:17','2026-04-22 11:50:17'),(4,2,4,5,NULL,'2026-04-22 11:50:17','2026-04-22 11:50:17'),(5,3,4,5,NULL,'2026-04-22 11:50:17','2026-04-22 11:50:17'),(6,4,4,5,NULL,'2026-04-22 11:50:17','2026-04-22 11:50:17'),(7,5,4,5,NULL,'2026-04-22 11:50:17','2026-04-22 11:50:17'),(8,6,4,5,NULL,'2026-04-22 11:50:17','2026-04-22 11:50:17'),(9,7,4,5,NULL,'2026-04-22 11:50:17','2026-04-22 11:50:17'),(10,8,4,5,NULL,'2026-04-22 11:50:17','2026-04-22 11:50:17'),(11,9,4,5,NULL,'2026-04-22 11:50:17','2026-04-22 11:50:17'),(12,10,4,5,NULL,'2026-04-22 11:50:17','2026-04-22 11:50:17'),(13,11,4,5,NULL,'2026-04-22 11:50:17','2026-04-22 11:50:17'),(14,12,4,5,NULL,'2026-04-22 11:50:17','2026-04-22 11:50:17');
/*!40000 ALTER TABLE `student_transport_fees` ENABLE KEYS */;
UNLOCK TABLES;

--
-- Table structure for table `student_work_experience`
--

DROP TABLE IF EXISTS `student_work_experience`;
/*!40101 SET @saved_cs_client     = @@character_set_client */;
/*!50503 SET character_set_client = utf8mb4 */;
CREATE TABLE `student_work_experience` (
  `id` int NOT NULL AUTO_INCREMENT,
  `institute` text NOT NULL,
  `designation` text NOT NULL,
  `year` varchar(255) NOT NULL,
  `location` text NOT NULL,
  `detail` text NOT NULL,
  `student_id` varchar(255) NOT NULL,
  `created_at` timestamp NOT NULL DEFAULT CURRENT_TIMESTAMP,
  `updated_at` timestamp NOT NULL DEFAULT CURRENT_TIMESTAMP,
  PRIMARY KEY (`id`)
) ENGINE=InnoDB DEFAULT CHARSET=utf8mb3;
/*!40101 SET character_set_client = @saved_cs_client */;

--
-- Dumping data for table `student_work_experience`
--

LOCK TABLES `student_work_experience` WRITE;
/*!40000 ALTER TABLE `student_work_experience` DISABLE KEYS */;
/*!40000 ALTER TABLE `student_work_experience` ENABLE KEYS */;
UNLOCK TABLES;

--
-- Table structure for table `students`
--

DROP TABLE IF EXISTS `students`;
/*!40101 SET @saved_cs_client     = @@character_set_client */;
/*!50503 SET character_set_client = utf8mb4 */;
CREATE TABLE `students` (
  `id` int NOT NULL AUTO_INCREMENT,
  `parent_id` int NOT NULL,
  `admission_no` varchar(100) DEFAULT NULL,
  `roll_no` varchar(100) DEFAULT NULL,
  `admission_date` date DEFAULT NULL,
  `firstname` varchar(100) DEFAULT NULL,
  `middlename` varchar(255) DEFAULT NULL,
  `lastname` varchar(100) DEFAULT NULL,
  `rte` varchar(20) DEFAULT NULL,
  `image` text,
  `mobileno` varchar(100) DEFAULT NULL,
  `email` varchar(100) DEFAULT NULL,
  `state` varchar(100) DEFAULT NULL,
  `city` varchar(100) DEFAULT NULL,
  `pincode` varchar(100) DEFAULT NULL,
  `religion` varchar(100) DEFAULT NULL,
  `cast` varchar(50) DEFAULT NULL,
  `dob` date DEFAULT NULL,
  `gender` varchar(100) DEFAULT NULL,
  `current_address` text,
  `permanent_address` text,
  `category_id` varchar(100) DEFAULT NULL,
  `school_house_id` int DEFAULT NULL,
  `blood_group` varchar(200) NOT NULL,
  `hostel_room_id` int DEFAULT NULL,
  `adhar_no` varchar(100) DEFAULT NULL,
  `samagra_id` varchar(100) DEFAULT NULL,
  `bank_account_no` varchar(100) DEFAULT NULL,
  `bank_name` varchar(100) DEFAULT NULL,
  `ifsc_code` varchar(100) DEFAULT NULL,
  `guardian_is` varchar(100) NOT NULL,
  `father_name` varchar(100) DEFAULT NULL,
  `father_phone` varchar(100) DEFAULT NULL,
  `father_occupation` varchar(100) DEFAULT NULL,
  `mother_name` varchar(100) DEFAULT NULL,
  `mother_phone` varchar(100) DEFAULT NULL,
  `mother_occupation` varchar(100) DEFAULT NULL,
  `guardian_name` varchar(100) DEFAULT NULL,
  `guardian_relation` varchar(100) DEFAULT NULL,
  `guardian_phone` varchar(100) DEFAULT NULL,
  `guardian_occupation` varchar(150) NOT NULL,
  `guardian_address` text,
  `guardian_email` varchar(100) DEFAULT NULL,
  `father_pic` text NOT NULL,
  `mother_pic` text NOT NULL,
  `guardian_pic` text NOT NULL,
  `is_active` varchar(255) DEFAULT 'yes',
  `previous_school` text,
  `height` varchar(100) NOT NULL,
  `weight` varchar(100) NOT NULL,
  `measurement_date` date DEFAULT NULL,
  `dis_reason` int NOT NULL,
  `note` varchar(200) DEFAULT NULL,
  `dis_note` text NOT NULL,
  `about` text,
  `designation` varchar(255) DEFAULT NULL,
  `app_key` text,
  `parent_app_key` text,
  `created_by` int DEFAULT NULL,
  `disable_at` date DEFAULT NULL,
  `created_at` timestamp NOT NULL DEFAULT CURRENT_TIMESTAMP,
  `updated_at` timestamp NOT NULL DEFAULT CURRENT_TIMESTAMP ON UPDATE CURRENT_TIMESTAMP,
  PRIMARY KEY (`id`),
  KEY `idx_admission_no` (`admission_no`),
  KEY `idx_roll_no` (`roll_no`),
  KEY `idx_mobileno` (`mobileno`),
  KEY `idx_email` (`email`),
  KEY `idx_firstname` (`firstname`)
) ENGINE=InnoDB AUTO_INCREMENT=10 DEFAULT CHARSET=utf8mb3;
/*!40101 SET character_set_client = @saved_cs_client */;

--
-- Dumping data for table `students`
--

LOCK TABLES `students` WRITE;
/*!40000 ALTER TABLE `students` DISABLE KEYS */;
INSERT INTO `students` VALUES (1,2,'SA- (Saudi Admission)100001','','2026-04-20','Ahmed',NULL,'','No',NULL,'','',NULL,NULL,NULL,'','','2025-12-15','Male','','','',0,'',0,'','','','','','father','','','','','','','Jawad','Father','','','','','','','','no','','','','2026-04-20',1,'','left school on tuesday , 21 april , 2026',NULL,NULL,'cyjfgxIvSTe5TOwWP5H2yF:APA91bHAWjAJIxo2upP3CP6D70FStRS6WgOMvz4yr8DITIXm5mUaubDFGR6YnWoBno-jWBOlphKOwTgc2PLd8g3YNIw_ITl1YmqyrRUlRxnvDNaP0KsNpKI',NULL,1,'2026-04-21','2026-04-20 10:22:11','2026-04-21 09:18:21'),(2,4,'SA- (Saudi Admission)100002','201','2021-03-18','Edward','','Thomas','',NULL,'8233366613','thomas@gmail.com',NULL,NULL,NULL,'','','2014-11-03','Male','West Brooklyn','West Brooklyn','',0,'A',NULL,'46464746','446464','68654',' UBS Bank','UBS5644','Father','Olivier Thomas','98654646','Lawyer','Caroline Thomas','6598656','Teacher','Olivier Thomas','Father','98654646','Lawyer','West Brooklyn','','','','','no','','4\'2','34 kg','0000-00-00',3,'','',NULL,NULL,NULL,NULL,NULL,'2026-04-21','2026-04-21 07:12:13','2026-04-21 09:38:29'),(3,6,'SA- (Saudi Admission)100003','1','2026-04-21','Abdullah',NULL,'Bin Baser','No','uploads/student_images/1776939666-74073357469e9f292b1038!ChatGPT Image Apr 23, 2026, 03_20_52 PM.png','+966501112233','abdullah.harbi@student.com',NULL,NULL,NULL,'Muslim','-','2010-04-09','Male','','','1',0,'',1,'','','','','','father','Abdullah Harbi','+966501112233','Al Olaya, Riyadh','Aisha Harbi','+966509998877',' Teacher','Abdullah Harbi','Father','+966501112233','Al Olaya, Riyadh','Al Olaya, Riyadh','abdullah.harbi@gmail.com','','','','yes','','','','2026-04-21',0,'','',NULL,NULL,'eFZZFoPTSrma0zEtqTIuZ6:APA91bFlO71mhSv2seZpkugxIuqj6KlLctSpgpn34fD1LW40wJbTQkHWpZ51i94uKS29tkvSmUn99H0LLJSLpiRxEGAdhUNk5KubPBb4dtZWV9VMcfLYq5M',NULL,1,NULL,'2026-04-21 07:43:04','2026-04-23 10:21:56'),(4,8,'SA- (Saudi Admission)100004','2','2026-04-21','Mohammed',NULL,'Al Qahtani','No',NULL,'+966502223344','mohammed.qahtani@student.com',NULL,NULL,NULL,'muslim','-','2010-02-03','Male','','','1',1,'O+',1,'','','','','','father','Khalid Qahtani','+966502223344 ','Manager','Huda Qahtani','+966508887766','Housewife','Khalid Qahtani','Father','+966502223344 ','Manager','Al Malaz, Riyadh','khalid.qahtani@gmail.com','','','','yes','','','','2026-04-21',0,'','',NULL,NULL,NULL,NULL,1,NULL,'2026-04-21 07:50:20','2026-04-21 07:50:20'),(5,10,'SA- (Saudi Admission)100005','3','2026-04-21','Sara',NULL,'Al Zahrani','No',NULL,'+966503334455','sara.zahrani@student.com',NULL,NULL,NULL,'muslim','-','2011-06-23','Female','','','1',1,'O+',6,'','','','','','mother','Ahmed Zahrani','+966503334455','Doctor','Noor Zahrani','Noor Zahrani','Noor Zahrani','Noor Zahrani','Mother','Noor Zahrani','Noor Zahrani','Al Nakheel, Riyadh','noor.zahrani@gmail.com','','','','yes','','','','2026-04-21',0,'','',NULL,NULL,NULL,NULL,1,NULL,'2026-04-21 07:53:00','2026-04-21 07:53:00'),(6,12,'SA- (Saudi Admission)100006','4','2026-04-21','Khalid',NULL,'Al Mutairi','No',NULL,' +966504445566','khalid.mutairi@student.com',NULL,NULL,NULL,'muslim','-','2014-10-30','Male','','','1',2,'AB+',2,'','','','','','father','Fahad Mutairi','+966504445566','Businessman','Sara Mutairi','+966506665544','Housewife','Fahad Mutairi','Father','+966504445566','Businessman','Aziziyah, Riyadh','fahad.mutairi@gmail.com','','','','yes','','','','2026-04-21',0,'','',NULL,NULL,NULL,NULL,1,NULL,'2026-04-21 07:55:59','2026-04-21 07:55:59'),(9,18,'SA- (Saudi Admission)100009','9','2026-04-21','Huda Al Zahrani',NULL,'','No',NULL,'+966509445566','huda.zahrani@student.com',NULL,NULL,NULL,'muslim','-','2018-12-06','Female','','','1',1,'AB+',6,'','','','','','father','Khalid Zahrani','+966509445566','Doctor','Fatima Zahrani','+966505556611','Nurse','Khalid Zahrani','Father','+966509445566','Doctor','Nakheel, Riyadh','khalid.zahrani@gmail.com','','','','yes','','','','2026-04-21',0,'','',NULL,NULL,NULL,NULL,1,NULL,'2026-04-21 08:21:24','2026-04-21 08:21:24');
/*!40000 ALTER TABLE `students` ENABLE KEYS */;
UNLOCK TABLES;

--
-- Table structure for table `subject_group_class_sections`
--

DROP TABLE IF EXISTS `subject_group_class_sections`;
/*!40101 SET @saved_cs_client     = @@character_set_client */;
/*!50503 SET character_set_client = utf8mb4 */;
CREATE TABLE `subject_group_class_sections` (
  `id` int NOT NULL AUTO_INCREMENT,
  `subject_group_id` int DEFAULT NULL,
  `class_section_id` int DEFAULT NULL,
  `session_id` int DEFAULT NULL,
  `description` text,
  `is_active` int DEFAULT '0',
  `created_at` timestamp NOT NULL DEFAULT CURRENT_TIMESTAMP,
  `updated_at` timestamp NOT NULL DEFAULT CURRENT_TIMESTAMP ON UPDATE CURRENT_TIMESTAMP,
  PRIMARY KEY (`id`),
  KEY `class_section_id` (`class_section_id`),
  KEY `subject_group_id` (`subject_group_id`),
  KEY `session_id` (`session_id`),
  CONSTRAINT `subject_group_class_sections_ibfk_1` FOREIGN KEY (`class_section_id`) REFERENCES `class_sections` (`id`) ON DELETE CASCADE,
  CONSTRAINT `subject_group_class_sections_ibfk_2` FOREIGN KEY (`subject_group_id`) REFERENCES `subject_groups` (`id`) ON DELETE CASCADE,
  CONSTRAINT `subject_group_class_sections_ibfk_3` FOREIGN KEY (`session_id`) REFERENCES `sessions` (`id`) ON DELETE CASCADE
) ENGINE=InnoDB AUTO_INCREMENT=13 DEFAULT CHARSET=utf8mb3;
/*!40101 SET character_set_client = @saved_cs_client */;

--
-- Dumping data for table `subject_group_class_sections`
--

LOCK TABLES `subject_group_class_sections` WRITE;
/*!40000 ALTER TABLE `subject_group_class_sections` DISABLE KEYS */;
INSERT INTO `subject_group_class_sections` VALUES (4,2,1,21,NULL,0,'2026-04-21 10:44:15','2026-04-21 10:44:15'),(5,2,2,21,NULL,0,'2026-04-21 10:44:15','2026-04-21 10:44:15'),(6,2,3,21,NULL,0,'2026-04-21 10:44:15','2026-04-21 10:44:15'),(7,3,4,21,NULL,0,'2026-04-21 10:45:40','2026-04-21 10:45:40'),(8,3,5,21,NULL,0,'2026-04-21 10:45:40','2026-04-21 10:45:40'),(9,3,6,21,NULL,0,'2026-04-21 10:45:40','2026-04-21 10:45:40');
/*!40000 ALTER TABLE `subject_group_class_sections` ENABLE KEYS */;
UNLOCK TABLES;

--
-- Table structure for table `subject_group_subjects`
--

DROP TABLE IF EXISTS `subject_group_subjects`;
/*!40101 SET @saved_cs_client     = @@character_set_client */;
/*!50503 SET character_set_client = utf8mb4 */;
CREATE TABLE `subject_group_subjects` (
  `id` int NOT NULL AUTO_INCREMENT,
  `subject_group_id` int DEFAULT NULL,
  `session_id` int DEFAULT NULL,
  `subject_id` int DEFAULT NULL,
  `created_at` timestamp NOT NULL DEFAULT CURRENT_TIMESTAMP,
  `updated_at` timestamp NOT NULL DEFAULT CURRENT_TIMESTAMP ON UPDATE CURRENT_TIMESTAMP,
  PRIMARY KEY (`id`),
  KEY `subject_group_id` (`subject_group_id`),
  KEY `session_id` (`session_id`),
  KEY `subject_id` (`subject_id`),
  CONSTRAINT `subject_group_subjects_ibfk_1` FOREIGN KEY (`subject_group_id`) REFERENCES `subject_groups` (`id`) ON DELETE CASCADE,
  CONSTRAINT `subject_group_subjects_ibfk_2` FOREIGN KEY (`session_id`) REFERENCES `sessions` (`id`) ON DELETE CASCADE,
  CONSTRAINT `subject_group_subjects_ibfk_3` FOREIGN KEY (`subject_id`) REFERENCES `subjects` (`id`) ON DELETE CASCADE
) ENGINE=InnoDB AUTO_INCREMENT=25 DEFAULT CHARSET=utf8mb3;
/*!40101 SET character_set_client = @saved_cs_client */;

--
-- Dumping data for table `subject_group_subjects`
--

LOCK TABLES `subject_group_subjects` WRITE;
/*!40000 ALTER TABLE `subject_group_subjects` DISABLE KEYS */;
INSERT INTO `subject_group_subjects` VALUES (3,2,21,1,'2026-04-21 10:44:15','2026-04-21 10:44:15'),(4,2,21,2,'2026-04-21 10:44:15','2026-04-21 10:44:15'),(5,2,21,3,'2026-04-21 10:44:15','2026-04-21 10:44:15'),(6,2,21,4,'2026-04-21 10:44:15','2026-04-21 10:44:15'),(7,2,21,5,'2026-04-21 10:44:15','2026-04-21 10:44:15'),(8,2,21,6,'2026-04-21 10:44:15','2026-04-21 10:44:15'),(9,3,21,2,'2026-04-21 10:45:40','2026-04-21 10:45:40'),(10,3,21,3,'2026-04-21 10:45:40','2026-04-21 10:45:40'),(11,3,21,5,'2026-04-21 10:45:40','2026-04-21 10:45:40'),(12,3,21,6,'2026-04-21 10:45:40','2026-04-21 10:45:40'),(16,4,21,4,'2026-04-21 10:47:46','2026-04-21 10:47:46'),(17,4,21,5,'2026-04-21 10:47:46','2026-04-21 10:47:46'),(18,4,21,6,'2026-04-21 10:47:46','2026-04-21 10:47:46'),(19,5,21,1,'2026-04-21 10:48:26','2026-04-21 10:48:26'),(20,5,21,2,'2026-04-21 10:48:26','2026-04-21 10:48:26'),(21,5,21,3,'2026-04-21 10:48:26','2026-04-21 10:48:26'),(22,5,21,4,'2026-04-21 10:48:26','2026-04-21 10:48:26'),(23,5,21,5,'2026-04-21 10:48:26','2026-04-21 10:48:26'),(24,5,21,6,'2026-04-21 10:48:26','2026-04-21 10:48:26');
/*!40000 ALTER TABLE `subject_group_subjects` ENABLE KEYS */;
UNLOCK TABLES;

--
-- Table structure for table `subject_groups`
--

DROP TABLE IF EXISTS `subject_groups`;
/*!40101 SET @saved_cs_client     = @@character_set_client */;
/*!50503 SET character_set_client = utf8mb4 */;
CREATE TABLE `subject_groups` (
  `id` int NOT NULL AUTO_INCREMENT,
  `name` varchar(250) DEFAULT NULL,
  `description` text,
  `session_id` int DEFAULT NULL,
  `created_at` timestamp NOT NULL DEFAULT CURRENT_TIMESTAMP,
  `updated_at` timestamp NOT NULL DEFAULT CURRENT_TIMESTAMP ON UPDATE CURRENT_TIMESTAMP,
  PRIMARY KEY (`id`),
  KEY `session_id` (`session_id`),
  CONSTRAINT `subject_groups_ibfk_1` FOREIGN KEY (`session_id`) REFERENCES `sessions` (`id`) ON DELETE CASCADE
) ENGINE=InnoDB AUTO_INCREMENT=6 DEFAULT CHARSET=utf8mb3;
/*!40101 SET character_set_client = @saved_cs_client */;

--
-- Dumping data for table `subject_groups`
--

LOCK TABLES `subject_groups` WRITE;
/*!40000 ALTER TABLE `subject_groups` DISABLE KEYS */;
INSERT INTO `subject_groups` VALUES (2,'Grade 1– Core Subjects','Core subjects for Grade 1 sections A,B & C',21,'2026-04-21 10:44:15','2026-04-21 10:44:15'),(3,' Grade 2 - Core Subjects','',21,'2026-04-21 10:45:40','2026-04-21 10:45:40'),(4,'Grade 3 - Subjects(A)','',21,'2026-04-21 10:47:46','2026-04-21 10:47:46'),(5,'Grade 3 - Subjects(B,C)','',21,'2026-04-21 10:48:26','2026-04-21 10:48:26');
/*!40000 ALTER TABLE `subject_groups` ENABLE KEYS */;
UNLOCK TABLES;

--
-- Table structure for table `subject_syllabus`
--

DROP TABLE IF EXISTS `subject_syllabus`;
/*!40101 SET @saved_cs_client     = @@character_set_client */;
/*!50503 SET character_set_client = utf8mb4 */;
CREATE TABLE `subject_syllabus` (
  `id` int NOT NULL AUTO_INCREMENT,
  `topic_id` int NOT NULL,
  `session_id` int NOT NULL,
  `created_by` int NOT NULL,
  `created_for` int NOT NULL,
  `date` date NOT NULL,
  `time_from` varchar(255) NOT NULL,
  `time_to` varchar(255) NOT NULL,
  `presentation` text NOT NULL,
  `attachment` text NOT NULL,
  `lacture_youtube_url` varchar(255) NOT NULL,
  `lacture_video` text NOT NULL,
  `sub_topic` text NOT NULL,
  `teaching_method` text NOT NULL,
  `general_objectives` text NOT NULL,
  `previous_knowledge` text NOT NULL,
  `comprehensive_questions` text NOT NULL,
  `status` int NOT NULL,
  `created_at` timestamp NOT NULL DEFAULT CURRENT_TIMESTAMP,
  `updated_at` timestamp NOT NULL DEFAULT CURRENT_TIMESTAMP ON UPDATE CURRENT_TIMESTAMP,
  PRIMARY KEY (`id`),
  KEY `topic_id` (`topic_id`),
  KEY `session_id` (`session_id`),
  KEY `created_by` (`created_by`),
  KEY `created_for` (`created_for`),
  CONSTRAINT `subject_syllabus_ibfk_1` FOREIGN KEY (`topic_id`) REFERENCES `topic` (`id`) ON DELETE CASCADE,
  CONSTRAINT `subject_syllabus_ibfk_2` FOREIGN KEY (`session_id`) REFERENCES `sessions` (`id`) ON DELETE CASCADE,
  CONSTRAINT `subject_syllabus_ibfk_3` FOREIGN KEY (`created_by`) REFERENCES `staff` (`id`) ON DELETE CASCADE,
  CONSTRAINT `subject_syllabus_ibfk_4` FOREIGN KEY (`created_for`) REFERENCES `staff` (`id`) ON DELETE CASCADE
) ENGINE=InnoDB AUTO_INCREMENT=15 DEFAULT CHARSET=utf8mb3;
/*!40101 SET character_set_client = @saved_cs_client */;

--
-- Dumping data for table `subject_syllabus`
--

LOCK TABLES `subject_syllabus` WRITE;
/*!40000 ALTER TABLE `subject_syllabus` DISABLE KEYS */;
INSERT INTO `subject_syllabus` VALUES (1,1,21,1,2,'2026-04-20','7:30 AM','08:10 AM','','','https://www.youtube.com/watch?v=ChqnN3cKzXQ','','ABC Phonics Chant for Children | Sounds and Actions from A to Z','','','','',0,'2026-04-21 11:46:55','2026-04-21 11:46:55'),(2,2,21,1,2,'2026-04-21','7:30 AM','08:10 AM','','','https://www.youtube.com/watch?v=_8XhTOZuSj8','','Learning the Vowels Sounds for your Kiddos','','','','',0,'2026-04-21 11:48:48','2026-04-21 11:48:48'),(3,3,21,1,2,'2026-04-22','7:30 AM','08:10 AM','','','https://www.youtube.com/watch?v=4PW3_LErVZk','','Rhyming Words | Monsters Learn English | Scratch Garden','','','','',0,'2026-04-21 11:51:53','2026-04-21 11:51:53'),(4,4,21,2,2,'2026-04-23','10:50 AM','11:30 AM','','','https://youtu.be/KkpF0wmJnXk?si=Y1KTCn3UuOYZwyNt','','My First Book','','','','',0,'2026-04-21 11:53:08','2026-04-21 13:01:09'),(5,5,21,1,2,'2026-04-26','7:30 AM','08:10 AM','','','https://www.youtube.com/watch?v=UbYpfxrkqHo','','Let\'s Read! | Reading Comprehension ','','','','',0,'2026-04-21 11:54:02','2026-04-21 11:54:02'),(6,11,21,1,3,'2026-04-20','08:20 AM','09:00 AM','','','https://www.youtube.com/watch?v=dPUztsO5RFs','','1 to 20 Numbers Counting practice','','','','',0,'2026-04-21 11:55:30','2026-04-21 11:55:30'),(7,12,21,1,3,'2026-04-21','08:20 AM','09:00 AM','','','https://www.youtube.com/watch?v=mKSNQuQrsm0','','Counting! | Mini Math','','','','',0,'2026-04-21 12:00:37','2026-04-21 12:00:37'),(8,13,21,1,3,'2026-04-22','08:20 AM','09:00 AM','','','https://www.youtube.com/watch?v=6g_fjnW77Fs','','Learn Numbers and Counting','','','','',0,'2026-04-21 12:03:06','2026-04-21 12:03:06'),(9,14,21,1,3,'2026-04-26','08:20 AM','09:00 AM','','','https://www.youtube.com/watch?v=4rI26dAxjaU','','Learn Basic Addition (Kindergarten) ','','','','',0,'2026-04-21 12:04:51','2026-04-21 12:04:51'),(10,18,21,1,4,'2026-04-20','11:40 AM','12:20 PM','','','https://www.youtube.com/watch?v=lHaPOryRuLY','','Learn Arabic Alphabet with Flash Cards ','','','','',0,'2026-04-21 12:06:49','2026-04-21 12:06:49'),(11,19,21,1,4,'2026-04-21','11:40 AM','12:20 PM','','','https://www.youtube.com/watch?v=2WIg4KmijJc&list=PLBfm0T9rt3Z6B5Mvc1kbl6anO0aAEYx0c&index=10','','Learn Arabic Words Shapes','','','','',0,'2026-04-21 12:08:53','2026-04-21 12:08:53'),(12,16,21,1,4,'2026-04-22','09:10 AM','09:50 AM','','','https://www.youtube.com/watch?v=BY5TkXOk2kQ','','The Basic Shapes','','','','',0,'2026-04-21 12:10:00','2026-04-21 12:10:00'),(13,20,21,1,4,'2026-04-22','11:40 AM','12:20 PM','','','https://www.youtube.com/watch?v=WKufZusUeBI','','Learn The Arabic Vowels ','','','','',0,'2026-04-21 12:11:19','2026-04-21 12:11:19'),(14,15,21,1,4,'2026-04-26','10:50 AM','11:30 AM','','','https://www.youtube.com/watch?v=7J1OkxuyLD0','','Subtracting! | Mini Math','','','','',0,'2026-04-21 12:12:37','2026-04-21 12:12:37');
/*!40000 ALTER TABLE `subject_syllabus` ENABLE KEYS */;
UNLOCK TABLES;

--
-- Table structure for table `subject_timetable`
--

DROP TABLE IF EXISTS `subject_timetable`;
/*!40101 SET @saved_cs_client     = @@character_set_client */;
/*!50503 SET character_set_client = utf8mb4 */;
CREATE TABLE `subject_timetable` (
  `id` int NOT NULL AUTO_INCREMENT,
  `session_id` int DEFAULT NULL,
  `class_id` int DEFAULT NULL,
  `section_id` int DEFAULT NULL,
  `subject_group_id` int DEFAULT NULL,
  `subject_group_subject_id` int DEFAULT NULL,
  `staff_id` int DEFAULT NULL,
  `day` varchar(20) DEFAULT NULL,
  `time_from` varchar(20) DEFAULT NULL,
  `time_to` varchar(20) DEFAULT NULL,
  `start_time` time DEFAULT NULL,
  `end_time` time DEFAULT NULL,
  `room_no` varchar(20) DEFAULT NULL,
  `created_at` timestamp NOT NULL DEFAULT CURRENT_TIMESTAMP,
  `updated_at` timestamp NOT NULL DEFAULT CURRENT_TIMESTAMP ON UPDATE CURRENT_TIMESTAMP,
  PRIMARY KEY (`id`),
  KEY `class_id` (`class_id`),
  KEY `section_id` (`section_id`),
  KEY `subject_group_id` (`subject_group_id`),
  KEY `subject_group_subject_id` (`subject_group_subject_id`),
  KEY `staff_id` (`staff_id`),
  KEY `session_id` (`session_id`),
  CONSTRAINT `subject_timetable_ibfk_1` FOREIGN KEY (`class_id`) REFERENCES `classes` (`id`) ON DELETE CASCADE,
  CONSTRAINT `subject_timetable_ibfk_2` FOREIGN KEY (`section_id`) REFERENCES `sections` (`id`) ON DELETE CASCADE,
  CONSTRAINT `subject_timetable_ibfk_3` FOREIGN KEY (`subject_group_id`) REFERENCES `subject_groups` (`id`) ON DELETE CASCADE,
  CONSTRAINT `subject_timetable_ibfk_4` FOREIGN KEY (`subject_group_subject_id`) REFERENCES `subject_group_subjects` (`id`) ON DELETE CASCADE,
  CONSTRAINT `subject_timetable_ibfk_5` FOREIGN KEY (`staff_id`) REFERENCES `staff` (`id`) ON DELETE CASCADE,
  CONSTRAINT `subject_timetable_ibfk_6` FOREIGN KEY (`session_id`) REFERENCES `sessions` (`id`) ON DELETE CASCADE
) ENGINE=InnoDB AUTO_INCREMENT=69 DEFAULT CHARSET=utf8mb3;
/*!40101 SET character_set_client = @saved_cs_client */;

--
-- Dumping data for table `subject_timetable`
--

LOCK TABLES `subject_timetable` WRITE;
/*!40000 ALTER TABLE `subject_timetable` DISABLE KEYS */;
INSERT INTO `subject_timetable` VALUES (1,21,1,1,2,3,2,'Monday','7:30 AM','08:10 AM','07:30:00','08:10:00','101','2026-04-21 10:54:12','2026-04-21 10:54:12'),(2,21,1,1,2,4,3,'Monday','08:20 AM','09:00 AM','08:20:00','09:00:00','101','2026-04-21 10:54:12','2026-04-21 10:54:12'),(3,21,1,1,2,5,4,'Monday','09:10 AM','09:50 AM','09:10:00','09:50:00','101','2026-04-21 10:54:12','2026-04-21 10:54:12'),(4,21,1,1,2,6,2,'Monday','10:00 AM','10:40 AM','10:00:00','10:40:00','101','2026-04-21 10:54:12','2026-04-21 10:54:12'),(5,21,1,1,2,7,3,'Monday','10:50 AM','11:30 AM','10:50:00','11:30:00','101','2026-04-21 10:54:12','2026-04-21 10:54:12'),(6,21,1,1,2,8,4,'Monday','11:40 AM','12:20 PM','11:40:00','12:20:00','101','2026-04-21 10:54:12','2026-04-21 10:54:12'),(7,21,1,2,2,3,3,'Monday','7:30 AM','08:10 AM','07:30:00','08:10:00','102','2026-04-21 10:57:03','2026-04-21 10:57:03'),(8,21,1,2,2,4,2,'Monday','08:20 AM','09:00 AM','08:20:00','09:00:00','102','2026-04-21 10:57:03','2026-04-21 10:57:03'),(9,21,1,2,2,5,2,'Monday','09:10 AM','09:50 AM','09:10:00','09:50:00','102','2026-04-21 10:57:03','2026-04-21 10:57:03'),(10,21,1,2,2,7,4,'Monday','10:00 AM','10:40 AM','10:00:00','10:40:00','102','2026-04-21 10:57:03','2026-04-21 10:57:03'),(11,21,1,2,2,8,2,'Monday','10:50 AM','11:30 AM','10:50:00','11:30:00','102','2026-04-21 10:57:03','2026-04-21 10:57:03'),(12,21,1,1,2,3,2,'Tuesday','7:30 AM','08:10 AM','07:30:00','08:10:00','101','2026-04-21 10:58:38','2026-04-21 10:58:38'),(13,21,1,1,2,4,3,'Tuesday','08:20 AM','09:00 AM','08:20:00','09:00:00','101','2026-04-21 10:58:38','2026-04-21 10:58:38'),(14,21,1,1,2,5,4,'Tuesday','09:10 AM','09:50 AM','09:10:00','09:50:00','101','2026-04-21 10:58:38','2026-04-21 10:58:38'),(15,21,1,1,2,7,3,'Tuesday','10:00 AM','10:40 AM','10:00:00','10:40:00','101','2026-04-21 10:58:38','2026-04-21 10:58:38'),(16,21,1,1,2,6,2,'Tuesday','10:50 AM','11:30 AM','10:50:00','11:30:00','101','2026-04-21 10:58:38','2026-04-21 10:58:38'),(17,21,1,1,2,8,4,'Tuesday','11:40 AM','12:20 PM','11:40:00','12:20:00','101','2026-04-21 10:58:38','2026-04-21 10:58:38'),(18,21,1,1,2,3,2,'Wednesday','7:30 AM','08:10 AM','07:30:00','08:10:00','101','2026-04-21 10:59:19','2026-04-21 10:59:19'),(19,21,1,1,2,4,3,'Wednesday','08:20 AM','09:00 AM','08:20:00','09:00:00','101','2026-04-21 10:59:19','2026-04-21 10:59:19'),(20,21,1,1,2,4,4,'Wednesday','09:10 AM','09:50 AM','09:10:00','09:50:00','101','2026-04-21 10:59:19','2026-04-21 10:59:19'),(21,21,1,1,2,5,3,'Wednesday','10:00 AM','10:40 AM','10:00:00','10:40:00','101','2026-04-21 10:59:19','2026-04-21 10:59:19'),(22,21,1,1,2,7,2,'Wednesday','10:50 AM','11:30 AM','10:50:00','11:30:00','101','2026-04-21 10:59:19','2026-04-21 10:59:19'),(23,21,1,1,2,8,4,'Wednesday','11:40 AM','12:20 PM','11:40:00','12:20:00','101','2026-04-21 10:59:19','2026-04-21 10:59:19'),(24,21,1,1,2,6,4,'Thursday','7:30 AM','08:10 AM','07:30:00','08:10:00','101','2026-04-21 10:59:46','2026-04-21 10:59:46'),(25,21,1,1,2,6,4,'Thursday','08:20 AM','09:00 AM','08:20:00','09:00:00','101','2026-04-21 10:59:46','2026-04-21 10:59:46'),(26,21,1,1,2,5,3,'Thursday','09:10 AM','09:50 AM','09:10:00','09:50:00','101','2026-04-21 10:59:46','2026-04-21 10:59:46'),(27,21,1,1,2,5,3,'Thursday','10:00 AM','10:40 AM','10:00:00','10:40:00','101','2026-04-21 10:59:46','2026-04-21 10:59:46'),(28,21,1,1,2,3,2,'Thursday','10:50 AM','11:30 AM','10:50:00','11:30:00','101','2026-04-21 10:59:46','2026-04-21 10:59:46'),(29,21,1,1,2,3,2,'Sunday','7:30 AM','08:10 AM','07:30:00','08:10:00','101','2026-04-21 11:00:41','2026-04-21 11:00:41'),(30,21,1,1,2,4,3,'Sunday','08:20 AM','09:00 AM','08:20:00','09:00:00','101','2026-04-21 11:00:41','2026-04-21 11:00:41'),(31,21,1,1,2,7,4,'Sunday','09:10 AM','09:50 AM','09:10:00','09:50:00','101','2026-04-21 11:00:41','2026-04-21 11:00:41'),(32,21,1,1,2,6,2,'Sunday','10:00 AM','10:40 AM','10:00:00','10:40:00','101','2026-04-21 11:00:41','2026-04-21 11:00:41'),(33,21,1,1,2,4,4,'Sunday','10:50 AM','11:30 AM','10:50:00','11:30:00','101','2026-04-21 11:00:41','2026-04-21 11:00:41'),(34,21,1,2,2,7,2,'Tuesday','7:30 AM','08:10 AM','07:30:00','08:10:00','102','2026-04-21 11:01:51','2026-04-21 11:01:51'),(35,21,1,2,2,4,3,'Tuesday','08:20 AM','09:00 AM','08:20:00','09:00:00','102','2026-04-21 11:01:51','2026-04-21 11:01:51'),(36,21,1,2,2,6,3,'Tuesday','09:10 AM','09:50 AM','09:10:00','09:50:00','102','2026-04-21 11:01:51','2026-04-21 11:01:51'),(37,21,1,2,2,4,2,'Tuesday','10:00 AM','10:40 AM','10:00:00','10:40:00','102','2026-04-21 11:01:51','2026-04-21 11:01:51'),(38,21,1,2,2,3,4,'Tuesday','10:50 AM','11:30 AM','10:50:00','11:30:00','102','2026-04-21 11:01:51','2026-04-21 11:01:51'),(39,21,1,2,2,3,3,'Wednesday','7:30 AM','08:10 AM','07:30:00','08:10:00','102','2026-04-21 11:02:43','2026-04-21 11:02:43'),(40,21,1,2,2,5,2,'Wednesday','08:20 AM','09:00 AM','08:20:00','09:00:00','102','2026-04-21 11:02:43','2026-04-21 11:02:43'),(41,21,1,2,2,4,3,'Wednesday','09:10 AM','09:50 AM','09:10:00','09:50:00','102','2026-04-21 11:02:43','2026-04-21 11:02:43'),(42,21,1,2,2,5,4,'Wednesday','10:00 AM','10:40 AM','10:00:00','10:40:00','102','2026-04-21 11:02:43','2026-04-21 11:02:43'),(43,21,1,2,2,6,3,'Wednesday','10:50 AM','11:30 AM','10:50:00','11:30:00','102','2026-04-21 11:02:43','2026-04-21 11:02:43'),(44,21,1,2,2,7,3,'Wednesday','11:40 AM','12:20 PM','11:40:00','12:20:00','102','2026-04-21 11:02:43','2026-04-21 11:02:43'),(45,21,1,2,2,3,3,'Thursday','7:30 AM','08:10 AM','07:30:00','08:10:00','102','2026-04-21 11:03:11','2026-04-21 11:03:11'),(46,21,1,2,2,5,3,'Thursday','08:20 AM','09:00 AM','08:20:00','09:00:00','102','2026-04-21 11:03:11','2026-04-21 11:03:11'),(47,21,1,2,2,7,4,'Thursday','09:10 AM','09:50 AM','09:10:00','09:50:00','102','2026-04-21 11:03:11','2026-04-21 11:03:11'),(48,21,1,2,2,7,2,'Thursday','10:00 AM','10:40 AM','10:00:00','10:40:00','102','2026-04-21 11:03:11','2026-04-21 11:03:11'),(49,21,1,2,2,8,3,'Thursday','10:50 AM','11:30 AM','10:50:00','11:30:00','102','2026-04-21 11:03:11','2026-04-21 11:03:11'),(50,21,1,2,2,6,4,'Sunday','7:30 AM','08:10 AM','07:30:00','08:10:00','102','2026-04-21 11:03:39','2026-04-21 11:03:39'),(51,21,1,2,2,5,2,'Sunday','08:20 AM','09:00 AM','08:20:00','09:00:00','102','2026-04-21 11:03:39','2026-04-21 11:03:39'),(52,21,1,2,2,4,3,'Sunday','09:10 AM','09:50 AM','09:10:00','09:50:00','102','2026-04-21 11:03:39','2026-04-21 11:03:39'),(53,21,1,2,2,7,3,'Sunday','10:00 AM','10:40 AM','10:00:00','10:40:00','102','2026-04-21 11:03:39','2026-04-21 11:03:39'),(54,21,2,1,3,9,4,'Monday','7:30 AM','08:10 AM','07:30:00','08:10:00','103','2026-04-21 11:05:41','2026-04-21 11:05:41'),(55,21,2,1,3,10,2,'Monday','08:20 AM','09:00 AM','08:20:00','09:00:00','103','2026-04-21 11:05:41','2026-04-21 11:05:41'),(56,21,2,1,3,10,3,'Monday','09:10 AM','09:50 AM','09:10:00','09:50:00','103','2026-04-21 11:05:41','2026-04-21 11:05:41'),(57,21,2,1,3,12,3,'Monday','10:00 AM','10:40 AM','10:00:00','10:40:00','103','2026-04-21 11:05:41','2026-04-21 11:05:41'),(58,21,2,1,3,9,4,'Monday','10:50 AM','11:30 AM','10:50:00','11:30:00','103','2026-04-21 11:05:41','2026-04-21 11:05:41'),(59,21,2,1,3,9,2,'Monday','11:40 AM','12:20 PM','11:40:00','12:20:00','103','2026-04-21 11:05:41','2026-04-21 11:05:41'),(60,21,2,1,3,10,4,'Tuesday','7:30 AM','08:10 AM','07:30:00','08:10:00','103','2026-04-21 11:06:14','2026-04-21 11:06:14'),(61,21,2,1,3,12,4,'Tuesday','08:20 AM','09:00 AM','08:20:00','09:00:00','103','2026-04-21 11:06:14','2026-04-21 11:06:14'),(62,21,2,1,3,9,2,'Tuesday','09:10 AM','09:50 AM','09:10:00','09:50:00','103','2026-04-21 11:06:14','2026-04-21 11:06:14'),(63,21,2,1,3,9,4,'Wednesday','7:30 AM','08:10 AM','07:30:00','08:10:00','103','2026-04-21 11:06:38','2026-04-21 11:06:38'),(64,21,2,1,3,12,4,'Wednesday','08:20 AM','09:00 AM','08:20:00','09:00:00','103','2026-04-21 11:06:38','2026-04-21 11:06:38'),(65,21,2,1,3,11,2,'Thursday','7:30 AM','08:10 AM','07:30:00','08:10:00','103','2026-04-21 11:06:52','2026-04-21 11:06:52'),(66,21,2,1,3,10,3,'Sunday','7:30 AM','08:10 AM','07:30:00','08:10:00','103','2026-04-21 11:07:44','2026-04-21 11:07:44'),(67,21,2,1,3,11,4,'Sunday','08:20 AM','09:00 AM','08:20:00','09:00:00','103','2026-04-21 11:07:44','2026-04-21 11:07:44'),(68,21,2,1,3,12,4,'Sunday','09:10 AM','09:50 AM','09:10:00','09:50:00','103','2026-04-21 11:07:44','2026-04-21 11:07:44');
/*!40000 ALTER TABLE `subject_timetable` ENABLE KEYS */;
UNLOCK TABLES;

--
-- Table structure for table `subjects`
--

DROP TABLE IF EXISTS `subjects`;
/*!40101 SET @saved_cs_client     = @@character_set_client */;
/*!50503 SET character_set_client = utf8mb4 */;
CREATE TABLE `subjects` (
  `id` int NOT NULL AUTO_INCREMENT,
  `name` varchar(100) DEFAULT NULL,
  `code` varchar(100) NOT NULL,
  `type` varchar(100) NOT NULL,
  `is_active` varchar(255) DEFAULT 'no',
  `created_at` timestamp NOT NULL DEFAULT CURRENT_TIMESTAMP,
  `updated_at` timestamp NOT NULL DEFAULT CURRENT_TIMESTAMP ON UPDATE CURRENT_TIMESTAMP,
  PRIMARY KEY (`id`),
  KEY `idx_name` (`name`),
  KEY `idx_code` (`code`)
) ENGINE=InnoDB AUTO_INCREMENT=7 DEFAULT CHARSET=utf8mb3;
/*!40101 SET character_set_client = @saved_cs_client */;

--
-- Dumping data for table `subjects`
--

LOCK TABLES `subjects` WRITE;
/*!40000 ALTER TABLE `subjects` DISABLE KEYS */;
INSERT INTO `subjects` VALUES (1,'English','Eng','theory','no','2026-04-16 19:58:27','2026-04-16 19:58:27'),(2,'Math','MT','theory','no','2026-04-16 19:58:47','2026-04-16 19:58:47'),(3,'Physic','PHY','theory','no','2026-04-16 19:58:59','2026-04-21 10:39:27'),(4,'Chemistry','CH','theory','no','2026-04-16 19:59:33','2026-04-16 19:59:33'),(5,'Islamic Studies','ISL','theory','no','2026-04-21 10:39:00','2026-04-21 10:39:00'),(6,'Arabic','AR','theory','no','2026-04-21 10:39:18','2026-04-21 10:39:18');
/*!40000 ALTER TABLE `subjects` ENABLE KEYS */;
UNLOCK TABLES;

--
-- Table structure for table `submit_assignment`
--

DROP TABLE IF EXISTS `submit_assignment`;
/*!40101 SET @saved_cs_client     = @@character_set_client */;
/*!50503 SET character_set_client = utf8mb4 */;
CREATE TABLE `submit_assignment` (
  `id` int NOT NULL AUTO_INCREMENT,
  `homework_id` int NOT NULL,
  `student_id` int NOT NULL,
  `message` text NOT NULL,
  `docs` text NOT NULL,
  `file_name` text,
  `created_at` timestamp NOT NULL DEFAULT CURRENT_TIMESTAMP,
  `updated_at` timestamp NOT NULL DEFAULT CURRENT_TIMESTAMP ON UPDATE CURRENT_TIMESTAMP,
  PRIMARY KEY (`id`),
  KEY `student_id` (`student_id`),
  KEY `homework_id` (`homework_id`),
  CONSTRAINT `submit_assignment_ibfk_1` FOREIGN KEY (`student_id`) REFERENCES `students` (`id`) ON DELETE CASCADE,
  CONSTRAINT `submit_assignment_ibfk_2` FOREIGN KEY (`homework_id`) REFERENCES `homework` (`id`) ON DELETE CASCADE
) ENGINE=InnoDB AUTO_INCREMENT=3 DEFAULT CHARSET=utf8mb3;
/*!40101 SET character_set_client = @saved_cs_client */;

--
-- Dumping data for table `submit_assignment`
--

LOCK TABLES `submit_assignment` WRITE;
/*!40000 ALTER TABLE `submit_assignment` DISABLE KEYS */;
INSERT INTO `submit_assignment` VALUES (1,1,3,'Homework Upload','1776840324-146108199669e86e842df0f!scaled_70d46e79-94ed-4889-a3b6-66c0f5cabd862284766702589282317.jpg','scaled_70d46e79-94ed-4889-a3b6-66c0f5cabd862284766702589282317.jpg','2026-04-22 06:45:24','2026-04-22 06:45:24'),(2,25,3,'testing','1776939787-13815283969e9f30ba931f!scaled_36.jpg','scaled_36.jpg','2026-04-23 10:23:07','2026-04-23 10:23:07');
/*!40000 ALTER TABLE `submit_assignment` ENABLE KEYS */;
UNLOCK TABLES;

--
-- Table structure for table `template_admitcards`
--

DROP TABLE IF EXISTS `template_admitcards`;
/*!40101 SET @saved_cs_client     = @@character_set_client */;
/*!50503 SET character_set_client = utf8mb4 */;
CREATE TABLE `template_admitcards` (
  `id` int NOT NULL AUTO_INCREMENT,
  `template` varchar(250) DEFAULT NULL,
  `heading` text,
  `title` text,
  `left_logo` text,
  `right_logo` text,
  `exam_name` varchar(200) DEFAULT NULL,
  `school_name` varchar(200) DEFAULT NULL,
  `exam_center` varchar(200) DEFAULT NULL,
  `sign` text,
  `background_img` text,
  `is_name` int NOT NULL DEFAULT '1',
  `is_father_name` int NOT NULL DEFAULT '1',
  `is_mother_name` int NOT NULL DEFAULT '1',
  `is_dob` int NOT NULL DEFAULT '1',
  `is_admission_no` int NOT NULL DEFAULT '1',
  `is_roll_no` int NOT NULL DEFAULT '1',
  `is_address` int NOT NULL DEFAULT '1',
  `is_gender` int NOT NULL DEFAULT '1',
  `is_photo` int NOT NULL,
  `is_class` int NOT NULL DEFAULT '0',
  `is_section` int NOT NULL DEFAULT '0',
  `is_active` int DEFAULT '0',
  `content_footer` text,
  `created_at` timestamp NOT NULL DEFAULT CURRENT_TIMESTAMP,
  `updated_at` timestamp NOT NULL DEFAULT CURRENT_TIMESTAMP ON UPDATE CURRENT_TIMESTAMP,
  PRIMARY KEY (`id`)
) ENGINE=InnoDB AUTO_INCREMENT=4 DEFAULT CHARSET=utf8mb3;
/*!40101 SET character_set_client = @saved_cs_client */;

--
-- Dumping data for table `template_admitcards`
--

LOCK TABLES `template_admitcards` WRITE;
/*!40000 ALTER TABLE `template_admitcards` DISABLE KEYS */;
INSERT INTO `template_admitcards` VALUES (1,'Sample Admit Card','','','','','Test','Mount Carmel School','test dmit card2','','',0,0,0,0,0,0,0,0,0,0,0,0,NULL,'2020-02-28 14:26:15','2026-04-22 09:54:02'),(2,'Mid Term Admit Card','AL NOOR INTERNATIONAL SCHOOL','EXAMINATION ADMIT CARD','1776851634-195669644569e89ab2ee1ba!ChatGPT Image Apr 16, 2026, 01_57_51 PM.png','','Mid Term Exam 2026','Al Noor International School','Main Campus – Riyadh','','',1,1,0,0,1,1,0,0,0,1,1,1,'Bring this admit card daily. No entry without admit card.','2026-04-22 09:53:54','2026-04-22 09:54:33'),(3,'Final Exam Admit Card','AL NOOR INTERNATIONAL SCHOOL','FINAL EXAMINATION ADMIT CARD','1776851785-42781094569e89b4956751!ChatGPT Image Apr 16, 2026, 01_57_51 PM.png','','Final Exam 2026','Al Noor International School','Main Campus – Riyadh','','',1,1,0,0,1,1,0,0,0,1,1,0,'This admit card must be carried to every exam. Entry will not be allowed without it. Follow all examination rules strictly.','2026-04-22 09:56:25','2026-04-22 09:56:25');
/*!40000 ALTER TABLE `template_admitcards` ENABLE KEYS */;
UNLOCK TABLES;

--
-- Table structure for table `template_marksheets`
--

DROP TABLE IF EXISTS `template_marksheets`;
/*!40101 SET @saved_cs_client     = @@character_set_client */;
/*!50503 SET character_set_client = utf8mb4 */;
CREATE TABLE `template_marksheets` (
  `id` int NOT NULL AUTO_INCREMENT,
  `header_image` text,
  `template` varchar(200) DEFAULT NULL,
  `heading` text,
  `title` text,
  `left_logo` text,
  `right_logo` text,
  `exam_name` varchar(200) DEFAULT NULL,
  `school_name` varchar(200) DEFAULT NULL,
  `exam_center` varchar(200) DEFAULT NULL,
  `left_sign` text,
  `middle_sign` text,
  `right_sign` text,
  `exam_session` int DEFAULT '1',
  `is_name` int DEFAULT '1',
  `is_father_name` int DEFAULT '1',
  `is_mother_name` int DEFAULT '1',
  `is_dob` int DEFAULT '1',
  `is_admission_no` int DEFAULT '1',
  `is_roll_no` int DEFAULT '1',
  `is_photo` int DEFAULT '1',
  `is_division` int NOT NULL DEFAULT '1',
  `is_rank` int NOT NULL DEFAULT '0',
  `is_customfield` int NOT NULL,
  `background_img` text,
  `date` varchar(20) DEFAULT NULL,
  `is_class` int NOT NULL DEFAULT '0',
  `is_teacher_remark` int NOT NULL DEFAULT '1',
  `is_section` int NOT NULL DEFAULT '0',
  `content` text,
  `content_footer` text,
  `created_at` timestamp NOT NULL DEFAULT CURRENT_TIMESTAMP,
  `updated_at` timestamp NOT NULL DEFAULT CURRENT_TIMESTAMP ON UPDATE CURRENT_TIMESTAMP,
  PRIMARY KEY (`id`)
) ENGINE=InnoDB AUTO_INCREMENT=4 DEFAULT CHARSET=utf8mb3;
/*!40101 SET character_set_client = @saved_cs_client */;

--
-- Dumping data for table `template_marksheets`
--

LOCK TABLES `template_marksheets` WRITE;
/*!40000 ALTER TABLE `template_marksheets` DISABLE KEYS */;
INSERT INTO `template_marksheets` VALUES (1,NULL,'Sample Marksheet','BOARD OF SECONDARY EDUCATION, MADHYA PRADESH, BHOPAL','BOARD OF SECONDARY EDUCATION, MADHYA PRADESH, BHOPAL','','','HIGHER SECONDARY SCHOOL CERTIFICATE EXAMINATION','Mount Carmel School','GOVT GIRLS H S SCHOOL','','','',1,1,1,1,1,1,1,1,1,0,1,'',NULL,0,1,0,NULL,NULL,'2020-02-28 14:26:06','2020-02-28 14:26:06'),(2,'1776852174-160512460969e89ccee7743!logoT Image Apr 16, 2026, 02_29_145 PM.png','Final Exam Marksheet',NULL,NULL,'1776852174-208896304869e89ccee7e25!ChatGPT Image Apr 16, 2026, 01_57_51 PM.png','','Final Exam 2026','Al Noor International School','Main Campus – Riyadh','','','',1,1,1,0,0,1,1,1,0,1,0,'','10/05/10',1,1,1,'This marksheet certifies that the student has successfully completed the Final Examination for the academic session 2025-26. The marks obtained and grades awarded are shown below.','This is a computer-generated marksheet and does not require a signature. In case of any discrepancy, please contact the school administration.','2026-04-22 10:02:54','2026-04-22 10:02:54'),(3,'','Mid Term Marksheet',NULL,NULL,'1776852337-165660121869e89d71d6743!ChatGPT Image Apr 16, 2026, 01_57_51 PM.png','','Mid Term Exam 2026','Al Noor International School','Main Campus – Riyadh','','','',1,1,1,0,0,1,1,0,0,0,0,'','11/06/2026',1,1,1,'This marksheet shows the performance of the student in the Mid Term Examination for the academic session 2025-26.','This is a system-generated marksheet. For any clarification, contact the school office.','2026-04-22 10:05:37','2026-04-22 10:05:37');
/*!40000 ALTER TABLE `template_marksheets` ENABLE KEYS */;
UNLOCK TABLES;

--
-- Table structure for table `topic`
--

DROP TABLE IF EXISTS `topic`;
/*!40101 SET @saved_cs_client     = @@character_set_client */;
/*!50503 SET character_set_client = utf8mb4 */;
CREATE TABLE `topic` (
  `id` int NOT NULL AUTO_INCREMENT,
  `session_id` int NOT NULL,
  `lesson_id` int NOT NULL,
  `name` varchar(255) NOT NULL,
  `status` int NOT NULL,
  `complete_date` date DEFAULT NULL,
  `created_at` timestamp NOT NULL DEFAULT CURRENT_TIMESTAMP,
  `updated_at` timestamp NOT NULL DEFAULT CURRENT_TIMESTAMP ON UPDATE CURRENT_TIMESTAMP,
  PRIMARY KEY (`id`),
  KEY `session_id` (`session_id`),
  KEY `lesson_id` (`lesson_id`),
  CONSTRAINT `topic_ibfk_1` FOREIGN KEY (`session_id`) REFERENCES `sessions` (`id`) ON DELETE CASCADE,
  CONSTRAINT `topic_ibfk_2` FOREIGN KEY (`lesson_id`) REFERENCES `lesson` (`id`) ON DELETE CASCADE
) ENGINE=InnoDB AUTO_INCREMENT=38 DEFAULT CHARSET=utf8mb3;
/*!40101 SET character_set_client = @saved_cs_client */;

--
-- Dumping data for table `topic`
--

LOCK TABLES `topic` WRITE;
/*!40000 ALTER TABLE `topic` DISABLE KEYS */;
INSERT INTO `topic` VALUES (1,21,7,'Alphabet ',0,NULL,'2026-04-21 11:29:11','2026-04-21 11:29:11'),(2,21,7,'Vowels ',0,NULL,'2026-04-21 11:29:11','2026-04-21 11:29:11'),(3,21,7,'Rhyming Words',0,NULL,'2026-04-21 11:29:11','2026-04-21 11:29:11'),(4,21,8,'My First Story ',0,NULL,'2026-04-21 11:30:40','2026-04-21 11:30:40'),(5,21,8,'Reading Short Sentences',0,NULL,'2026-04-21 11:30:40','2026-04-21 11:30:40'),(6,21,8,'My Favorite Animal',0,NULL,'2026-04-21 11:30:40','2026-04-21 11:30:40'),(7,21,9,'Nouns ',0,NULL,'2026-04-21 11:31:40','2026-04-21 11:31:40'),(8,21,9,' Pronouns',0,NULL,'2026-04-21 11:31:40','2026-04-21 11:31:40'),(9,21,9,'Verbs ',0,NULL,'2026-04-21 11:31:40','2026-04-21 11:31:40'),(10,21,9,'Adjectives Singular ',0,NULL,'2026-04-21 11:31:40','2026-04-21 11:31:40'),(11,21,11,'Numbers 1 to 100 Numbers',0,NULL,'2026-04-21 11:32:36','2026-04-21 11:32:36'),(12,21,11,'Counting Objects',0,NULL,'2026-04-21 11:32:36','2026-04-21 11:32:36'),(13,21,11,'Number Names ',0,NULL,'2026-04-21 11:32:36','2026-04-21 11:32:36'),(14,21,12,'Addition ',0,NULL,'2026-04-21 11:33:10','2026-04-21 11:33:10'),(15,21,12,'Subtraction ',0,NULL,'2026-04-21 11:33:10','2026-04-21 11:33:10'),(16,21,13,'Basic Shapes',0,NULL,'2026-04-21 11:33:49','2026-04-21 11:33:49'),(17,21,13,'2D Shapes ',0,NULL,'2026-04-21 11:33:49','2026-04-21 11:33:49'),(18,21,14,'الحروف الهجائية (Arabic Alphabet) ',0,NULL,'2026-04-21 11:34:45','2026-04-21 11:34:45'),(19,21,14,'أشكال الحروف (Letter Shapes) ',0,NULL,'2026-04-21 11:34:45','2026-04-21 11:34:45'),(20,21,14,'الحروف مع الحركات (Letters with Harakat)',0,NULL,'2026-04-21 11:34:45','2026-04-21 11:34:45'),(21,21,17,'Alphabet ',0,NULL,'2026-04-21 12:13:38','2026-04-21 12:13:38'),(22,21,17,'Vowels ',0,NULL,'2026-04-21 12:13:38','2026-04-21 12:13:38'),(23,21,17,'Rhyming Words',0,NULL,'2026-04-21 12:13:38','2026-04-21 12:13:38'),(24,21,18,'My First Story ',0,NULL,'2026-04-21 12:13:38','2026-04-21 12:13:38'),(25,21,18,'Reading Short Sentences',0,NULL,'2026-04-21 12:13:38','2026-04-21 12:13:38'),(26,21,18,'My Favorite Animal',0,NULL,'2026-04-21 12:13:38','2026-04-21 12:13:38'),(27,21,19,'Nouns ',0,NULL,'2026-04-21 12:13:38','2026-04-21 12:13:38'),(28,21,19,' Pronouns',0,NULL,'2026-04-21 12:13:38','2026-04-21 12:13:38'),(29,21,19,'Verbs ',0,NULL,'2026-04-21 12:13:38','2026-04-21 12:13:38'),(30,21,19,'Adjectives Singular ',0,NULL,'2026-04-21 12:13:38','2026-04-21 12:13:38'),(31,21,20,'Numbers 1 to 100 Numbers',0,NULL,'2026-04-21 12:14:40','2026-04-21 12:14:40'),(32,21,20,'Counting Objects',0,NULL,'2026-04-21 12:14:40','2026-04-21 12:14:40'),(33,21,20,'Number Names ',0,NULL,'2026-04-21 12:14:40','2026-04-21 12:14:40'),(34,21,21,'Addition ',0,NULL,'2026-04-21 12:14:40','2026-04-21 12:14:40'),(35,21,21,'Subtraction ',0,NULL,'2026-04-21 12:14:40','2026-04-21 12:14:40'),(36,21,22,'Basic Shapes',0,NULL,'2026-04-21 12:14:40','2026-04-21 12:14:40'),(37,21,22,'2D Shapes ',0,NULL,'2026-04-21 12:14:40','2026-04-21 12:14:40');
/*!40000 ALTER TABLE `topic` ENABLE KEYS */;
UNLOCK TABLES;

--
-- Table structure for table `transfer_certificate_fields`
--

DROP TABLE IF EXISTS `transfer_certificate_fields`;
/*!40101 SET @saved_cs_client     = @@character_set_client */;
/*!50503 SET character_set_client = utf8mb4 */;
CREATE TABLE `transfer_certificate_fields` (
  `id` int NOT NULL AUTO_INCREMENT,
  `name` text COMMENT 'sch_settings columns',
  `lang_key` text,
  `status` int DEFAULT NULL,
  `position` int NOT NULL,
  `is_default` int NOT NULL DEFAULT '0',
  `is_active` int NOT NULL DEFAULT '1',
  `created_at` timestamp NOT NULL DEFAULT CURRENT_TIMESTAMP,
  `updated_at` timestamp NOT NULL DEFAULT CURRENT_TIMESTAMP,
  PRIMARY KEY (`id`)
) ENGINE=InnoDB AUTO_INCREMENT=42 DEFAULT CHARSET=utf8mb3;
/*!40101 SET character_set_client = @saved_cs_client */;

--
-- Dumping data for table `transfer_certificate_fields`
--

LOCK TABLES `transfer_certificate_fields` WRITE;
/*!40000 ALTER TABLE `transfer_certificate_fields` DISABLE KEYS */;
INSERT INTO `transfer_certificate_fields` VALUES (1,'firstname','first_name',0,3,1,0,'2025-07-07 01:31:21','2025-07-07 01:31:21'),(2,'admission_no','admission_no',1,2,1,1,'2025-07-07 01:31:22','2025-07-07 01:31:22'),(3,'middlename','middle_name',0,2,1,1,'2025-07-07 01:31:23','2025-07-07 01:31:23'),(4,'lastname','last_name',1,3,1,1,'2025-07-07 01:31:23','2025-07-07 01:31:23'),(5,'admission_date','admission_date',1,4,1,1,'2025-07-07 01:31:24','2025-07-07 01:31:24'),(6,'student_photo','student_photo',1,6,1,0,'2025-07-07 01:31:24','2025-07-07 01:31:24'),(7,'student_email','email',1,6,1,1,'2025-07-07 01:31:25','2025-07-07 01:31:25'),(8,'religion','religion',1,9,1,1,'2025-07-07 01:31:25','2025-07-07 01:31:25'),(9,'cast','caste',1,10,1,1,'2025-07-07 01:31:26','2025-07-07 01:31:26'),(10,'dob','date_of_birth',1,5,1,1,'2025-07-07 01:31:26','2025-07-07 01:31:26'),(11,'is_blood_group','blood_group',1,11,1,0,'2025-07-07 01:31:30','2025-07-07 01:31:30'),(12,'if_guardian_is','if_guardian_is',1,12,1,0,'2025-07-07 01:31:30','2025-07-07 01:31:30'),(13,'gender','gender',1,7,1,1,'2025-07-07 01:31:31','2025-07-07 01:31:31'),(14,'current_address','current_address',1,20,1,1,'2025-07-07 01:31:32','2025-07-07 01:31:32'),(15,'permanent_address','permanent_address',1,21,1,1,'2025-07-07 01:31:32','2025-07-07 01:31:32'),(16,'category','category',1,8,1,1,'2025-07-07 01:31:33','2025-07-07 01:31:33'),(17,'bank_account_no','bank_account_number',1,15,1,0,'2025-07-07 01:31:37','2025-07-07 01:31:37'),(18,'bank_name','bank_name',1,16,1,0,'2025-07-07 01:31:38','2025-07-07 01:31:38'),(19,'ifsc_code','ifsc_code',1,14,1,0,'2025-07-07 01:31:38','2025-07-07 01:31:38'),(20,'father_name','father_name',1,14,1,1,'2025-07-07 01:31:39','2025-07-07 01:31:39'),(21,'father_phone','father_phone',1,16,1,1,'2025-07-07 01:31:42','2025-07-07 01:31:42'),(22,'father_occupation','father_occupation',1,15,1,1,'2025-07-07 01:31:42','2025-07-07 01:31:42'),(23,'mother_name','mother_name',1,17,1,1,'2025-07-07 01:31:43','2025-07-07 01:31:43'),(24,'mother_phone','mother_phone',1,19,1,1,'2025-07-07 01:31:44','2025-07-07 01:31:44'),(25,'mother_occupation','mother_occupation',1,18,1,1,'2025-07-07 01:31:44','2025-07-07 01:31:44'),(26,'is_student_house','house',1,11,1,1,'2025-07-07 01:31:45','2025-07-07 01:31:45'),(27,'guardian_name','guardian_name',1,27,1,0,'2025-07-07 01:31:46','2025-07-07 01:31:46'),(28,'guardian_relation','guardian_relation',1,28,1,0,'2025-07-07 01:31:47','2025-07-07 01:31:47'),(29,'guardian_phone','guardian_phone',1,29,1,0,'2025-07-07 01:31:47','2025-07-07 01:31:47'),(30,'guardian_occupation','guardian_occupation',1,30,1,0,'2025-07-07 01:31:48','2025-07-07 01:31:48'),(31,'guardian_address','guardian_address',1,31,1,0,'2025-07-07 01:31:51','2025-07-07 01:31:51'),(32,'guardian_email','guardian_email',1,32,1,0,'2025-07-07 01:31:51','2025-07-07 01:31:51'),(33,'national_identification_no','national_identification_number',1,22,1,1,'2025-07-07 01:31:52','2025-07-07 01:31:52'),(34,'local_identification_no','local_identification_number',1,23,1,1,'2025-07-07 01:31:52','2025-07-07 01:31:52'),(35,'father_pic','father_photo',1,35,1,0,'2025-07-07 01:31:53','2025-07-07 01:31:53'),(36,'mother_pic','mother_photo',1,36,1,0,'2025-07-07 01:31:53','2025-07-07 01:31:53'),(37,'guardian_pic','guardian_photo',1,37,1,0,'2025-07-07 01:31:54','2025-07-07 01:31:54'),(38,'student_height','height',1,12,1,1,'2025-07-07 01:31:55','2025-07-07 01:31:55'),(39,'student_weight','weight',1,13,1,1,'2025-07-07 01:31:56','2025-07-07 01:31:56'),(40,'rte','rte',1,24,1,1,'2025-07-10 21:56:51','2025-07-10 21:56:51'),(41,'tc_no','tc_no',1,1,1,1,'2025-07-12 00:03:32','2025-07-12 00:03:32');
/*!40000 ALTER TABLE `transfer_certificate_fields` ENABLE KEYS */;
UNLOCK TABLES;

--
-- Table structure for table `transfer_certificate_no`
--

DROP TABLE IF EXISTS `transfer_certificate_no`;
/*!40101 SET @saved_cs_client     = @@character_set_client */;
/*!50503 SET character_set_client = utf8mb4 */;
CREATE TABLE `transfer_certificate_no` (
  `id` int NOT NULL AUTO_INCREMENT,
  `student_session_id` int NOT NULL,
  `tc_no` int NOT NULL,
  `is_regenerte` int NOT NULL,
  `create_at` datetime NOT NULL DEFAULT CURRENT_TIMESTAMP,
  PRIMARY KEY (`id`)
) ENGINE=InnoDB DEFAULT CHARSET=utf8mb3;
/*!40101 SET character_set_client = @saved_cs_client */;

--
-- Dumping data for table `transfer_certificate_no`
--

LOCK TABLES `transfer_certificate_no` WRITE;
/*!40000 ALTER TABLE `transfer_certificate_no` DISABLE KEYS */;
/*!40000 ALTER TABLE `transfer_certificate_no` ENABLE KEYS */;
UNLOCK TABLES;

--
-- Table structure for table `transfer_certificate_settings`
--

DROP TABLE IF EXISTS `transfer_certificate_settings`;
/*!40101 SET @saved_cs_client     = @@character_set_client */;
/*!50503 SET character_set_client = utf8mb4 */;
CREATE TABLE `transfer_certificate_settings` (
  `id` int NOT NULL AUTO_INCREMENT,
  `tc_no_start` int NOT NULL,
  `affiliation_no` varchar(255) DEFAULT NULL,
  `header_image` text,
  `footer_content` text,
  `class_teacher_signature` text,
  `checked_by` text,
  `signature_of_principle` text,
  `create_at` datetime NOT NULL DEFAULT CURRENT_TIMESTAMP,
  PRIMARY KEY (`id`)
) ENGINE=InnoDB AUTO_INCREMENT=2 DEFAULT CHARSET=utf8mb3;
/*!40101 SET character_set_client = @saved_cs_client */;

--
-- Dumping data for table `transfer_certificate_settings`
--

LOCK TABLES `transfer_certificate_settings` WRITE;
/*!40000 ALTER TABLE `transfer_certificate_settings` DISABLE KEYS */;
INSERT INTO `transfer_certificate_settings` VALUES (1,1,NULL,'header_image.jpg','<p><b>(Transfer Certificate should be issued under the signature of the Regular Principal/ Incharge Principal / District / State / National/ International level)</b></p>','class_teacher_signature.jpg','checked_by.jpg','signature_of_principle.jpg','2025-08-14 11:40:32');
/*!40000 ALTER TABLE `transfer_certificate_settings` ENABLE KEYS */;
UNLOCK TABLES;

--
-- Table structure for table `transport_feemaster`
--

DROP TABLE IF EXISTS `transport_feemaster`;
/*!40101 SET @saved_cs_client     = @@character_set_client */;
/*!50503 SET character_set_client = utf8mb4 */;
CREATE TABLE `transport_feemaster` (
  `id` int NOT NULL AUTO_INCREMENT,
  `session_id` int NOT NULL,
  `month` varchar(50) DEFAULT NULL,
  `due_date` date DEFAULT NULL,
  `fine_amount` decimal(10,2) DEFAULT '0.00',
  `fine_type` varchar(50) DEFAULT NULL,
  `fine_percentage` decimal(10,2) DEFAULT '0.00',
  `created_at` timestamp NOT NULL DEFAULT CURRENT_TIMESTAMP,
  `updated_at` timestamp NOT NULL DEFAULT CURRENT_TIMESTAMP ON UPDATE CURRENT_TIMESTAMP,
  PRIMARY KEY (`id`),
  KEY `session_id` (`session_id`),
  CONSTRAINT `transport_feemaster_ibfk_1` FOREIGN KEY (`session_id`) REFERENCES `sessions` (`id`) ON DELETE CASCADE
) ENGINE=InnoDB AUTO_INCREMENT=13 DEFAULT CHARSET=utf8mb3;
/*!40101 SET character_set_client = @saved_cs_client */;

--
-- Dumping data for table `transport_feemaster`
--

LOCK TABLES `transport_feemaster` WRITE;
/*!40000 ALTER TABLE `transport_feemaster` DISABLE KEYS */;
INSERT INTO `transport_feemaster` VALUES (1,21,'April','2026-04-22',NULL,'percentage',5.00,'2026-04-22 11:49:29','2026-04-22 11:49:29'),(2,21,'May','2026-05-22',NULL,'percentage',5.00,'2026-04-22 11:49:29','2026-04-22 11:49:29'),(3,21,'June','2026-06-22',NULL,'percentage',5.00,'2026-04-22 11:49:29','2026-04-22 11:49:29'),(4,21,'July','2026-07-22',NULL,'percentage',5.00,'2026-04-22 11:49:29','2026-04-22 11:49:29'),(5,21,'August','2026-08-22',NULL,'percentage',5.00,'2026-04-22 11:49:29','2026-04-22 11:49:29'),(6,21,'September','2026-09-22',NULL,'percentage',5.00,'2026-04-22 11:49:29','2026-04-22 11:49:29'),(7,21,'October','2026-10-22',NULL,'percentage',5.00,'2026-04-22 11:49:29','2026-04-22 11:49:29'),(8,21,'November','2026-11-22',NULL,'percentage',5.00,'2026-04-22 11:49:29','2026-04-22 11:49:29'),(9,21,'December','2026-12-22',NULL,'percentage',5.00,'2026-04-22 11:49:29','2026-04-22 11:49:29'),(10,21,'January','2027-01-22',NULL,'percentage',5.00,'2026-04-22 11:49:29','2026-04-22 11:49:29'),(11,21,'February','2027-02-22',NULL,'percentage',5.00,'2026-04-22 11:49:29','2026-04-22 11:49:29'),(12,21,'March','2027-03-22',NULL,'percentage',5.00,'2026-04-22 11:49:29','2026-04-22 11:49:29');
/*!40000 ALTER TABLE `transport_feemaster` ENABLE KEYS */;
UNLOCK TABLES;

--
-- Table structure for table `transport_route`
--

DROP TABLE IF EXISTS `transport_route`;
/*!40101 SET @saved_cs_client     = @@character_set_client */;
/*!50503 SET character_set_client = utf8mb4 */;
CREATE TABLE `transport_route` (
  `id` int NOT NULL AUTO_INCREMENT,
  `route_title` varchar(100) DEFAULT NULL,
  `no_of_vehicle` int DEFAULT NULL,
  `note` text,
  `is_active` varchar(255) DEFAULT 'no',
  `created_at` timestamp NOT NULL DEFAULT CURRENT_TIMESTAMP,
  `updated_at` timestamp NOT NULL DEFAULT CURRENT_TIMESTAMP ON UPDATE CURRENT_TIMESTAMP,
  PRIMARY KEY (`id`)
) ENGINE=InnoDB AUTO_INCREMENT=4 DEFAULT CHARSET=utf8mb3;
/*!40101 SET character_set_client = @saved_cs_client */;

--
-- Dumping data for table `transport_route`
--

LOCK TABLES `transport_route` WRITE;
/*!40000 ALTER TABLE `transport_route` DISABLE KEYS */;
INSERT INTO `transport_route` VALUES (1,'Route 1 - Olaya',NULL,NULL,'no','2026-04-21 07:21:59','2026-04-21 07:21:59'),(2,'Route 2 - Malaz',NULL,NULL,'no','2026-04-21 07:22:05','2026-04-21 07:22:05'),(3,'Route 3 - Aziziyah',NULL,NULL,'no','2026-04-21 07:22:12','2026-04-21 07:22:12');
/*!40000 ALTER TABLE `transport_route` ENABLE KEYS */;
UNLOCK TABLES;

--
-- Table structure for table `upload_contents`
--

DROP TABLE IF EXISTS `upload_contents`;
/*!40101 SET @saved_cs_client     = @@character_set_client */;
/*!50503 SET character_set_client = utf8mb4 */;
CREATE TABLE `upload_contents` (
  `id` int NOT NULL AUTO_INCREMENT,
  `content_type_id` int NOT NULL,
  `image` text,
  `thumb_path` text,
  `dir_path` text,
  `real_name` text NOT NULL,
  `img_name` text,
  `thumb_name` text,
  `file_type` varchar(100) NOT NULL,
  `mime_type` text NOT NULL,
  `file_size` varchar(100) NOT NULL,
  `vid_url` text NOT NULL,
  `vid_title` varchar(250) NOT NULL,
  `upload_by` int NOT NULL,
  `created_at` timestamp NOT NULL DEFAULT CURRENT_TIMESTAMP,
  `updated_at` timestamp NOT NULL DEFAULT CURRENT_TIMESTAMP ON UPDATE CURRENT_TIMESTAMP,
  PRIMARY KEY (`id`),
  KEY `upload_by` (`upload_by`),
  KEY `upload_contents_ibfk_2` (`content_type_id`),
  KEY `idx_file_type` (`file_type`),
  CONSTRAINT `upload_contents_ibfk_1` FOREIGN KEY (`upload_by`) REFERENCES `staff` (`id`) ON DELETE CASCADE,
  CONSTRAINT `upload_contents_ibfk_2` FOREIGN KEY (`content_type_id`) REFERENCES `content_types` (`id`) ON DELETE CASCADE
) ENGINE=InnoDB AUTO_INCREMENT=7 DEFAULT CHARSET=utf8mb3;
/*!40101 SET character_set_client = @saved_cs_client */;

--
-- Dumping data for table `upload_contents`
--

LOCK TABLES `upload_contents` WRITE;
/*!40000 ALTER TABLE `upload_contents` DISABLE KEYS */;
INSERT INTO `upload_contents` VALUES (1,6,NULL,'uploads/school_content/material/media/thumb/','uploads/school_content/material/media/','Learn the Arabic Alphabet with Subi ','1776780238-7198150269e783ce55298!1776780238.jpg','1776780238-7198150269e783ce55298!thumb_1776780238.jpg','video','','0','https://www.youtube.com/watch?v=WmZl2FhB2gQ','Learn the Arabic Alphabet with Subi ',1,'2026-04-21 17:03:58','2026-04-21 14:03:58'),(2,1,NULL,'uploads/school_content/material/media/thumb/','uploads/school_content/material/media/','Islamic exibition','1776843324-103442157269e87a3c738fa!1776843324.jpg','1776843324-103442157269e87a3c738fa!thumb_1776843324.jpg','video','','0','https://www.youtube.com/watch?v=ap78aKXHSL8','Islamic exibition',1,'2026-04-22 10:35:24','2026-04-22 07:35:24'),(3,5,NULL,'uploads/school_content/material/media/thumb/','uploads/school_content/material/media/','1b. Arabic Reading Class - How to Complete Worksheets','1776843359-202603822169e87a5f5d093!1776843359.jpg','1776843359-202603822169e87a5f5d093!thumb_1776843359.jpg','video','','0','https://www.youtube.com/watch?v=fP78mjPQEkg','1b. Arabic Reading Class - How to Complete Worksheets',1,'2026-04-22 10:35:59','2026-04-22 07:35:59'),(4,4,NULL,'uploads/school_content/material/media/thumb/','uploads/school_content/material/media/','The Best Note-taking System for the Talib Ilm (Student of Knowledge)','1776843393-24085591969e87a817498d!1776843393.jpg','1776843393-24085591969e87a817498d!thumb_1776843393.jpg','video','','0','https://www.youtube.com/watch?v=3zHcamUDV6w','The Best Note-taking System for the Talib Ilm (Student of Knowledge)',1,'2026-04-22 10:36:33','2026-04-22 07:36:33'),(5,6,NULL,'uploads/school_content/material/media/thumb/','uploads/school_content/material/media/','Arabic Conversation for Beginners | 70 Basic Arabic Phrases To Know','1776843424-36036303969e87aa012048!1776843424.jpg','1776843424-36036303969e87aa012048!thumb_1776843424.jpg','video','','0','https://www.youtube.com/watch?v=X1mC1XY65Kc','Arabic Conversation for Beginners | 70 Basic Arabic Phrases To Know',1,'2026-04-22 10:37:04','2026-04-22 07:37:04'),(6,1,NULL,'uploads/school_content/material/media/thumb/','uploads/school_content/material/media/','Learn the Arabic Alphabet with Subi ','1776843460-168712575669e87ac48075b!1776843460.jpg','1776843460-168712575669e87ac48075b!thumb_1776843460.jpg','video','','0','https://www.youtube.com/watch?v=WmZl2FhB2gQ','Learn the Arabic Alphabet with Subi ',1,'2026-04-22 10:37:40','2026-04-22 07:37:40');
/*!40000 ALTER TABLE `upload_contents` ENABLE KEYS */;
UNLOCK TABLES;

--
-- Table structure for table `userlog`
--

DROP TABLE IF EXISTS `userlog`;
/*!40101 SET @saved_cs_client     = @@character_set_client */;
/*!50503 SET character_set_client = utf8mb4 */;
CREATE TABLE `userlog` (
  `id` int NOT NULL AUTO_INCREMENT,
  `user` varchar(100) DEFAULT NULL,
  `role` varchar(100) DEFAULT NULL,
  `class_section_id` int DEFAULT NULL,
  `ipaddress` varchar(100) DEFAULT NULL,
  `user_agent` varchar(500) DEFAULT NULL,
  `login_datetime` timestamp NOT NULL DEFAULT CURRENT_TIMESTAMP ON UPDATE CURRENT_TIMESTAMP,
  PRIMARY KEY (`id`),
  KEY `class_section_id` (`class_section_id`),
  CONSTRAINT `userlog_ibfk_1` FOREIGN KEY (`class_section_id`) REFERENCES `class_sections` (`id`) ON DELETE CASCADE
) ENGINE=InnoDB AUTO_INCREMENT=88 DEFAULT CHARSET=utf8mb3;
/*!40101 SET character_set_client = @saved_cs_client */;

--
-- Dumping data for table `userlog`
--

LOCK TABLES `userlog` WRITE;
/*!40000 ALTER TABLE `userlog` DISABLE KEYS */;
INSERT INTO `userlog` VALUES (1,'ahmedbakhtiar41@gmail.com','Super Admin',NULL,'127.0.0.1','Chrome 146.0.0.0, Windows 10','2026-04-13 06:47:24'),(2,'ahmedbakhtiar41@gmail.com','Super Admin',NULL,'127.0.0.1','Chrome 146.0.0.0, Windows 10','2026-04-13 07:10:07'),(3,'ahmedbakhtiar41@gmail.com','Super Admin',NULL,'127.0.0.1','Chrome 146.0.0.0, Windows 10','2026-04-13 07:13:01'),(4,'ahmedbakhtiar41@gmail.com','Super Admin',NULL,'127.0.0.1','Chrome 146.0.0.0, Windows 10','2026-04-15 00:48:10'),(5,'ahmedbakhtiar41@gmail.com','Super Admin',NULL,'43.246.221.204','Chrome 147.0.0.0, Windows 10','2026-04-16 07:17:32'),(6,'ahmedbakhtiar41@gmail.com','Super Admin',NULL,'111.92.133.185','Chrome 147.0.0.0, Windows 10','2026-04-16 07:24:33'),(7,'ahmedbakhtiar41@gmail.com','Super Admin',NULL,'202.47.32.103','Chrome 147.0.0.0, Windows 10','2026-04-16 07:25:36'),(8,'ahmedbakhtiar41@gmail.com','Super Admin',NULL,'111.92.133.185','Chrome 147.0.0.0, Windows 10','2026-04-16 10:40:32'),(9,'ahmedbakhtiar41@gmail.com','Super Admin',NULL,'137.59.220.223','Chrome 146.0.0.0, Mac OS X','2026-04-16 10:53:02'),(10,'ahmedbakhtiar41@gmail.com','Super Admin',NULL,'111.92.133.185','Chrome 147.0.0.0, Windows 10','2026-04-16 12:55:11'),(11,'ahmedbakhtiar41@gmail.com','Super Admin',NULL,'43.246.221.204','Chrome 147.0.0.0, Windows 10','2026-04-16 22:42:27'),(12,'ahmedbakhtiar41@gmail.com','Super Admin',NULL,'137.59.220.56','Chrome 146.0.0.0, Mac OS X','2026-04-17 08:47:38'),(13,'ahmedbakhtiar41@gmail.com','Super Admin',NULL,'202.47.32.103','Chrome 147.0.0.0, Windows 10','2026-04-17 09:01:22'),(14,'ahmedbakhtiar41@gmail.com','Super Admin',NULL,'202.47.32.103','Chrome 146.0.0.0, Windows 10','2026-04-17 09:51:33'),(15,'ahmedbakhtiar41@gmail.com','Super Admin',NULL,'43.246.221.204','Chrome 147.0.0.0, Windows 10','2026-04-17 09:56:15'),(16,'ahmedbakhtiar41@gmail.com','Super Admin',NULL,'43.246.221.204','Chrome 147.0.0.0, Windows 10','2026-04-17 15:56:45'),(17,'ahmedbakhtiar41@gmail.com','Super Admin',NULL,'202.47.32.103','Chrome 147.0.0.0, Windows 10','2026-04-17 16:07:30'),(18,'ahmedbakhtiar41@gmail.com','Super Admin',NULL,'202.47.32.103','Chrome 147.0.0.0, Mac OS X','2026-04-17 16:11:27'),(19,'ahmedbakhtiar41@gmail.com','Super Admin',NULL,'202.47.32.103','Chrome 147.0.0.0, Windows 10','2026-04-20 10:21:39'),(20,'ahmedbakhtiar41@gmail.com','Super Admin',NULL,'202.47.32.103','Chrome 147.0.0.0, Windows 10','2026-04-20 12:13:40'),(21,'ahmedbakhtiar41@gmail.com','Super Admin',NULL,'202.47.32.103','Chrome 147.0.0.0, Windows 10','2026-04-20 12:37:50'),(22,'ahmedbakhtiar41@gmail.com','Super Admin',NULL,'137.59.220.223','Chrome 147.0.0.0, Mac OS X','2026-04-20 15:51:58'),(23,'std1','student',1,'202.47.32.103','Chrome 147.0.0.0, Windows 10','2026-04-21 09:08:29'),(24,'ahmedbakhtiar41@gmail.com','Super Admin',NULL,'111.92.131.190','Chrome 147.0.0.0, Windows 10','2026-04-21 09:18:36'),(25,'std1','student',1,'202.47.32.103','Chrome 147.0.0.0, Windows 10','2026-04-21 09:19:05'),(26,'std3','student',1,'111.92.130.44','Chrome 147.0.0.0, Windows 10','2026-04-21 11:35:18'),(27,'ahmedbakhtiar41@gmail.com','Super Admin',NULL,'111.92.130.44','Chrome 147.0.0.0, Windows 10','2026-04-21 11:38:05'),(28,'std4','student',1,'111.92.130.44','Chrome 147.0.0.0, Windows 10','2026-04-21 11:40:07'),(29,'parent4','parent',NULL,'202.47.32.103','Chrome 147.0.0.0, Windows 10','2026-04-21 11:45:01'),(30,'ahmedbakhtiar41@gmail.com','Super Admin',NULL,'202.47.32.103','Chrome 147.0.0.0, Windows 10','2026-04-21 11:53:04'),(31,'std3','student',1,'202.47.32.103','Chrome 147.0.0.0, Windows 10','2026-04-21 11:54:19'),(32,'ahmedbakhtiar41@gmail.com','Super Admin',NULL,'202.47.32.103','Chrome 147.0.0.0, Windows 10','2026-04-21 11:55:15'),(33,'std3','student',1,'111.92.130.44','Chrome 147.0.0.0, Android','2026-04-21 12:05:37'),(34,'std3','student',1,'111.92.130.44','Chrome 147.0.0.0, Windows 10','2026-04-21 12:06:46'),(35,'ahmedbakhtiar41@gmail.com','Super Admin',NULL,'202.47.32.103','Chrome 147.0.0.0, Windows 10','2026-04-21 12:15:39'),(36,'std3','student',1,'202.47.32.103','Chrome 147.0.0.0, Windows 10','2026-04-21 12:17:49'),(37,'std3','student',1,'202.47.32.103','Chrome 147.0.0.0, Windows 10','2026-04-21 12:18:57'),(38,'ahmed.al@alnoor.edu.sa','Teacher',NULL,'111.92.131.190','Chrome 147.0.0.0, Windows 10','2026-04-21 12:33:40'),(39,'ahmedbakhtiar41@gmail.com','Super Admin',NULL,'111.92.131.190','Chrome 147.0.0.0, Windows 10','2026-04-21 12:34:36'),(40,'ahmed.al@alnoor.edu.sa','Teacher',NULL,'202.47.32.103','Chrome 147.0.0.0, Windows 10','2026-04-21 12:38:31'),(41,'std3','student',1,'202.47.32.103','Chrome 147.0.0.0, Windows 10','2026-04-21 12:43:59'),(42,'ahmedbakhtiar41@gmail.com','Super Admin',NULL,'202.47.32.103','Chrome 147.0.0.0, Windows 10','2026-04-21 12:45:07'),(43,'ahmed.al@alnoor.edu.sa','Teacher',NULL,'202.47.32.103','Chrome 147.0.0.0, Windows 10','2026-04-21 12:51:51'),(44,'ahmedbakhtiar41@gmail.com','Super Admin',NULL,'202.47.32.103','Chrome 147.0.0.0, Windows 10','2026-04-21 12:53:42'),(45,'ahmed.al@alnoor.edu.sa','Teacher',NULL,'202.47.32.103','Chrome 147.0.0.0, Windows 10','2026-04-21 12:55:09'),(46,'std3','student',1,'202.47.32.103','Chrome 147.0.0.0, Windows 10','2026-04-21 12:57:03'),(47,'parent3','parent',NULL,'111.92.130.44','Chrome 147.0.0.0, Windows 10','2026-04-21 13:22:21'),(48,'std3','student',1,'111.92.130.44','Chrome 147.0.0.0, Windows 10','2026-04-21 13:24:01'),(49,'std3','student',1,'202.47.32.103','Chrome 147.0.0.0, Windows 10','2026-04-21 13:34:01'),(50,'ahmedbakhtiar41@gmail.com','Super Admin',NULL,'202.47.32.103','Chrome 147.0.0.0, Windows 10','2026-04-21 13:36:27'),(51,'ahmedbakhtiar41@gmail.com','Super Admin',NULL,'202.47.32.103','Chrome 147.0.0.0, Windows 10','2026-04-21 13:47:47'),(52,'ahmedbakhtiar41@gmail.com','Super Admin',NULL,'43.246.222.128','Chrome 147.0.0.0, Windows 10','2026-04-21 14:02:48'),(53,'std3','student',1,'111.92.130.44','Chrome 147.0.0.0, Windows 10','2026-04-21 15:15:02'),(54,'ahmedbakhtiar41@gmail.com','Super Admin',NULL,'202.47.32.103','Chrome 147.0.0.0, Windows 10','2026-04-21 15:20:06'),(55,'std3','student',1,'111.92.130.44','Chrome 147.0.0.0, Windows 10','2026-04-21 15:43:03'),(56,'ahmedbakhtiar41@gmail.com','Super Admin',NULL,'111.92.130.44','Chrome 147.0.0.0, Windows 10','2026-04-21 15:46:57'),(57,'sara@gmail.com','Teacher',NULL,'111.92.130.44','Chrome 147.0.0.0, Windows 10','2026-04-21 15:52:09'),(58,'ahmedbakhtiar41@gmail.com','Super Admin',NULL,'111.92.130.44','Chrome 147.0.0.0, Windows 10','2026-04-21 16:16:23'),(59,'ahmedbakhtiar41@gmail.com','Super Admin',NULL,'202.47.32.103','Chrome 147.0.0.0, Windows 10','2026-04-21 16:50:34'),(60,'ahmedbakhtiar41@gmail.com','Super Admin',NULL,'202.47.32.103','Chrome 147.0.0.0, Mac OS X','2026-04-21 16:52:49'),(61,'ahmedbakhtiar41@gmail.com','Super Admin',NULL,'202.47.32.103','Chrome 147.0.0.0, Windows 10','2026-04-21 17:00:56'),(62,'ahmedbakhtiar41@gmail.com','Super Admin',NULL,'202.47.32.103','Chrome 147.0.0.0, Windows 10','2026-04-21 17:02:28'),(63,'ahmedbakhtiar41@gmail.com','Super Admin',NULL,'43.246.221.171','Chrome 147.0.0.0, Windows 10','2026-04-21 20:59:31'),(64,'ahmedbakhtiar41@gmail.com','Super Admin',NULL,'202.47.32.103','Chrome 147.0.0.0, Windows 10','2026-04-22 08:31:55'),(65,'ahmedbakhtiar41@gmail.com','Super Admin',NULL,'202.47.32.103','Chrome 147.0.0.0, Windows 10','2026-04-22 09:30:34'),(66,'ahmedbakhtiar41@gmail.com','Super Admin',NULL,'202.47.32.103','Chrome 147.0.0.0, Windows 10','2026-04-22 09:46:19'),(67,'ahmedbakhtiar41@gmail.com','Super Admin',NULL,'202.47.32.103','Chrome 147.0.0.0, Windows 10','2026-04-22 09:49:08'),(68,'ahmedbakhtiar41@gmail.com','Super Admin',NULL,'43.246.221.171','Chrome 147.0.0.0, Windows 10','2026-04-22 10:40:17'),(69,'std3','student',1,'202.47.32.103','Chrome 147.0.0.0, Windows 10','2026-04-22 10:48:16'),(70,'std3','student',1,'202.47.32.103','Chrome 147.0.0.0, Windows 10','2026-04-22 10:58:07'),(71,'ahmedbakhtiar41@gmail.com','Super Admin',NULL,'202.47.32.103','Chrome 147.0.0.0, Windows 10','2026-04-22 10:58:53'),(72,'sara@gmail.com','Teacher',NULL,'202.47.32.103','Chrome 147.0.0.0, Windows 10','2026-04-22 10:59:47'),(73,'ahmedbakhtiar41@gmail.com','Super Admin',NULL,'202.47.32.103','Chrome 147.0.0.0, Windows 10','2026-04-22 11:00:20'),(74,'ahmedbakhtiar41@gmail.com','Super Admin',NULL,'202.47.32.103','Chrome 147.0.0.0, Windows 10','2026-04-22 13:08:06'),(75,'ahmedbakhtiar41@gmail.com','Super Admin',NULL,'202.47.32.103','Chrome 147.0.0.0, Windows 10','2026-04-22 14:59:31'),(76,'std3','student',1,'202.47.32.103','Chrome 147.0.0.0, Windows 10','2026-04-22 16:07:55'),(77,'ahmedbakhtiar41@gmail.com','Super Admin',NULL,'202.47.32.103','Chrome 147.0.0.0, Windows 10','2026-04-22 16:23:37'),(78,'ahmedbakhtiar41@gmail.com','Super Admin',NULL,'43.246.222.154','Chrome 147.0.0.0, Windows 10','2026-04-22 16:33:23'),(79,'ahmedbakhtiar41@gmail.com','Super Admin',NULL,'202.47.32.103','Chrome 147.0.0.0, Windows 10','2026-04-22 16:39:58'),(80,'std3','student',1,'202.47.32.103','Chrome 147.0.0.0, Windows 10','2026-04-22 17:12:35'),(81,'ahmedbakhtiar41@gmail.com','Super Admin',NULL,'202.47.32.103','Chrome 147.0.0.0, Windows 10','2026-04-22 17:19:36'),(82,'ahmedbakhtiar41@gmail.com','Super Admin',NULL,'43.246.222.121','Chrome 147.0.0.0, Windows 10','2026-04-23 00:45:22'),(83,'ahmedbakhtiar41@gmail.com','Super Admin',NULL,'202.47.32.103','Chrome 147.0.0.0, Windows 10','2026-04-23 08:34:11'),(84,'ahmedbakhtiar41@gmail.com','Super Admin',NULL,'111.92.132.200','Chrome 147.0.0.0, Windows 10','2026-04-23 09:14:44'),(85,'ahmedbakhtiar41@gmail.com','Super Admin',NULL,'202.47.32.103','Chrome 147.0.0.0, Windows 10','2026-04-23 10:34:40'),(86,'ahmedbakhtiar41@gmail.com','Super Admin',NULL,'137.59.220.223','Chrome 147.0.0.0, Mac OS X','2026-04-23 11:38:06'),(87,'std3','student',1,'111.92.132.200','Chrome 147.0.0.0, Windows 10','2026-04-23 13:49:27');
/*!40000 ALTER TABLE `userlog` ENABLE KEYS */;
UNLOCK TABLES;

--
-- Table structure for table `users`
--

DROP TABLE IF EXISTS `users`;
/*!40101 SET @saved_cs_client     = @@character_set_client */;
/*!50503 SET character_set_client = utf8mb4 */;
CREATE TABLE `users` (
  `id` int NOT NULL AUTO_INCREMENT,
  `user_id` int NOT NULL,
  `username` varchar(50) DEFAULT NULL,
  `password` varchar(50) DEFAULT NULL,
  `childs` text NOT NULL,
  `role` varchar(30) NOT NULL,
  `lang_id` int NOT NULL,
  `currency_id` int DEFAULT '0',
  `verification_code` varchar(200) NOT NULL,
  `login_token` varchar(255) NOT NULL,
  `is_active` varchar(255) DEFAULT 'yes',
  `created_at` timestamp NOT NULL DEFAULT CURRENT_TIMESTAMP,
  `updated_at` timestamp NOT NULL DEFAULT CURRENT_TIMESTAMP ON UPDATE CURRENT_TIMESTAMP,
  PRIMARY KEY (`id`)
) ENGINE=InnoDB AUTO_INCREMENT=19 DEFAULT CHARSET=utf8mb3;
/*!40101 SET character_set_client = @saved_cs_client */;

--
-- Dumping data for table `users`
--

LOCK TABLES `users` WRITE;
/*!40000 ALTER TABLE `users` DISABLE KEYS */;
INSERT INTO `users` VALUES (1,1,'std1','q85ij0','','student',4,124,'','','yes','2026-04-20 10:22:11','2026-04-21 09:18:21'),(2,0,'parent1','a35rbm','1','parent',0,0,'','','yes','2026-04-20 10:22:11','2026-04-20 10:22:11'),(3,2,'std2','6vhois','','student',0,0,'','','yes','2026-04-21 07:12:13','2026-04-21 07:12:13'),(4,2,'parent2','e7e57m','2','parent',0,0,'','','yes','2026-04-21 07:12:13','2026-04-21 07:12:13'),(5,3,'std3','4atpip','','student',4,124,'','9a60b021322d917474976a41f3c9f7517b96e35ba350e5231ca2b47a34cf8006','yes','2026-04-21 07:43:04','2026-04-23 10:49:27'),(6,0,'parent3','h0wsbu','3','parent',0,0,'','a9cc7f87d4765cf8cbb27f95f1e6b8bcba230d0a3ba63005b6eb84f26b9ff118','yes','2026-04-21 07:43:04','2026-04-21 10:22:21'),(7,4,'std4','ll0027','','student',4,0,'','da74c3178de9399c8274f8534d68a89cf3eded60c086120bb2ff046c8332ddbf','yes','2026-04-21 07:50:20','2026-04-21 08:40:07'),(8,0,'parent4','p8oc96','4','parent',0,0,'','ffaa457ef74bf5aae653071d304ab385b35e86959f98ca2f32c1d6f11c10d73c','yes','2026-04-21 07:50:20','2026-04-21 08:45:01'),(9,5,'std5','ufe7lw','','student',4,0,'','','yes','2026-04-21 07:53:00','2026-04-21 07:53:00'),(10,0,'parent5','2d46r1','5','parent',0,0,'','','yes','2026-04-21 07:53:00','2026-04-21 07:53:00'),(11,6,'std6','d4zfo5','','student',4,0,'','','yes','2026-04-21 07:55:59','2026-04-21 07:55:59'),(12,0,'parent6','l0i1at','6','parent',0,0,'','','yes','2026-04-21 07:55:59','2026-04-21 07:55:59'),(17,9,'std9','401v7b','','student',4,0,'','','yes','2026-04-21 08:21:24','2026-04-21 08:21:24'),(18,0,'parent9','c6lq47','9','parent',0,0,'','','yes','2026-04-21 08:21:24','2026-04-21 08:21:24');
/*!40000 ALTER TABLE `users` ENABLE KEYS */;
UNLOCK TABLES;

--
-- Table structure for table `users_authentication`
--

DROP TABLE IF EXISTS `users_authentication`;
/*!40101 SET @saved_cs_client     = @@character_set_client */;
/*!50503 SET character_set_client = utf8mb4 */;
CREATE TABLE `users_authentication` (
  `id` int NOT NULL AUTO_INCREMENT,
  `users_id` int NOT NULL,
  `token` varchar(255) NOT NULL,
  `staff_id` int DEFAULT NULL,
  `expired_at` timestamp NOT NULL DEFAULT CURRENT_TIMESTAMP,
  `created_at` timestamp NOT NULL DEFAULT CURRENT_TIMESTAMP,
  `updated_at` timestamp NOT NULL DEFAULT CURRENT_TIMESTAMP ON UPDATE CURRENT_TIMESTAMP,
  PRIMARY KEY (`id`)
) ENGINE=InnoDB AUTO_INCREMENT=22 DEFAULT CHARSET=utf8mb3;
/*!40101 SET character_set_client = @saved_cs_client */;

--
-- Dumping data for table `users_authentication`
--

LOCK TABLES `users_authentication` WRITE;
/*!40000 ALTER TABLE `users_authentication` DISABLE KEYS */;
INSERT INTO `users_authentication` VALUES (1,1,'MwNwNQNwOA',NULL,'2027-04-20 10:23:24','2026-04-20 10:23:24','2026-04-20 10:23:24'),(2,1,'NQOAMQNAMQ',NULL,'2027-04-20 11:19:36','2026-04-20 11:19:36','2026-04-20 11:19:36'),(3,1,'OAOQNANANA',NULL,'2027-04-20 11:19:52','2026-04-20 11:19:52','2026-04-20 11:19:52'),(4,1,'MQOAMTAMQMQ',NULL,'2027-04-20 11:20:30','2026-04-20 11:20:30','2026-04-20 11:20:30'),(5,1,'MTANANwNAMTA',NULL,'2027-04-20 11:22:53','2026-04-20 11:22:53','2026-04-20 11:22:53'),(6,1,'NgOANwNANA',NULL,'2027-04-20 20:42:48','2026-04-20 20:42:48','2026-04-20 20:42:48'),(7,1,'MwNwOQOAOQ',NULL,'2027-04-21 06:38:43','2026-04-21 06:38:43','2026-04-21 06:38:43'),(8,5,'OAMgNAMwNw',NULL,'2027-04-22 06:22:58','2026-04-22 06:22:58','2026-04-22 06:22:58'),(9,5,'MTANAMTAOA',NULL,'2027-04-22 07:59:55','2026-04-22 07:59:55','2026-04-22 07:59:55'),(10,5,'MwMTAMQNgNg',NULL,'2027-04-23 07:49:18','2026-04-23 07:49:18','2026-04-23 07:49:18'),(11,5,'MwOQMTANANA',NULL,'2027-04-23 07:54:23','2026-04-23 07:54:23','2026-04-23 07:54:23'),(12,5,'NwMTAMQNQOQ',NULL,'2027-04-23 08:02:35','2026-04-23 08:02:35','2026-04-23 08:02:35'),(13,5,'NwNwOAMQMw',NULL,'2027-04-23 08:09:19','2026-04-23 08:09:19','2026-04-23 08:09:19'),(14,5,'MgMwNAMwMg',NULL,'2027-04-23 08:11:48','2026-04-23 08:11:48','2026-04-23 08:11:48'),(15,5,'NANQOANANQ',NULL,'2027-04-23 08:40:55','2026-04-23 08:40:55','2026-04-23 08:40:55'),(16,5,'NAOQMgMwOQ',NULL,'2027-04-23 08:43:17','2026-04-23 08:43:17','2026-04-23 08:43:17'),(17,5,'OAOQNwMTANA',NULL,'2027-04-23 08:44:31','2026-04-23 08:44:31','2026-04-23 08:44:31'),(18,5,'NQOANANANQ',NULL,'2027-04-23 08:45:55','2026-04-23 08:45:55','2026-04-23 08:45:55'),(19,5,'OQMTANQOANA',NULL,'2027-04-23 10:17:19','2026-04-23 10:17:19','2026-04-23 10:17:19'),(20,5,'MTAOAMgNwNw',NULL,'2027-04-23 10:18:04','2026-04-23 10:18:04','2026-04-23 10:18:04'),(21,5,'MwOANgNgMg',NULL,'2027-04-23 10:21:56','2026-04-23 10:21:56','2026-04-23 10:21:56');
/*!40000 ALTER TABLE `users_authentication` ENABLE KEYS */;
UNLOCK TABLES;

--
-- Table structure for table `vehicle_routes`
--

DROP TABLE IF EXISTS `vehicle_routes`;
/*!40101 SET @saved_cs_client     = @@character_set_client */;
/*!50503 SET character_set_client = utf8mb4 */;
CREATE TABLE `vehicle_routes` (
  `id` int NOT NULL AUTO_INCREMENT,
  `route_id` int DEFAULT NULL,
  `vehicle_id` int DEFAULT NULL,
  `created_at` timestamp NOT NULL DEFAULT CURRENT_TIMESTAMP,
  `updated_at` timestamp NOT NULL DEFAULT CURRENT_TIMESTAMP ON UPDATE CURRENT_TIMESTAMP,
  PRIMARY KEY (`id`),
  KEY `route_id` (`route_id`),
  KEY `vehicle_id` (`vehicle_id`),
  CONSTRAINT `vehicle_routes_ibfk_1` FOREIGN KEY (`route_id`) REFERENCES `transport_route` (`id`) ON DELETE CASCADE,
  CONSTRAINT `vehicle_routes_ibfk_2` FOREIGN KEY (`vehicle_id`) REFERENCES `vehicles` (`id`) ON DELETE CASCADE
) ENGINE=InnoDB AUTO_INCREMENT=4 DEFAULT CHARSET=utf8mb3;
/*!40101 SET character_set_client = @saved_cs_client */;

--
-- Dumping data for table `vehicle_routes`
--

LOCK TABLES `vehicle_routes` WRITE;
/*!40000 ALTER TABLE `vehicle_routes` DISABLE KEYS */;
INSERT INTO `vehicle_routes` VALUES (1,1,3,'2026-04-22 11:37:05','2026-04-22 11:37:05'),(2,2,2,'2026-04-22 11:37:12','2026-04-22 11:37:12'),(3,3,1,'2026-04-22 11:37:17','2026-04-22 11:37:17');
/*!40000 ALTER TABLE `vehicle_routes` ENABLE KEYS */;
UNLOCK TABLES;

--
-- Table structure for table `vehicles`
--

DROP TABLE IF EXISTS `vehicles`;
/*!40101 SET @saved_cs_client     = @@character_set_client */;
/*!50503 SET character_set_client = utf8mb4 */;
CREATE TABLE `vehicles` (
  `id` int NOT NULL AUTO_INCREMENT,
  `vehicle_no` varchar(20) DEFAULT NULL,
  `vehicle_model` varchar(100) NOT NULL DEFAULT 'None',
  `vehicle_photo` text,
  `manufacture_year` varchar(4) DEFAULT NULL,
  `registration_number` varchar(50) NOT NULL,
  `chasis_number` varchar(100) NOT NULL,
  `max_seating_capacity` varchar(255) NOT NULL,
  `driver_name` varchar(50) DEFAULT NULL,
  `driver_licence` varchar(50) NOT NULL DEFAULT 'None',
  `driver_contact` varchar(20) DEFAULT NULL,
  `note` text,
  `created_at` timestamp NOT NULL DEFAULT CURRENT_TIMESTAMP,
  `updated_at` timestamp NOT NULL DEFAULT CURRENT_TIMESTAMP ON UPDATE CURRENT_TIMESTAMP,
  PRIMARY KEY (`id`),
  KEY `idx_vehicle_no` (`vehicle_no`)
) ENGINE=InnoDB AUTO_INCREMENT=4 DEFAULT CHARSET=utf8mb3;
/*!40101 SET character_set_client = @saved_cs_client */;

--
-- Dumping data for table `vehicles`
--

LOCK TABLES `vehicles` WRITE;
/*!40000 ALTER TABLE `vehicles` DISABLE KEYS */;
INSERT INTO `vehicles` VALUES (1,'BUS-101','Toyota Hiace',NULL,'2022','KSA-TR-4587','JH4KA8260MC000123','15','Mohammed Ali','DL-KSA-123456','+966501234567','Morning shift school transport','2026-04-22 11:34:54','2026-04-22 11:34:54'),(2,'BUS-102','Nissan Urvan',NULL,'2021','KSA-TR-7621','JN8AF5MV8DT000456','14','Khalid Ahmed','DL-KSA-789012','+966559876543','Malaz route','2026-04-22 11:35:48','2026-04-22 11:35:48'),(3,'BUS-103','Hyundai H1',NULL,'2023','KSA-TR-9988','KMJWA37H1PU000789','12','Abdul Rahman','DL-KSA-456789','+966543218765','Reserved for backup and short routes','2026-04-22 11:36:33','2026-04-22 11:36:33');
/*!40000 ALTER TABLE `vehicles` ENABLE KEYS */;
UNLOCK TABLES;

--
-- Table structure for table `video_tutorial`
--

DROP TABLE IF EXISTS `video_tutorial`;
/*!40101 SET @saved_cs_client     = @@character_set_client */;
/*!50503 SET character_set_client = utf8mb4 */;
CREATE TABLE `video_tutorial` (
  `id` int NOT NULL AUTO_INCREMENT,
  `title` varchar(100) NOT NULL,
  `vid_title` text,
  `description` text NOT NULL,
  `thumb_path` varchar(500) DEFAULT NULL,
  `dir_path` varchar(500) DEFAULT NULL,
  `img_name` text NOT NULL,
  `thumb_name` text NOT NULL,
  `video_link` varchar(100) NOT NULL,
  `created_by` int NOT NULL,
  `created_at` timestamp NOT NULL DEFAULT CURRENT_TIMESTAMP,
  `updated_at` timestamp NOT NULL DEFAULT CURRENT_TIMESTAMP ON UPDATE CURRENT_TIMESTAMP,
  PRIMARY KEY (`id`),
  KEY `created_by` (`created_by`),
  KEY `idx_title` (`title`),
  CONSTRAINT `video_tutorial_ibfk_1` FOREIGN KEY (`created_by`) REFERENCES `staff` (`id`) ON DELETE CASCADE
) ENGINE=InnoDB AUTO_INCREMENT=7 DEFAULT CHARSET=utf8mb3;
/*!40101 SET character_set_client = @saved_cs_client */;

--
-- Dumping data for table `video_tutorial`
--

LOCK TABLES `video_tutorial` WRITE;
/*!40000 ALTER TABLE `video_tutorial` DISABLE KEYS */;
INSERT INTO `video_tutorial` VALUES (1,'learn arabic','Learn the Arabic Alphabet with Subi ','lesson for how to learn arabic','./uploads/video_tutorial/youtube_video/thumb/','./uploads/video_tutorial/youtube_video/','1776843474-163791828569e87ad2f3198!1776843474.jpg','1776843474-163791828569e87ad2f3198!thumb_1776843474.jpg','https://www.youtube.com/watch?v=WmZl2FhB2gQ',1,'2026-04-22 10:37:55','2026-04-22 07:37:55'),(2,'The first 20 hours -- how to learn anything','The first 20 hours -- how to learn anything | Josh Kaufman | TEDxCSU','Basic learning concepts for kids','uploads/video_tutorial/youtube_video/thumb/','uploads/video_tutorial/youtube_video/','1776840076-181061589469e86d8cf3bca!1776840076.jpg','1776840076-181061589469e86d8cf3bca!thumb_1776840076.jpg','https://www.youtube.com/watch?v=5MgBikgcWnY',1,'2026-04-22 09:41:17','2026-04-22 06:41:17'),(3,'Arabic Conversation for Beginners | 70 Basic Arabic Phrases To Know','Arabic Conversation for Beginners | 70 Basic Arabic Phrases To Know','This Video Is For Beginners Those who want to  Learn Arabic Conversation for Beginners | 70 Basic Arabic Phrases To Know','./uploads/video_tutorial/youtube_video/thumb/','./uploads/video_tutorial/youtube_video/','1776843433-21897671769e87aa974bfe!1776843433.jpg','1776843433-21897671769e87aa974bfe!thumb_1776843433.jpg','https://www.youtube.com/watch?v=X1mC1XY65Kc',1,'2026-04-22 10:37:13','2026-04-22 07:37:13'),(4,'The Best Note-taking System for the Talib Ilm (Student of Knowledge)','The Best Note-taking System for the Talib Ilm (Student of Knowledge)','The Best Note-taking System for the Talib Ilm (Student of Knowledge)','uploads/video_tutorial/youtube_video/thumb/','uploads/video_tutorial/youtube_video/','1776840613-197009408669e86fa5439be!1776840613.jpg','1776840613-197009408669e86fa5439be!thumb_1776840613.jpg','https://www.youtube.com/watch?v=3zHcamUDV6w',1,'2026-04-22 09:50:13','2026-04-22 06:50:13'),(5,'Arabic Reading Class - How to Complete Worksheets','1b. Arabic Reading Class - How to Complete Worksheets','Arabic Reading Class - How to Complete Worksheets','./uploads/video_tutorial/youtube_video/thumb/','./uploads/video_tutorial/youtube_video/','1776843370-36502097869e87a6ad1cb2!1776843370.jpg','1776843370-36502097869e87a6ad1cb2!thumb_1776843370.jpg','https://www.youtube.com/watch?v=fP78mjPQEkg',1,'2026-04-22 10:36:10','2026-04-22 07:36:10'),(6,'Simple school project ideas','Islamic exibition','Simple school project ideas','uploads/video_tutorial/youtube_video/thumb/','uploads/video_tutorial/youtube_video/','1776843181-28305743569e879adda76f!1776843181.jpg','1776843181-28305743569e879adda76f!thumb_1776843181.jpg','https://www.youtube.com/watch?v=ap78aKXHSL8',1,'2026-04-22 10:33:02','2026-04-22 07:33:02');
/*!40000 ALTER TABLE `video_tutorial` ENABLE KEYS */;
UNLOCK TABLES;

--
-- Table structure for table `video_tutorial_class_sections`
--

DROP TABLE IF EXISTS `video_tutorial_class_sections`;
/*!40101 SET @saved_cs_client     = @@character_set_client */;
/*!50503 SET character_set_client = utf8mb4 */;
CREATE TABLE `video_tutorial_class_sections` (
  `id` int NOT NULL AUTO_INCREMENT,
  `video_tutorial_id` int NOT NULL,
  `class_section_id` int NOT NULL,
  `created_date` date NOT NULL,
  `created_at` timestamp NOT NULL DEFAULT CURRENT_TIMESTAMP,
  `updated_at` timestamp NOT NULL DEFAULT CURRENT_TIMESTAMP ON UPDATE CURRENT_TIMESTAMP,
  PRIMARY KEY (`id`),
  KEY `class_section_id` (`class_section_id`),
  KEY `video_tutorial_id` (`video_tutorial_id`),
  CONSTRAINT `video_tutorial_class_sections_ibfk_1` FOREIGN KEY (`class_section_id`) REFERENCES `class_sections` (`id`) ON DELETE CASCADE,
  CONSTRAINT `video_tutorial_class_sections_ibfk_2` FOREIGN KEY (`video_tutorial_id`) REFERENCES `video_tutorial` (`id`) ON DELETE CASCADE
) ENGINE=InnoDB AUTO_INCREMENT=16 DEFAULT CHARSET=utf8mb3;
/*!40101 SET character_set_client = @saved_cs_client */;

--
-- Dumping data for table `video_tutorial_class_sections`
--

LOCK TABLES `video_tutorial_class_sections` WRITE;
/*!40000 ALTER TABLE `video_tutorial_class_sections` DISABLE KEYS */;
INSERT INTO `video_tutorial_class_sections` VALUES (2,2,1,'2026-04-22','2026-04-22 06:41:17','2026-04-22 06:41:17'),(4,4,1,'2026-04-22','2026-04-22 06:50:13','2026-04-22 06:50:13'),(6,6,1,'2026-04-22','2026-04-22 07:33:02','2026-04-22 07:33:02'),(7,6,2,'2026-04-22','2026-04-22 07:33:02','2026-04-22 07:33:02'),(8,6,3,'2026-04-22','2026-04-22 07:33:02','2026-04-22 07:33:02'),(9,5,1,'2026-04-22','2026-04-22 07:36:10','2026-04-22 07:36:10'),(10,5,2,'2026-04-22','2026-04-22 07:36:10','2026-04-22 07:36:10'),(11,5,3,'2026-04-22','2026-04-22 07:36:10','2026-04-22 07:36:10'),(12,3,1,'2026-04-22','2026-04-22 07:37:13','2026-04-22 07:37:13'),(13,3,2,'2026-04-22','2026-04-22 07:37:13','2026-04-22 07:37:13'),(14,3,3,'2026-04-22','2026-04-22 07:37:13','2026-04-22 07:37:13'),(15,1,1,'2026-04-22','2026-04-22 07:37:55','2026-04-22 07:37:55');
/*!40000 ALTER TABLE `video_tutorial_class_sections` ENABLE KEYS */;
UNLOCK TABLES;

--
-- Table structure for table `visitors_book`
--

DROP TABLE IF EXISTS `visitors_book`;
/*!40101 SET @saved_cs_client     = @@character_set_client */;
/*!50503 SET character_set_client = utf8mb4 */;
CREATE TABLE `visitors_book` (
  `id` int NOT NULL AUTO_INCREMENT,
  `staff_id` int DEFAULT NULL,
  `student_session_id` int DEFAULT NULL,
  `source` varchar(100) DEFAULT NULL,
  `purpose` varchar(255) NOT NULL,
  `name` varchar(100) NOT NULL,
  `email` varchar(100) DEFAULT NULL,
  `contact` varchar(12) NOT NULL,
  `id_proof` varchar(50) NOT NULL,
  `no_of_people` int NOT NULL,
  `date` date NOT NULL,
  `in_time` varchar(20) NOT NULL,
  `out_time` varchar(20) NOT NULL,
  `note` text NOT NULL,
  `image` text,
  `meeting_with` varchar(20) NOT NULL,
  `created_at` timestamp NOT NULL DEFAULT CURRENT_TIMESTAMP,
  `updated_at` timestamp NOT NULL DEFAULT CURRENT_TIMESTAMP ON UPDATE CURRENT_TIMESTAMP,
  PRIMARY KEY (`id`),
  KEY `staff_id` (`staff_id`),
  KEY `student_session_id` (`student_session_id`),
  CONSTRAINT `visitors_book_ibfk_1` FOREIGN KEY (`staff_id`) REFERENCES `staff` (`id`) ON DELETE CASCADE,
  CONSTRAINT `visitors_book_ibfk_2` FOREIGN KEY (`student_session_id`) REFERENCES `student_session` (`id`) ON DELETE CASCADE
) ENGINE=InnoDB AUTO_INCREMENT=4 DEFAULT CHARSET=utf8mb3;
/*!40101 SET character_set_client = @saved_cs_client */;

--
-- Dumping data for table `visitors_book`
--

LOCK TABLES `visitors_book` WRITE;
/*!40000 ALTER TABLE `visitors_book` DISABLE KEYS */;
INSERT INTO `visitors_book` VALUES (1,2,NULL,NULL,'Admission Inquiry ','Ahmed Al-Qahtani',NULL,'+966 5012345','2345678901',2,'2026-04-21','11:27 AM','11:27 AM','Came to inquire about Grade 1 admission for his son',NULL,'staff','2026-04-21 06:29:58','2026-04-21 06:29:58'),(2,1,NULL,NULL,'General Information','Omar Al-Otaibi',NULL,'+966 5598765','0559876543',4,'2026-04-21','11:30 AM','11:30 AM','',NULL,'staff','2026-04-21 06:31:14','2026-04-21 06:31:14'),(3,4,NULL,NULL,' Transfer Certificate ','Khalid Al-Harbi',NULL,'+966 5012345','0501234563',2,'2026-04-21','11:31 AM','11:31 AM','',NULL,'staff','2026-04-21 06:32:08','2026-04-21 06:32:08');
/*!40000 ALTER TABLE `visitors_book` ENABLE KEYS */;
UNLOCK TABLES;

--
-- Table structure for table `visitors_purpose`
--

DROP TABLE IF EXISTS `visitors_purpose`;
/*!40101 SET @saved_cs_client     = @@character_set_client */;
/*!50503 SET character_set_client = utf8mb4 */;
CREATE TABLE `visitors_purpose` (
  `id` int NOT NULL AUTO_INCREMENT,
  `visitors_purpose` varchar(100) NOT NULL,
  `description` text NOT NULL,
  `created_at` timestamp NOT NULL DEFAULT CURRENT_TIMESTAMP,
  `updated_at` timestamp NOT NULL DEFAULT CURRENT_TIMESTAMP ON UPDATE CURRENT_TIMESTAMP,
  PRIMARY KEY (`id`)
) ENGINE=InnoDB AUTO_INCREMENT=7 DEFAULT CHARSET=utf8mb3;
/*!40101 SET character_set_client = @saved_cs_client */;

--
-- Dumping data for table `visitors_purpose`
--

LOCK TABLES `visitors_purpose` WRITE;
/*!40000 ALTER TABLE `visitors_purpose` DISABLE KEYS */;
INSERT INTO `visitors_purpose` VALUES (1,'Admission Inquiry ','','2026-04-16 11:10:06','2026-04-16 11:10:06'),(2,'Fee Inquiry ','','2026-04-16 11:10:25','2026-04-16 11:10:25'),(3,' Transfer Certificate ','','2026-04-16 11:10:46','2026-04-16 11:10:46'),(4,'General Information','','2026-04-16 11:10:58','2026-04-16 11:10:58'),(5,'Meeting with Teacher','','2026-04-16 11:11:13','2026-04-16 11:11:13');
/*!40000 ALTER TABLE `visitors_purpose` ENABLE KEYS */;
UNLOCK TABLES;
/*!40103 SET TIME_ZONE=@OLD_TIME_ZONE */;

/*!40101 SET SQL_MODE=@OLD_SQL_MODE */;
/*!40014 SET FOREIGN_KEY_CHECKS=@OLD_FOREIGN_KEY_CHECKS */;
/*!40014 SET UNIQUE_CHECKS=@OLD_UNIQUE_CHECKS */;
/*!40101 SET CHARACTER_SET_CLIENT=@OLD_CHARACTER_SET_CLIENT */;
/*!40101 SET CHARACTER_SET_RESULTS=@OLD_CHARACTER_SET_RESULTS */;
/*!40101 SET COLLATION_CONNECTION=@OLD_COLLATION_CONNECTION */;
/*!40111 SET SQL_NOTES=@OLD_SQL_NOTES */;

-- Dump completed on 2026-04-23 10:58:39
